Workbook

Sheet HOW TO USE
B1: 📊 PANDUAN PENGGUNAAN — DATA PENCAPAIAN 2026
B3: CARA PENGGUNAAN HARIAN
B4: LANGKAH 1 | C4: Buka sheet bulan yang aktif (JAN / FEB / MAR / dst.)
B5: LANGKAH 2 | C5: Pergi ke bagian INPUT DATA (sel berwarna kuning).
B6: LANGKAH 3 | C6: Drop / paste data dari file DATA MKS hari ini ke tabel INPUT MKS.
B7: LANGKAH 4 | C7: Drop / paste data dari file DATA NESTLE hari ini ke tabel INPUT NESTLE.
B8: LANGKAH 5 | C8: Update sel HARI TERSISA (kuning) dengan jumlah hari kerja yang tersisa di bulan ini.
B9: LANGKAH 6 | C9: Semua tabel FOOD & BEVERAGES dan NESTLE akan ter-update otomatis.
B11: ⚠ CATATAN PENTING
B12: MKS - Penggabungan | C12: I MADE LUIH + I Made Luih (Sanur) → digabung menjadi DENPASAR - SANUR
B13: MKS - Penggabungan | C13: Ni Ketut Sriasih (GT) + Ni Ketut Sriasih (MT) → digabung menjadi MODERN TRADE + GT
B14: MKS - Dikecualikan | C14: Management Bali → TIDAK dihitung dalam total
B15: MKS - Dikecualikan | C15: KA → dipindahkan ke perhitungan NESTLE (NP5)
B16: NESTLE - NP5 | C16: NP5 = nilai baris kosong (nama kosong) + KA dari MKS + NP5 raw
B17: NESTLE - NP3 | C17: NP3 final = NP3 raw + NP4 + NP5 (yang sudah dihitung di atas)
B18: TARGETS | C18: Target per sales per bulan diatur di sheet TARGETS — update di sana jika ada perubahan.
B19: MKS - BAKERY | C19: Global Food kini dipisah: urutan paste = GLOBAL (Food), BEVERAGE, BAKERY, BALIAN, Grand Total. Sel kosong otomatis dihitung 0. Target Bakery diisi di sheet TARGETS (kolom '<BULAN> BAKERY').

Sheet TARGETS
B1: TARGET BULANAN — FOOD & BEVERAGES + NESTLE
B3: FOOD & BEVERAGES TARGETS | D3: JAN | G3: FEB | J3: MAR | M3: APR | P3: MEI | S3: JUN | V3: JUL | Y3: AGU | AB3: SEP | AE3: OKT | AH3: NOV | AK3: DES
B4: AREA | C4: SALES | D4: JAN FOOD | E4: JAN BEV | F4: JAN BAKERY | G4: FEB FOOD | H4: FEB BEV | I4: FEB BAKERY | J4: MAR FOOD | K4: MAR BEV | L4: MAR BAKERY | M4: APR FOOD | N4: APR BEV | O4: APR BAKERY | P4: MEI FOOD | Q4: MEI BEV | R4: MEI BAKERY | S4: JUN FOOD | T4: JUN BEV | U4: JUN BAKERY | V4: JUL FOOD | W4: JUL BEV | X4: JUL BAKERY | Y4: AGU FOOD | Z4: AGU BEV | AA4: AGU BAKERY | AB4: SEP FOOD | AC4: SEP BEV | AD4: SEP BAKERY | AE4: OKT FOOD | AF4: OKT BEV | AG4: OKT BAKERY | AH4: NOV FOOD | AI4: NOV BEV | AJ4: NOV BAKERY | AK4: DES FOOD | AL4: DES BEV | AM4: DES BAKERY
B5: UBUD | C5: PICROM | D5: 341958382 | E5: 50089195 | F5: 0 | G5: 321645623 | H5: 42789365 | I5: 0 | J5: 317433802 | K5: 49588709 | L5: 0 | M5: 3.9668348e+08 | N5: 49588709 | O5: 0 | P5: 416683478 | Q5: 68270401 | R5: 0 | S5: 451683478 | T5: 101830423 | U5: 0 | V5: 4.9123718e+08 | W5: 76328678 | X5: 0 | Y5: 306848843 | Z5: 60640124 | AA5: 198385865 | AB5: 2.690478e+08 | AC5: 69550316 | AD5: 1.757694e+08 | AE5: 2.6475695e+08 | AF5: 58508748 | AG5: 1.7296879e+08 | AH5: 0 | AI5: 0 | AJ5: 0 | AK5: 0 | AL5: 0 | AM5: 0
B6: DENPASAR - SANUR | C6: I MADE LUIH | D6: 1058997546 | E6: 173866062 | F6: 0 | G6: 1018372028 | H6: 159266402 | I6: 0 | J6: 1009948386 | K6: 172865092 | L6: 0 | M6: 535182371 | N6: 172865092 | O6: 0 | P6: 555182371 | Q6: 191546784 | R6: 0 | S6: 590182371 | T6: 225106806 | U6: 0 | V6: 6.5745716e+08 | W6: 1.8126506e+08 | X6: 0 | Y6: 222144871 | Z6: 1.655765e+08 | AA6: 449309820 | AB6: 1.8434383e+08 | AC6: 1.744867e+08 | AD6: 4.2669336e+08 | AE6: 1.8005298e+08 | AF6: 1.6344513e+08 | AG6: 4.2389275e+08 | AH6: 0 | AI6: 0 | AJ6: 0 | AK6: 0 | AL6: 0 | AM6: 0
B7: NAUGHTY NURIS | C7: NN MADE LUIH | D7: 241473268 | E7: 0 | F7: 0 | G7: 0 | H7: 0 | I7: 0 | J7: 0 | K7: 0 | L7: 0 | M7: 241473268 | N7: 0 | O7: 0 | P7: 241473268 | R7: 0 | S7: 241473268 | U7: 0 | V7: 2.4895557e+08 | X7: 0 | Y7: 262953105 | AA7: 0 | AB7: 2.6295311e+08 | AC7: 0 | AD7: 0 | AE7: 2.6295311e+08 | AF7: 0 | AG7: 0 | AJ7: 0 | AM7: 0
B8: KUTA SELATAN - ULUWATU | C8: JUNI | D8: 491334077 | E8: 28700620 | F8: 0 | G8: 471021318 | H8: 21400790 | I8: 0 | J8: 466809497 | K8: 28200135 | L8: 0 | M8: 5.9071247e+08 | N8: 28200135 | O8: 0 | P8: 610712472 | Q8: 46881827 | R8: 0 | S8: 645712472 | T8: 80441848 | U8: 0 | V8: 7.2838728e+08 | W8: 51482867 | X8: 0 | Y8: 633046146 | Z8: 35794312 | AA8: 109338663 | AB8: 5.952451e+08 | AC8: 44704505 | AD8: 86722202 | AE8: 5.9095425e+08 | AF8: 33662937 | AG8: 83921592 | AH8: 0 | AI8: 0 | AJ8: 0 | AK8: 0 | AL8: 0 | AM8: 0
B9: KUTA - INDUSTRI | C9: WAHYU FIB | D9: 475292301 | E9: 74028954 | F9: 0 | G9: 454979542 | H9: 66729124 | I9: 0 | J9: 450767722 | K9: 73528469 | L9: 0 | M9: 3.9506328e+08 | N9: 73528469 | O9: 0 | P9: 405063284 | Q9: 82869315 | R9: 0 | S9: 508918832 | T9: 80519404 | U9: 0 | V9: 4.8231218e+08 | W9: 70286112 | X9: 0 | Y9: 5575802 | Z9: 54597558 | AA9: 490733908 | AB9: 5575802 | AC9: 63507750 | AD9: 4.6811745e+08 | AE9: 5575802 | AF9: 63507750 | AG9: 4.6811745e+08 | AH9: 0 | AI9: 0 | AJ9: 0 | AK9: 0 | AL9: 0 | AM9: 0
B10: KUTA - HOTEL | C10: RONALD | D10: 519152974 | E10: 72399034 | F10: 0 | G10: 498840215 | H10: 65099204 | I10: 0 | J10: 494628394 | K10: 71898548 | L10: 0 | M10: 4.6391883e+08 | N10: 71898548 | O10: 0 | P10: 473918832 | Q10: 81239394 | R10: 0 | S10: 440063284 | T10: 82149325 | U10: 0 | V10: 5.05192e+08 | W10: 1.2295232e+08 | X10: 0 | Y10: 309612765 | Z10: 1.0726377e+08 | AA10: 209576770 | AB10: 2.7181172e+08 | AC10: 1.1617396e+08 | AD10: 1.8696031e+08 | AE10: 2.6752087e+08 | AF10: 1.0513239e+08 | AG10: 1.841597e+08 | AH10: 0 | AI10: 0 | AJ10: 0 | AK10: 0 | AL10: 0 | AM10: 0
B11: KUTA SELATAN - NUSA DUA (HOTEL) | C11: MONICA | D11: 919556575 | E11: 73747369 | F11: 0 | G11: 899243816 | H11: 66447539 | I11: 0 | J11: 895031995 | K11: 73246884 | L11: 0 | M11: 9.4175835e+08 | N11: 73246884 | O11: 0 | P11: 961758345 | Q11: 91928576 | R11: 0 | S11: 996758345 | T11: 125488598 | U11: 0 | V11: 1.0612454e+09 | W11: 1.01137e+08 | X11: 0 | Y11: 706692044 | Z11: 85448443 | AA11: 368550890 | AB11: 6.68891e+08 | AC11: 94358636 | AD11: 3.4593443e+08 | AE11: 6.6460015e+08 | AF11: 83317068 | AG11: 3.4313382e+08 | AH11: 0 | AI11: 0 | AJ11: 0 | AK11: 0 | AL11: 0 | AM11: 0
B12: SEMINYAK | C12: SUJANA | D12: 988070138 | E12: 45600197 | F12: 0 | G12: 967757378 | H12: 38300367 | I12: 0 | J12: 963545558 | K12: 45099712 | L12: 0 | M12: 485287059 | N12: 45099712 | O12: 0 | P12: 505287059 | Q12: 63781404 | R12: 0 | S12: 540287059 | T12: 97341426 | U12: 0 | V12: 5.6311417e+08 | W12: 1.0466503e+08 | X12: 0 | Y12: 302084971 | Z12: 88976480 | AA12: 275026731 | AB12: 2.6428393e+08 | AC12: 97886673 | AD12: 2.5241027e+08 | AE12: 2.5999308e+08 | AF12: 86845105 | AG12: 2.4960966e+08 | AH12: 0 | AI12: 0 | AJ12: 0 | AK12: 0 | AL12: 0 | AM12: 0
B13: NAUGHTY NURIS | C13: NN SUJANA | D13: 404133664 | E13: 0 | F13: 0 | G13: 0 | H13: 0 | I13: 0 | J13: 0 | K13: 0 | L13: 0 | M13: 404133664 | N13: 0 | O13: 0 | P13: 404133664 | R13: 0 | S13: 404133664 | U13: 0 | V13: 4.2984918e+08 | X13: 0 | Y13: 443846716 | AA13: 0 | AB13: 4.4384672e+08 | AC13: 0 | AD13: 0 | AE13: 4.4384672e+08 | AF13: 0 | AG13: 0 | AJ13: 0 | AM13: 0
B14: KUTA - LEGIAN | C14: WAHYU | D14: 479914486 | E14: 120283183 | F14: 0 | G14: 459601727 | H14: 112983353 | I14: 0 | J14: 455389906 | K14: 119782698 | L14: 0 | M14: 3.8401731e+08 | N14: 119782698 | O14: 0 | P14: 404017309 | Q14: 1.3846439e+08 | R14: 0 | S14: 439017309 | T14: 172024412 | U14: 0 | V14: 5.1472111e+08 | W14: 1.1766343e+08 | X14: 0 | Y14: 387829132 | Z14: 1.0197488e+08 | AA14: 140889511 | AB14: 3.5002809e+08 | AC14: 1.1088507e+08 | AD14: 1.1827305e+08 | AE14: 3.4573724e+08 | AF14: 99843502 | AG14: 1.1547244e+08 | AH14: 0 | AI14: 0 | AJ14: 0 | AK14: 0 | AL14: 0 | AM14: 0
B15: CANGGU 1 | C15: TAUFIK | D15: 564064928 | E15: 40560395 | F15: 0 | G15: 543752169 | H15: 33260564 | I15: 0 | J15: 539540348 | K15: 40059909 | L15: 0 | M15: 6.116296e+08 | N15: 40059909 | O15: 0 | P15: 631629596 | Q15: 58741601 | R15: 0 | S15: 666629596 | T15: 92301622 | U15: 0 | V15: 6.9884518e+08 | W15: 70945961 | X15: 0 | Y15: 518888039 | Z15: 55257406 | AA15: 193954669 | AB15: 4.8108699e+08 | AC15: 64167599 | AD15: 1.7133821e+08 | AE15: 4.7679614e+08 | AF15: 53126031 | AG15: 1.685376e+08 | AH15: 0 | AI15: 0 | AJ15: 0 | AK15: 0 | AL15: 0 | AM15: 0
B16: CANGGU 2 | C16: DEWI KRISTIANI | D16: 365124134 | E16: 45582949 | F16: 0 | G16: 344811375 | H16: 38283119 | I16: 0 | J16: 340599555 | K16: 45082463 | L16: 0 | M16: 3.6654302e+08 | N16: 45082463 | O16: 0 | P16: 386543023 | Q16: 63764155 | R16: 0 | S16: 421543023 | T16: 97324176 | U16: 0 | V16: 4.8187036e+08 | W16: 48351229 | X16: 0 | Y16: 210599044 | Z16: 32662674 | AA16: 285268852 | AB16: 1.72798e+08 | AC16: 41572867 | AD16: 2.6265239e+08 | AE16: 1.6850715e+08 | AF16: 30531299 | AG16: 2.5985178e+08 | AH16: 0 | AI16: 0 | AJ16: 0 | AK16: 0 | AL16: 0 | AM16: 0
B17: GT + FOODY | C17: WIRA | D17: 533473768 | E17: 311625739 | F17: 0 | G17: 513161009 | H17: 304325909 | I17: 0 | J17: 508949188 | K17: 311125253 | L17: 0 | M17: 5.6335094e+08 | N17: 311125253 | O17: 0 | P17: 583350942 | Q17: 3.2980694e+08 | R17: 0 | S17: 618350942 | T17: 363366966 | U17: 0 | V17: 7.0605493e+08 | W17: 3.261174e+08 | X17: 0 | Y17: 452060736 | Z17: 3.1042885e+08 | AA17: 267991724 | AB17: 4.1425969e+08 | AC17: 3.1933904e+08 | AD17: 2.4537526e+08 | AE17: 4.0996884e+08 | AF17: 3.0829747e+08 | AG17: 2.4257465e+08 | AH17: 0 | AI17: 0 | AJ17: 0 | AK17: 0 | AL17: 0 | AM17: 0
B18: MODERN TRADE + GENERAL TRADE | C18: SRIASIH | D18: 332561215 | E18: 240289310 | F18: 0 | G18: 291935697 | H18: 225689650 | I18: 0 | J18: 283512056 | K18: 239288340 | L18: 0 | M18: 2.3952569e+08 | N18: 239288340 | O18: 0 | P18: 259525689 | Q18: 2.5797003e+08 | R18: 0 | S18: 294525689 | T18: 291530053 | U18: 0 | V18: 3.786021e+08 | W18: 2.1151056e+08 | X18: 0 | Y18: 165415307 | Z18: 1.95822e+08 | AA18: 227184322 | AB18: 1.2761426e+08 | AC18: 2.047322e+08 | AD18: 2.0456786e+08 | AE18: 1.2332341e+08 | AF18: 1.9369063e+08 | AG18: 2.0176725e+08 | AH18: 0 | AI18: 0 | AJ18: 0 | AK18: 0 | AL18: 0 | AM18: 0
B20: NESTLE TARGETS
B21: CHANNEL | C21: SALES | D21: JAN | E21: FEB | F21: MAR | G21: APR | H21: MEI | I21: JUN | J21: JUL | K21: AGU | L21: SEP | M21: OKT | N21: NOV | O21: DES
B22: NP - 1 | C22: RIDWAN | D22: 333545989 | E22: 332600635 | F22: 323873505 | G22: 2.793919e+08 | H22: 2.7806462e+08 | I22: 285530553 | J22: 2.9313694e+08 | K22: 2.9810147e+08 | L22: 2.562575e+08 | M22: 2.6937807e+08 | N22: 0 | O22: 0
B23: NP - 2 | C23: VACANT | D23: 439764978 | E23: 467649702 | F23: 455379010 | G23: 4.1961196e+08 | H23: 4.1761855e+08 | I23: 428831462 | J23: 4.3643784e+08 | K23: 4.4140238e+08 | L23: 3.9955841e+08 | M23: 4.1267898e+08 | N23: 0 | O23: 0
B24: NP - 3 | C24: GEK MAS | D24: 403437384 | E24: 1016486951 | F24: 989815282 | G24: 1.0924855e+09 | H24: 1.0872956e+09 | I24: 1116489049 | J24: 1121489049 | K24: 1.1264536e+09 | L24: 1.0846096e+09 | M24: 1.0977302e+09 | N24: 0 | O24: 0
B25: NP - 4 | C25: VACANT | D25: 490272925 | E25: 0 | F25: 0 | G25: 0 | H25: 0 | I25: 0 | J25: 0 | K25: 0 | L25: 0 | M25: 0 | N25: 0 | O25: 0
B26: NP - 5 | C26: - | D26: 0 | E26: 0 | F26: 0 | G26: 0 | H26: 0 | I26: 0 | J26: 0 | K26: 0 | L26: 0 | M26: 0 | N26: 0 | O26: 0
B29: 💡 Sel berwarna KUNING dapat diubah untuk memperbarui target. Angka biru = input manual.

Sheet JAN
B1: DATA PENCAPAIAN — FEBRUARY 2026 | G1: ⚙️ KALENDER KERJA — INPUT MANUAL
G2: Total hari kalender bulan ini (auto) | J2: =E3 -> 31
B3: HARI TERSISA (auto): | C3: =IF($J$5<>"",$J$5,MAX(0,NETWORKDAYS.INTL(MAX(TODAY(),DATE(YEAR(TODAY()),1,1)),EOMONTH(DATE(YEAR(TODAY()),1,1),0),11)-MAX(0,$J$3-$J$4))) -> 0 | D3: Hari kerja tersisa bulan ini (Sab s/d akhir bulan) — otomatis | E3: =DAY(EOMONTH(DATE(YEAR(TODAY()),1,1),0)) -> 31 | G3: Total hari LIBUR / OFF bulan ini | J3: 0
G4: Libur yang SUDAH lewat | J4: 0
G5: Override HARI TERSISA (kosong = auto)
B6: 📥 INPUT DATA HARIAN — Paste dari file sistem di sini | P6: FOOD_ACHIV (calc) | Q6: BEV_ACHIV (calc)
B7: INPUT: DATA MKS (FOOD & BEVERAGES) | P7: =C9 -> 0 | Q7: =D9 -> 0
B8: Nama_Kry | C8: FOOD | D8: BEVERAGE | E8: Grand Total | P8: =C22 -> 0 | Q8: =D22 -> 0
P9: =C12+C13 -> 0 | Q9: =D12+D13 -> 0
B10: Dewi Kristiani | P10: =C14 -> 0 | Q10: =D14 -> 0
B11: Eka | P11: =C17 -> 0 | Q11: =D17 -> 0
B12: I MADE LUIH | P12: =C16 -> 0 | Q12: =D16 -> 0
B13: I Made Luih (Sanur) | P13: =C19 -> 0 | Q13: =D19 -> 0
B14: Juni | P14: =C23 -> 0 | Q14: =D23 -> 0
B15: KA | P15: =C11 -> 0 | Q15: =D11 -> 0
B16: LANI | P16: =C24 -> 0 | Q16: =D24 -> 0
B17: Lani P | P17: =C10 -> 0 | Q17: =D10 -> 0
B18: Management Bali | P18: =C25 -> 0 | Q18: =D25 -> 0
B19: Monica | P19: =C20+C21 -> 0 | Q19: =D20+D21 -> 0
B20: Ni Ketut Sriasih (GT) | P20: =IFERROR(C29,0)+IFERROR(C15,0)+IFERROR(C34,0) -> 0 | Q20: NP5_calc
B21: Ni Ketut Sriasih (MT) | P21: =IFERROR(C32,0)+IFERROR(C33,0)+P20 -> 0 | Q21: NP3_final
B22: Picrom Stalyon
B23: Sujana
B24: Taufik
B25: Wira
B27: INPUT: DATA NESTLE
B28: Nama Kry | C28: Total
B30: NP1
B31: NP2
B32: NP3
B33: NP4
B34: NP5
B39: DATA PENCAPAIAN — GLOBAL — APRIL 2026 | E39: TARGET | F39: 1
B40: KATAGORI | C40: AREA | D40: TARGET | E40: ACHIEVEMENT | F40: % | G40: SELISIH | H40: PER HARI
B41: FOOD | C41: HORECA, GT, MT | D41: =SUM(TARGETS!D5:D18) -> 7715107456 | E41: =P8+P9+P10+P11+P12+P13+P14+P15+P16+P17+P18+P19 -> 0 | F41: =IFERROR(E41/D41,0) -> 0 | G41: =D41-E41 -> 7715107456 | H41: =IFERROR(G41/C3,0) -> 0
B42: BEVERAGE | C42: HORECA, GT, MT | D42: =SUM(TARGETS!E5:E18) -> 1276773007 | E42: =Q8+Q9+Q10+Q11+Q12+Q13+Q14+Q15+Q16+Q17+Q18+Q19 -> 0 | F42: =IFERROR(E42/D42,0) -> 0 | G42: =D42-E42 -> 1276773007 | H42: =IFERROR(G42/C3,0) -> 0
B43: NESTLE | C43: HORECA, GT, MT | D43: =SUM(TARGETS!D22:D26) -> 1667021276 | E43: =IFERROR(C30,0)+IFERROR(C31,0)+P21+E9 -> 0 | F43: =IFERROR(E43/D43,0) -> 0 | G43: =D43-E43 -> 1667021276 | H43: =IFERROR(G43/C3,0) -> 0
B44: TOTAL | D44: =D41+D42+D43 -> 10658901739 | E44: =E41+E42+E43 -> 0 | F44: =IFERROR(E44/D44,0) -> 0 | G44: =G41+G42+G43 -> 10658901739 | H44: =IFERROR(G44/C3,0) -> 0
B46: FOOD & BEVERAGES
B47: AREA | C47: SALES | D47: TARGET | G47: ACHIEVEMENT | J47: % | K47: SELISIH (Target - Achiv) | N47: PER HARI (sisa hari)
D48: Food | E48: Beverage | F48: Total | G48: Food | H48: Beverage | I48: Total | K48: FOOD | L48: BEVERAGE | M48: TOTAL
B49: UBUD | C49: PICROM | D49: =TARGETS!D5 -> 341958382 | E49: =TARGETS!E5 -> 50089195 | F49: =D49+E49 -> 392047577 | G49: =P8 -> 0 | H49: =Q8 -> 0 | I49: =G49+H49 -> 0 | J49: =IFERROR(I49/F49,0) -> 0 | K49: =D49-G49 -> 341958382 | L49: =E49-H49 -> 50089195 | M49: =F49-I49 -> 392047577 | N49: =IFERROR(M49/C3,0) -> 0
B50: DENPASAR - SANUR | C50: I MADE LUIH | D50: =TARGETS!D6 -> 1058997546 | E50: =TARGETS!E6 -> 173866062 | F50: =D50+E50 -> 1232863608 | G50: =P9 -> 0 | H50: =Q9 -> 0 | I50: =G50+H50 -> 0 | J50: =IFERROR(I50/F50,0) -> 0 | K50: =D50-G50 -> 1058997546 | L50: =E50-H50 -> 173866062 | M50: =F50-I50 -> 1232863608 | N50: =IFERROR(M50/C3,0) -> 0
B51: KUTA SELATAN - ULUWATU | C51: JUNI | D51: =TARGETS!D8 -> 491334077 | E51: =TARGETS!E8 -> 28700620 | F51: =D51+E51 -> 520034697 | G51: =P10 -> 0 | H51: =Q10 -> 0 | I51: =G51+H51 -> 0 | J51: =IFERROR(I51/F51,0) -> 0 | K51: =D51-G51 -> 491334077 | L51: =E51-H51 -> 28700620 | M51: =F51-I51 -> 520034697 | N51: =IFERROR(M51/C3,0) -> 0
B52: KUTA - INDUSTRI | C52: LANI | D52: =TARGETS!D9 -> 475292301 | E52: =TARGETS!E9 -> 74028954 | F52: =D52+E52 -> 549321255 | G52: =P11 -> 0 | H52: =Q11 -> 0 | I52: =G52+H52 -> 0 | J52: =IFERROR(I52/F52,0) -> 0 | K52: =D52-G52 -> 475292301 | L52: =E52-H52 -> 74028954 | M52: =F52-I52 -> 549321255 | N52: =IFERROR(M52/C3,0) -> 0
B53: KUTA - HOTEL | C53: LANI | D53: =TARGETS!D10 -> 519152974 | E53: =TARGETS!E10 -> 72399034 | F53: =D53+E53 -> 591552008 | G53: =P12 -> 0 | H53: =Q12 -> 0 | I53: =G53+H53 -> 0 | J53: =IFERROR(I53/F53,0) -> 0 | K53: =D53-G53 -> 519152974 | L53: =E53-H53 -> 72399034 | M53: =F53-I53 -> 591552008 | N53: =IFERROR(M53/C3,0) -> 0
B54: KUTA SELATAN - NUSA DUA (HOTEL) | C54: MONICA | D54: =TARGETS!D11 -> 919556575 | E54: =TARGETS!E11 -> 73747369 | F54: =D54+E54 -> 993303944 | G54: =P13 -> 0 | H54: =Q13 -> 0 | I54: =G54+H54 -> 0 | J54: =IFERROR(I54/F54,0) -> 0 | K54: =D54-G54 -> 919556575 | L54: =E54-H54 -> 73747369 | M54: =F54-I54 -> 993303944 | N54: =IFERROR(M54/C3,0) -> 0
B55: SEMINYAK | C55: SUJANA | D55: =TARGETS!D12 -> 988070138 | E55: =TARGETS!E12 -> 45600197 | F55: =D55+E55 -> 1033670335 | G55: =P14 -> 0 | H55: =Q14 -> 0 | I55: =G55+H55 -> 0 | J55: =IFERROR(I55/F55,0) -> 0 | K55: =D55-G55 -> 988070138 | L55: =E55-H55 -> 45600197 | M55: =F55-I55 -> 1033670335 | N55: =IFERROR(M55/C3,0) -> 0
B56: KUTA - LEGIAN | C56: EKA | D56: =TARGETS!D14 -> 479914486 | E56: =TARGETS!E14 -> 120283183 | F56: =D56+E56 -> 600197669 | G56: =P15 -> 0 | H56: =Q15 -> 0 | I56: =G56+H56 -> 0 | J56: =IFERROR(I56/F56,0) -> 0 | K56: =D56-G56 -> 479914486 | L56: =E56-H56 -> 120283183 | M56: =F56-I56 -> 600197669 | N56: =IFERROR(M56/C3,0) -> 0
B57: CANGGU 1 | C57: TAUFIK | D57: =TARGETS!D15 -> 564064928 | E57: =TARGETS!E15 -> 40560395 | F57: =D57+E57 -> 604625323 | G57: =P16 -> 0 | H57: =Q16 -> 0 | I57: =G57+H57 -> 0 | J57: =IFERROR(I57/F57,0) -> 0 | K57: =D57-G57 -> 564064928 | L57: =E57-H57 -> 40560395 | M57: =F57-I57 -> 604625323 | N57: =IFERROR(M57/C3,0) -> 0
B58: CANGGU 2 | C58: DEWI KRISTIANI | D58: =TARGETS!D16 -> 365124134 | E58: =TARGETS!E16 -> 45582949 | F58: =D58+E58 -> 410707083 | G58: =P17 -> 0 | H58: =Q17 -> 0 | I58: =G58+H58 -> 0 | J58: =IFERROR(I58/F58,0) -> 0 | K58: =D58-G58 -> 365124134 | L58: =E58-H58 -> 45582949 | M58: =F58-I58 -> 410707083 | N58: =IFERROR(M58/C3,0) -> 0
B59: GT + FOODY | C59: WIRA | D59: =TARGETS!D17 -> 533473768 | E59: =TARGETS!E17 -> 311625739 | F59: =D59+E59 -> 845099507 | G59: =P18 -> 0 | H59: =Q18 -> 0 | I59: =G59+H59 -> 0 | J59: =IFERROR(I59/F59,0) -> 0 | K59: =D59-G59 -> 533473768 | L59: =E59-H59 -> 311625739 | M59: =F59-I59 -> 845099507 | N59: =IFERROR(M59/C3,0) -> 0
B60: MODERN TRADE + GENERAL TRADE | C60: SRIASIH | D60: =TARGETS!D18 -> 332561215 | E60: =TARGETS!E18 -> 240289310 | F60: =D60+E60 -> 572850525 | G60: =P19 -> 0 | H60: =Q19 -> 0 | I60: =G60+H60 -> 0 | J60: =IFERROR(I60/F60,0) -> 0 | K60: =D60-G60 -> 332561215 | L60: =E60-H60 -> 240289310 | M60: =F60-I60 -> 572850525 | N60: =IFERROR(M60/C3,0) -> 0
B61: GRAND TOTAL | D61: =SUM(D49:D60) -> 7069500524 | E61: =SUM(E49:E60) -> 1276773007 | F61: =SUM(F49:F60) -> 8346273531 | G61: =SUM(G49:G60) -> 0 | H61: =SUM(H49:H60) -> 0 | I61: =SUM(I49:I60) -> 0 | J61: =IFERROR(I61/F61,0) -> 0 | K61: =SUM(K49:K60) -> 7069500524 | L61: =SUM(L49:L60) -> 1276773007 | M61: =SUM(M49:M60) -> 8346273531 | N61: =IFERROR(M61/C3,0) -> 0
B63: NESTLE
B64: CHANNEL / AREA | C64: SALES | D64: TARGET | E64: ACHIEVEMENT | F64: % | G64: SELISIH | H64: PER HARI
B65: NP - 1 | C65: RIDWAN | D65: =TARGETS!D22 -> 333545989 | E65: =IFERROR(C30,0) -> 0 | F65: =IFERROR(E65/D65,0) -> 0 | G65: =D65-E65 -> 333545989 | H65: =IFERROR(G65/C3,0) -> 0
B66: NP - 2 | C66: REDI | D66: =TARGETS!D23 -> 439764978 | E66: =IFERROR(C31,0) -> 0 | F66: =IFERROR(E66/D66,0) -> 0 | G66: =D66-E66 -> 439764978 | H66: =IFERROR(G66/C3,0) -> 0
B67: NP - 3 | C67: GEK MAS | D67: =TARGETS!D24 -> 403437384 | E67: =P21+P7 -> 0 | F67: =IFERROR(E67/D67,0) -> 0 | G67: =D67-E67 -> 403437384 | H67: =IFERROR(G67/C3,0) -> 0
B68: NP - 4 | C68: VACANT | D68: =TARGETS!D25 -> 490272925 | E68: =0 -> 0 | F68: =IFERROR(E68/D68,0) -> 0 | G68: =D68-E68 -> 490272925 | H68: =IFERROR(G68/C3,0) -> 0
B69: NP - 5 | C69: - | D69: =TARGETS!D26 -> 0 | E69: =0 -> 0 | F69: =IFERROR(E69/D69,0) -> 0 | G69: =D69-E69 -> 0 | H69: =IFERROR(G69/C3,0) -> 0
B70: GRAND TOTAL | D70: =SUM(D65:D69) -> 1667021276 | E70: =SUM(E65:E69) -> 0 | F70: =IFERROR(E70/D70,0) -> 0 | G70: =SUM(G65:G69) -> 1667021276 | H70: =IFERROR(G70/C3,0) -> 0

Sheet FEB
B1: DATA PENCAPAIAN — FEBRUARY 2026 | G1: ⚙️ KALENDER KERJA — INPUT MANUAL
G2: Total hari kalender bulan ini (auto) | J2: =E3 -> 28
B3: HARI TERSISA (auto): | C3: =IF($J$5<>"",$J$5,MAX(0,NETWORKDAYS.INTL(MAX(TODAY(),DATE(YEAR(TODAY()),2,1)),EOMONTH(DATE(YEAR(TODAY()),2,1),0),11)-MAX(0,$J$3-$J$4))) -> 0 | D3: Hari kerja tersisa bulan ini (Sab s/d akhir bulan) — otomatis | E3: =DAY(EOMONTH(DATE(YEAR(TODAY()),2,1),0)) -> 28 | G3: Total hari LIBUR / OFF bulan ini | J3: 0
G4: Libur yang SUDAH lewat | J4: 0
G5: Override HARI TERSISA (kosong = auto)
B6: 📥 INPUT DATA HARIAN — Paste dari file sistem di sini | P6: FOOD_ACHIV (calc) | Q6: BEV_ACHIV (calc)
B7: INPUT: DATA MKS (FOOD & BEVERAGES) | P7: =C9 -> 0 | Q7: =D9 -> 0
B8: Nama_Kry | C8: FOOD | D8: BEVERAGE | E8: Grand Total | P8: =C22 -> 0 | Q8: =D22 -> 0
P9: =C12+C13 -> 0 | Q9: =D12+D13 -> 0
B10: Dewi Kristiani | P10: =C14 -> 0 | Q10: =D14 -> 0
B11: Eka | P11: =C17 -> 0 | Q11: =D17 -> 0
B12: I MADE LUIH | P12: =C16 -> 0 | Q12: =D16 -> 0
B13: I Made Luih (Sanur) | P13: =C19 -> 0 | Q13: =D19 -> 0
B14: Juni | P14: =C23 -> 0 | Q14: =D23 -> 0
B15: KA | P15: =C11 -> 0 | Q15: =D11 -> 0
B16: LANI | P16: =C24 -> 0 | Q16: =D24 -> 0
B17: Lani P | P17: =C10 -> 0 | Q17: =D10 -> 0
B18: Management Bali | P18: =C25 -> 0 | Q18: =D25 -> 0
B19: Monica | P19: =C20+C21 -> 0 | Q19: =D20+D21 -> 0
B20: Ni Ketut Sriasih (GT) | P20: =IFERROR(C29,0)+IFERROR(C15,0)+IFERROR(C34,0) -> 0 | Q20: NP5_calc
B21: Ni Ketut Sriasih (MT) | P21: =IFERROR(C32,0)+IFERROR(C33,0)+P20 -> 0 | Q21: NP3_final
B22: Picrom Stalyon
B23: Sujana
B24: Taufik
B25: Wira
B27: INPUT: DATA NESTLE
B28: Nama Kry | C28: Total
B30: NP1
B31: NP2
B32: NP3
B33: NP4
B34: NP5
B39: DATA PENCAPAIAN — GLOBAL — APRIL 2026 | E39: TARGET | F39: 1
B40: KATAGORI | C40: AREA | D40: TARGET | E40: ACHIEVEMENT | F40: % | G40: SELISIH | H40: PER HARI
B41: FOOD | C41: HORECA, GT, MT | D41: =SUM(TARGETS!G5:G18) -> 6785121897 | E41: =P8+P9+P10+P11+P12+P13+P14+P15+P16+P17+P18+P19 -> 0 | F41: =IFERROR(E41/D41,0) -> 0 | G41: =D41-E41 -> 6785121897 | H41: =IFERROR(G41/C3,0) -> 0
B42: BEVERAGE | C42: HORECA, GT, MT | D42: =SUM(TARGETS!H5:H18) -> 1174575386 | E42: =Q8+Q9+Q10+Q11+Q12+Q13+Q14+Q15+Q16+Q17+Q18+Q19 -> 0 | F42: =IFERROR(E42/D42,0) -> 0 | G42: =D42-E42 -> 1174575386 | H42: =IFERROR(G42/C3,0) -> 0
B43: NESTLE | C43: HORECA, GT, MT | D43: =SUM(TARGETS!E22:E26) -> 1816737288 | E43: =IFERROR(C30,0)+IFERROR(C31,0)+P21+E9 -> 0 | F43: =IFERROR(E43/D43,0) -> 0 | G43: =D43-E43 -> 1816737288 | H43: =IFERROR(G43/C3,0) -> 0
B44: TOTAL | D44: =D41+D42+D43 -> 9776434571 | E44: =E41+E42+E43 -> 0 | F44: =IFERROR(E44/D44,0) -> 0 | G44: =G41+G42+G43 -> 9776434571 | H44: =IFERROR(G44/C3,0) -> 0
B46: FOOD & BEVERAGES
B47: AREA | C47: SALES | D47: TARGET | G47: ACHIEVEMENT | J47: % | K47: SELISIH (Target - Achiv) | N47: PER HARI (sisa hari)
D48: Food | E48: Beverage | F48: Total | G48: Food | H48: Beverage | I48: Total | K48: FOOD | L48: BEVERAGE | M48: TOTAL
B49: UBUD | C49: PICROM | D49: =TARGETS!G5 -> 321645623 | E49: =TARGETS!H5 -> 42789365 | F49: =D49+E49 -> 364434988 | G49: =P8 -> 0 | H49: =Q8 -> 0 | I49: =G49+H49 -> 0 | J49: =IFERROR(I49/F49,0) -> 0 | K49: =D49-G49 -> 321645623 | L49: =E49-H49 -> 42789365 | M49: =F49-I49 -> 364434988 | N49: =IFERROR(M49/C3,0) -> 0
B50: DENPASAR - SANUR | C50: I MADE LUIH | D50: =TARGETS!G6 -> 1018372028 | E50: =TARGETS!H6 -> 159266402 | F50: =D50+E50 -> 1177638430 | G50: =P9 -> 0 | H50: =Q9 -> 0 | I50: =G50+H50 -> 0 | J50: =IFERROR(I50/F50,0) -> 0 | K50: =D50-G50 -> 1018372028 | L50: =E50-H50 -> 159266402 | M50: =F50-I50 -> 1177638430 | N50: =IFERROR(M50/C3,0) -> 0
B51: KUTA SELATAN - ULUWATU | C51: JUNI | D51: =TARGETS!G8 -> 471021318 | E51: =TARGETS!H8 -> 21400790 | F51: =D51+E51 -> 492422108 | G51: =P10 -> 0 | H51: =Q10 -> 0 | I51: =G51+H51 -> 0 | J51: =IFERROR(I51/F51,0) -> 0 | K51: =D51-G51 -> 471021318 | L51: =E51-H51 -> 21400790 | M51: =F51-I51 -> 492422108 | N51: =IFERROR(M51/C3,0) -> 0
B52: KUTA - INDUSTRI | C52: LANI | D52: =TARGETS!G9 -> 454979542 | E52: =TARGETS!H9 -> 66729124 | F52: =D52+E52 -> 521708666 | G52: =P11 -> 0 | H52: =Q11 -> 0 | I52: =G52+H52 -> 0 | J52: =IFERROR(I52/F52,0) -> 0 | K52: =D52-G52 -> 454979542 | L52: =E52-H52 -> 66729124 | M52: =F52-I52 -> 521708666 | N52: =IFERROR(M52/C3,0) -> 0
B53: KUTA - HOTEL | C53: LANI | D53: =TARGETS!G10 -> 498840215 | E53: =TARGETS!H10 -> 65099204 | F53: =D53+E53 -> 563939419 | G53: =P12 -> 0 | H53: =Q12 -> 0 | I53: =G53+H53 -> 0 | J53: =IFERROR(I53/F53,0) -> 0 | K53: =D53-G53 -> 498840215 | L53: =E53-H53 -> 65099204 | M53: =F53-I53 -> 563939419 | N53: =IFERROR(M53/C3,0) -> 0
B54: KUTA SELATAN - NUSA DUA (HOTEL) | C54: MONICA | D54: =TARGETS!G11 -> 899243816 | E54: =TARGETS!H11 -> 66447539 | F54: =D54+E54 -> 965691355 | G54: =P13 -> 0 | H54: =Q13 -> 0 | I54: =G54+H54 -> 0 | J54: =IFERROR(I54/F54,0) -> 0 | K54: =D54-G54 -> 899243816 | L54: =E54-H54 -> 66447539 | M54: =F54-I54 -> 965691355 | N54: =IFERROR(M54/C3,0) -> 0
B55: SEMINYAK | C55: SUJANA | D55: =TARGETS!G12 -> 967757378 | E55: =TARGETS!H12 -> 38300367 | F55: =D55+E55 -> 1006057745 | G55: =P14 -> 0 | H55: =Q14 -> 0 | I55: =G55+H55 -> 0 | J55: =IFERROR(I55/F55,0) -> 0 | K55: =D55-G55 -> 967757378 | L55: =E55-H55 -> 38300367 | M55: =F55-I55 -> 1006057745 | N55: =IFERROR(M55/C3,0) -> 0
B56: KUTA - LEGIAN | C56: EKA | D56: =TARGETS!G14 -> 459601727 | E56: =TARGETS!H14 -> 112983353 | F56: =D56+E56 -> 572585080 | G56: =P15 -> 0 | H56: =Q15 -> 0 | I56: =G56+H56 -> 0 | J56: =IFERROR(I56/F56,0) -> 0 | K56: =D56-G56 -> 459601727 | L56: =E56-H56 -> 112983353 | M56: =F56-I56 -> 572585080 | N56: =IFERROR(M56/C3,0) -> 0
B57: CANGGU 1 | C57: TAUFIK | D57: =TARGETS!G15 -> 543752169 | E57: =TARGETS!H15 -> 33260564 | F57: =D57+E57 -> 577012733 | G57: =P16 -> 0 | H57: =Q16 -> 0 | I57: =G57+H57 -> 0 | J57: =IFERROR(I57/F57,0) -> 0 | K57: =D57-G57 -> 543752169 | L57: =E57-H57 -> 33260564 | M57: =F57-I57 -> 577012733 | N57: =IFERROR(M57/C3,0) -> 0
B58: CANGGU 2 | C58: DEWI KRISTIANI | D58: =TARGETS!G16 -> 344811375 | E58: =TARGETS!H16 -> 38283119 | F58: =D58+E58 -> 383094494 | G58: =P17 -> 0 | H58: =Q17 -> 0 | I58: =G58+H58 -> 0 | J58: =IFERROR(I58/F58,0) -> 0 | K58: =D58-G58 -> 344811375 | L58: =E58-H58 -> 38283119 | M58: =F58-I58 -> 383094494 | N58: =IFERROR(M58/C3,0) -> 0
B59: GT + FOODY | C59: WIRA | D59: =TARGETS!G17 -> 513161009 | E59: =TARGETS!H17 -> 304325909 | F59: =D59+E59 -> 817486918 | G59: =P18 -> 0 | H59: =Q18 -> 0 | I59: =G59+H59 -> 0 | J59: =IFERROR(I59/F59,0) -> 0 | K59: =D59-G59 -> 513161009 | L59: =E59-H59 -> 304325909 | M59: =F59-I59 -> 817486918 | N59: =IFERROR(M59/C3,0) -> 0
B60: MODERN TRADE + GENERAL TRADE | C60: SRIASIH | D60: =TARGETS!G18 -> 291935697 | E60: =TARGETS!H18 -> 225689650 | F60: =D60+E60 -> 517625347 | G60: =P19 -> 0 | H60: =Q19 -> 0 | I60: =G60+H60 -> 0 | J60: =IFERROR(I60/F60,0) -> 0 | K60: =D60-G60 -> 291935697 | L60: =E60-H60 -> 225689650 | M60: =F60-I60 -> 517625347 | N60: =IFERROR(M60/C3,0) -> 0
B61: GRAND TOTAL | D61: =SUM(D49:D60) -> 6785121897 | E61: =SUM(E49:E60) -> 1174575386 | F61: =SUM(F49:F60) -> 7959697283 | G61: =SUM(G49:G60) -> 0 | H61: =SUM(H49:H60) -> 0 | I61: =SUM(I49:I60) -> 0 | J61: =IFERROR(I61/F61,0) -> 0 | K61: =SUM(K49:K60) -> 6785121897 | L61: =SUM(L49:L60) -> 1174575386 | M61: =SUM(M49:M60) -> 7959697283 | N61: =IFERROR(M61/C3,0) -> 0
B63: NESTLE
B64: CHANNEL / AREA | C64: SALES | D64: TARGET | E64: ACHIEVEMENT | F64: % | G64: SELISIH | H64: PER HARI
B65: NP - 1 | C65: RIDWAN | D65: =TARGETS!E22 -> 332600635 | E65: =IFERROR(C30,0) -> 0 | F65: =IFERROR(E65/D65,0) -> 0 | G65: =D65-E65 -> 332600635 | H65: =IFERROR(G65/C3,0) -> 0
B66: NP - 2 | C66: REDI | D66: =TARGETS!E23 -> 467649702 | E66: =IFERROR(C31,0) -> 0 | F66: =IFERROR(E66/D66,0) -> 0 | G66: =D66-E66 -> 467649702 | H66: =IFERROR(G66/C3,0) -> 0
B67: NP - 3 | C67: GEK MAS | D67: =TARGETS!E24 -> 1016486951 | E67: =P21+P7 -> 0 | F67: =IFERROR(E67/D67,0) -> 0 | G67: =D67-E67 -> 1016486951 | H67: =IFERROR(G67/C3,0) -> 0
B68: NP - 4 | C68: VACANT | D68: =TARGETS!E25 -> 0 | E68: =0 -> 0 | F68: =IFERROR(E68/D68,0) -> 0 | G68: =D68-E68 -> 0 | H68: =IFERROR(G68/C3,0) -> 0
B69: NP - 5 | C69: - | D69: =TARGETS!E26 -> 0 | E69: =0 -> 0 | F69: =IFERROR(E69/D69,0) -> 0 | G69: =D69-E69 -> 0 | H69: =IFERROR(G69/C3,0) -> 0
B70: GRAND TOTAL | D70: =SUM(D65:D69) -> 1816737288 | E70: =SUM(E65:E69) -> 0 | F70: =IFERROR(E70/D70,0) -> 0 | G70: =SUM(G65:G69) -> 1816737288 | H70: =IFERROR(G70/C3,0) -> 0

Sheet MAR
B1: DATA PENCAPAIAN — MARET 2026 | G1: ⚙️ KALENDER KERJA — INPUT MANUAL
G2: Total hari kalender bulan ini (auto) | J2: =E3 -> 31
B3: HARI TERSISA (auto): | C3: =IF($J$5<>"",$J$5,MAX(0,NETWORKDAYS.INTL(MAX(TODAY(),DATE(YEAR(TODAY()),3,1)),EOMONTH(DATE(YEAR(TODAY()),3,1),0),11)-MAX(0,$J$3-$J$4))) -> 0 | D3: Hari kerja tersisa bulan ini (Sab s/d akhir bulan) — otomatis | E3: =DAY(EOMONTH(DATE(YEAR(TODAY()),3,1),0)) -> 31 | G3: Total hari LIBUR / OFF bulan ini | J3: 0
G4: Libur yang SUDAH lewat | J4: 0
G5: Override HARI TERSISA (kosong = auto)
B6: 📥 INPUT DATA HARIAN — Paste dari file sistem di sini | P6: FOOD_ACHIV (calc) | Q6: BEV_ACHIV (calc)
B7: INPUT: DATA MKS (FOOD & BEVERAGES) | P7: =C9 -> 188107.92 | Q7: =D9 -> 0
B8: Nama_Kry | C8: FOOD | D8: BEVERAGE | E8: Grand Total | P8: =C22 -> 2.5616173e+08 | Q8: =D22 -> 33244870
B9: ANGELIA | C9: 188107.92 | D9: 0 | E9: 188107.92 | P9: =C12+C13 -> 4.009844e+08 | Q9: =D12+D13 -> 97493652
B10: Dewi Kristiani | C10: 2.4179305e+08 | D10: 27052169 | E10: 2.6884521e+08 | P10: =C14 -> 4.4895174e+08 | Q10: =D14 -> 25395525
B11: Eka | C11: 2.7524889e+08 | D11: 67651089 | E11: 3.4289998e+08 | P11: =C17 -> 2.7357432e+08 | Q11: =D17 -> 65561081
B12: I MADE LUIH | C12: 1.8366472e+08 | D12: 65497608 | E12: 2.4916233e+08 | P12: =C16 -> 3.4153385e+08 | Q12: =D16 -> 55146187
B13: I Made Luih (Sanur) | C13: 2.1731968e+08 | D13: 31996044 | E13: 2.4931573e+08 | P13: =C19 -> 7.2499612e+08 | Q13: =D19 -> 66333666
B14: Juni | C14: 4.4895174e+08 | D14: 25395525 | E14: 4.7434727e+08 | P14: =C23 -> 4.7402635e+08 | Q14: =D23 -> 42452264
B15: KA | C15: 282161.88 | E15: 282161.88 | P15: =C11 -> 2.7524889e+08 | Q15: =D11 -> 67651089
B16: LANI | C16: 3.4153385e+08 | D16: 55146187 | E16: 3.9668003e+08 | P16: =C24 -> 3.9123193e+08 | Q16: =D24 -> 47651173
B17: Lani P | C17: 2.7357432e+08 | D17: 65561081 | E17: 3.391354e+08 | P17: =C10 -> 2.4179305e+08 | Q17: =D10 -> 27052169
B18: Management Bali | C18: 1.4545809e+09 | D18: 24019256 | E18: 1.4786001e+09 | P18: =C25 -> 5.5177326e+08 | Q18: =D25 -> 1.7603189e+08
B19: Monica | C19: 7.2499612e+08 | D19: 66333666 | E19: 7.9132978e+08 | P19: =C20+C21 -> 1.8568238e+08 | Q19: =D20+D21 -> 1.4648446e+08
B20: Ni Ketut Sriasih (GT) | C20: 1.4318064e+08 | D20: 24973221 | E20: 1.6815386e+08 | P20: =IFERROR(C29,0)+IFERROR(C15,0)+IFERROR(C34,0) -> 11690499 | Q20: NP5_calc
B21: Ni Ketut Sriasih (MT) | C21: 42501732 | D21: 1.2151124e+08 | E21: 1.6401297e+08 | P21: =IFERROR(C32,0)+IFERROR(C33,0)+P20 -> 6.873782e+08 | Q21: NP3_final
B22: Picrom Stalyon | C22: 2.5616173e+08 | D22: 33244870 | E22: 2.894066e+08
B23: Sujana | C23: 4.7402635e+08 | D23: 42452264 | E23: 5.1647861e+08
B24: Taufik | C24: 3.9123193e+08 | D24: 47651173 | E24: 4.3888311e+08
B25: Wira | C25: 5.5177326e+08 | D25: 1.7603189e+08 | E25: 7.2780515e+08
B27: INPUT: DATA NESTLE
B28: Nama Kry | C28: Total
C29: 3087270.3
B30: NP1 | C30: 1.7421393e+08
B31: NP2 | C31: 3.0977874e+08
B32: NP3 | C32: 2.7639741e+08
B33: NP4 | C33: 3.992903e+08
B34: NP5 | C34: 8321067.2
B39: DATA PENCAPAIAN — GLOBAL — MARET 2026 | E39: TARGET | F39: 1
B40: KATAGORI | C40: AREA | D40: TARGET | E40: ACHIEVEMENT | G40: SELISIH | H40: PER HARI
B41: FOOD | C41: HORECA, GT, MT | D41: =SUM(TARGETS!J5:J18) -> 6726156407 | E41: =P8+P9+P10+P11+P12+P13+P14+P15+P16+P17+P18+P19 -> 4.565958e+09 | F41: =IFERROR(E41/D41,0) -> 0.67883613 | G41: =D41-E41 -> 2.1601984e+09 | H41: =IFERROR(G41/C3,0) -> 0
B42: BEVERAGE | C42: HORECA, GT, MT | D42: =SUM(TARGETS!K5:K18) -> 1269766212 | E42: =Q7+Q8+Q9+Q10+Q11+Q12+Q13+Q14+Q15+Q16+Q17+Q18+Q19 -> 8.5049803e+08 | F42: =IFERROR(E42/D42,0) -> 0.66980679 | G42: =D42-E42 -> 4.1926819e+08 | H42: =IFERROR(G42/C3,0) -> 0
B43: NESTLE | C43: HORECA, GT, MT | D43: =SUM(TARGETS!F22:F26) -> 1769067797 | E43: =IFERROR(C30,0)+IFERROR(C31,0)+P21+E9 -> 1.171559e+09 | F43: =IFERROR(E43/D43,0) -> 0.66224651 | G43: =D43-E43 -> 5.9750882e+08 | H43: =IFERROR(G43/C3,0) -> 0
B44: TOTAL | D44: =D41+D42+D43 -> 9764990416 | E44: =E41+E42+E43 -> 6.588015e+09 | F44: =IFERROR(E44/D44,0) -> 0.67465658 | G44: =G41+G42+G43 -> 3.1769754e+09 | H44: =IFERROR(G44/C3,0) -> 0
B46: FOOD & BEVERAGES
B47: AREA | C47: SALES | D47: TARGET | G47: ACHIEVEMENT | J47: % | K47: SELISIH (Target - Achiv) | N47: PER HARI (sisa hari)
D48: Food | E48: Beverage | F48: Total | G48: Food | H48: Beverage | I48: Total | K48: FOOD | L48: BEVERAGE | M48: TOTAL
B49: UBUD | C49: PICROM | D49: =TARGETS!J5 -> 317433802 | E49: =TARGETS!K5 -> 49588709 | F49: =D49+E49 -> 367022511 | G49: =P8 -> 2.5616173e+08 | H49: =Q8 -> 33244870 | I49: =G49+H49 -> 2.894066e+08 | J49: =IFERROR(I49/F49,0) -> 0.78852549 | K49: =D49-G49 -> 61272068 | L49: =E49-H49 -> 16343839 | M49: =F49-I49 -> 77615907 | N49: =IFERROR(M49/C3,0) -> 0
B50: DENPASAR - SANUR | C50: I MADE LUIH | D50: =TARGETS!J6 -> 1009948386 | E50: =TARGETS!K6 -> 172865092 | F50: =D50+E50 -> 1182813478 | G50: =P9 -> 4.009844e+08 | H50: =Q9 -> 97493652 | I50: =G50+H50 -> 4.9847805e+08 | J50: =IFERROR(I50/F50,0) -> 0.4214342 | K50: =D50-G50 -> 6.0896398e+08 | L50: =E50-H50 -> 75371440 | M50: =F50-I50 -> 6.8433542e+08 | N50: =IFERROR(M50/C3,0) -> 0
B51: KUTA SELATAN - ULUWATU | C51: JUNI | D51: =TARGETS!J8 -> 466809497 | E51: =TARGETS!K8 -> 28200135 | F51: =D51+E51 -> 495009632 | G51: =P10 -> 4.4895174e+08 | H51: =Q10 -> 25395525 | I51: =G51+H51 -> 4.7434727e+08 | J51: =IFERROR(I51/F51,0) -> 0.95825866 | K51: =D51-G51 -> 17857755 | L51: =E51-H51 -> 2804610.3 | M51: =F51-I51 -> 20662365 | N51: =IFERROR(M51/C3,0) -> 0
B52: KUTA - INDUSTRI | C52: LANI | D52: =TARGETS!J9 -> 450767722 | E52: =TARGETS!K9 -> 73528469 | F52: =D52+E52 -> 524296191 | G52: =P11 -> 2.7357432e+08 | H52: =Q11 -> 65561081 | I52: =G52+H52 -> 3.391354e+08 | J52: =IFERROR(I52/F52,0) -> 0.64683934 | K52: =D52-G52 -> 1.771934e+08 | L52: =E52-H52 -> 7967387.7 | M52: =F52-I52 -> 1.8516079e+08 | N52: =IFERROR(M52/C3,0) -> 0
B53: KUTA - HOTEL | C53: LANI | D53: =TARGETS!J10 -> 494628394 | E53: =TARGETS!K10 -> 71898548 | F53: =D53+E53 -> 566526942 | G53: =P12 -> 3.4153385e+08 | H53: =Q12 -> 55146187 | I53: =G53+H53 -> 3.9668003e+08 | J53: =IFERROR(I53/F53,0) -> 0.70019624 | K53: =D53-G53 -> 1.5309455e+08 | L53: =E53-H53 -> 16752361 | M53: =F53-I53 -> 1.6984691e+08 | N53: =IFERROR(M53/C3,0) -> 0
B54: KUTA SELATAN - NUSA DUA (HOTEL) | C54: MONICA | D54: =TARGETS!J11 -> 895031995 | E54: =TARGETS!K11 -> 73246884 | F54: =D54+E54 -> 968278879 | G54: =P13 -> 7.2499612e+08 | H54: =Q13 -> 66333666 | I54: =G54+H54 -> 7.9132978e+08 | J54: =IFERROR(I54/F54,0) -> 0.817254 | K54: =D54-G54 -> 1.7003588e+08 | L54: =E54-H54 -> 6913218.3 | M54: =F54-I54 -> 1.769491e+08 | N54: =IFERROR(M54/C3,0) -> 0
B55: SEMINYAK | C55: SUJANA | D55: =TARGETS!J12 -> 963545558 | E55: =TARGETS!K12 -> 45099712 | F55: =D55+E55 -> 1008645270 | G55: =P14 -> 4.7402635e+08 | H55: =Q14 -> 42452264 | I55: =G55+H55 -> 5.1647861e+08 | J55: =IFERROR(I55/F55,0) -> 0.51205178 | K55: =D55-G55 -> 4.8951921e+08 | L55: =E55-H55 -> 2647447.9 | M55: =F55-I55 -> 4.9216666e+08 | N55: =IFERROR(M55/C3,0) -> 0
B56: KUTA - LEGIAN | C56: EKA | D56: =TARGETS!J14 -> 455389906 | E56: =TARGETS!K14 -> 119782698 | F56: =D56+E56 -> 575172604 | G56: =P15 -> 2.7524889e+08 | H56: =Q15 -> 67651089 | I56: =G56+H56 -> 3.4289998e+08 | J56: =IFERROR(I56/F56,0) -> 0.59616883 | K56: =D56-G56 -> 1.8014102e+08 | L56: =E56-H56 -> 52131609 | M56: =F56-I56 -> 2.3227263e+08 | N56: =IFERROR(M56/C3,0) -> 0
B57: CANGGU 1 | C57: TAUFIK | D57: =TARGETS!J15 -> 539540348 | E57: =TARGETS!K15 -> 40059909 | F57: =D57+E57 -> 579600257 | G57: =P16 -> 3.9123193e+08 | H57: =Q16 -> 47651173 | I57: =G57+H57 -> 4.3888311e+08 | J57: =IFERROR(I57/F57,0) -> 0.75721689 | K57: =D57-G57 -> 1.4830842e+08 | L57: =E57-H57 -> -7591263.9 | M57: =F57-I57 -> 1.4071715e+08 | N57: =IFERROR(M57/C3,0) -> 0
B58: CANGGU 2 | C58: DEWI KRISTIANI | D58: =TARGETS!J16 -> 340599555 | E58: =TARGETS!K16 -> 45082463 | F58: =D58+E58 -> 385682018 | G58: =P17 -> 2.4179305e+08 | H58: =Q17 -> 27052169 | I58: =G58+H58 -> 2.6884521e+08 | J58: =IFERROR(I58/F58,0) -> 0.69706443 | K58: =D58-G58 -> 98806509 | L58: =E58-H58 -> 18030294 | M58: =F58-I58 -> 1.168368e+08 | N58: =IFERROR(M58/C3,0) -> 0
B59: GT + FOODY | C59: WIRA | D59: =TARGETS!J17 -> 508949188 | E59: =TARGETS!K17 -> 311125253 | F59: =D59+E59 -> 820074441 | G59: =P18 -> 5.5177326e+08 | H59: =Q18 -> 1.7603189e+08 | I59: =G59+H59 -> 7.2780515e+08 | J59: =IFERROR(I59/F59,0) -> 0.88748669 | K59: =D59-G59 -> -42824074 | L59: =E59-H59 -> 1.3509336e+08 | M59: =F59-I59 -> 92269290 | N59: =IFERROR(M59/C3,0) -> 0
B60: MODERN TRADE + GENERAL TRADE | C60: SRIASIH | D60: =TARGETS!J18 -> 283512056 | E60: =TARGETS!K18 -> 239288340 | F60: =D60+E60 -> 522800396 | G60: =P19 -> 1.8568238e+08 | H60: =Q19 -> 1.4648446e+08 | I60: =G60+H60 -> 3.3216684e+08 | J60: =IFERROR(I60/F60,0) -> 0.63536072 | K60: =D60-G60 -> 97829680 | L60: =E60-H60 -> 92803879 | M60: =F60-I60 -> 1.9063356e+08 | N60: =IFERROR(M60/C3,0) -> 0
B61: GRAND TOTAL | D61: =SUM(D49:D60) -> 6726156407 | E61: =SUM(E49:E60) -> 1269766212 | F61: =SUM(F49:F60) -> 7995922619 | G61: =SUM(G49:G60) -> 4.565958e+09 | H61: =SUM(H49:H60) -> 8.5049803e+08 | I61: =SUM(I49:I60) -> 5.416456e+09 | J61: =IFERROR(I61/F61,0) -> 0.67740226 | K61: =SUM(K49:K60) -> 2.1601984e+09 | L61: =SUM(L49:L60) -> 4.1926819e+08 | M61: =SUM(M49:M60) -> 2.5794666e+09 | N61: =IFERROR(M61/C3,0) -> 0
B63: NESTLE
B64: CHANNEL / AREA | C64: SALES | D64: TARGET | E64: ACHIEVEMENT | F64: % | G64: SELISIH | H64: PER HARI
B65: NP - 1 | C65: RIDWAN | D65: =TARGETS!F22 -> 323873505 | E65: =IFERROR(C30,0) -> 1.7421393e+08 | F65: =IFERROR(E65/D65,0) -> 0.53790731 | G65: =D65-E65 -> 1.4965958e+08 | H65: =IFERROR(G65/C3,0) -> 0
B66: NP - 2 | C66: REDI | D66: =TARGETS!F23 -> 455379010 | E66: =IFERROR(C31,0) -> 3.0977874e+08 | F66: =IFERROR(E66/D66,0) -> 0.68026574 | G66: =D66-E66 -> 1.4560027e+08 | H66: =IFERROR(G66/C3,0) -> 0
B67: NP - 3 | C67: GEK MAS | D67: =TARGETS!F24 -> 989815282 | E67: =P21+P7 -> 6.8756631e+08 | F67: =IFERROR(E67/D67,0) -> 0.69464103 | G67: =D67-E67 -> 3.0224897e+08 | H67: =IFERROR(G67/C3,0) -> 0
B68: NP - 4 | C68: VACANT | D68: =TARGETS!F25 -> 0 | E68: =0 -> 0 | F68: =IFERROR(E68/D68,0) -> 0 | G68: =D68-E68 -> 0 | H68: =IFERROR(G68/C3,0) -> 0
B69: NP - 5 | C69: - | D69: =TARGETS!F26 -> 0 | E69: =0 -> 0 | F69: =IFERROR(E69/D69,0) -> 0 | G69: =D69-E69 -> 0 | H69: =IFERROR(G69/C3,0) -> 0
B70: GRAND TOTAL | D70: =SUM(D65:D69) -> 1769067797 | E70: =SUM(E65:E69) -> 1.171559e+09 | F70: =IFERROR(E70/D70,0) -> 0.66224651 | G70: =SUM(G65:G69) -> 5.9750882e+08 | H70: =IFERROR(G70/C3,0) -> 0

Sheet APR
B1: DATA PENCAPAIAN — APRIL 2026 | G1: ⚙️ KALENDER KERJA — INPUT MANUAL
G2: Total hari kalender bulan ini (auto) | J2: =E3 -> 30
B3: HARI TERSISA (auto): | C3: =IF($J$5<>"",$J$5,MAX(0,NETWORKDAYS.INTL(MAX(TODAY(),DATE(YEAR(TODAY()),4,1)),EOMONTH(DATE(YEAR(TODAY()),4,1),0),11)-MAX(0,$J$3-$J$4))) -> 0 | D3: Hari kerja tersisa bulan ini (Sab s/d akhir bulan) — otomatis | E3: =DAY(EOMONTH(DATE(YEAR(TODAY()),4,1),0)) -> 30 | G3: Total hari LIBUR / OFF bulan ini | J3: 0
G4: Libur yang SUDAH lewat | J4: 0
G5: Override HARI TERSISA (kosong = auto)
B6: 📥 INPUT DATA HARIAN — Paste dari file sistem di sini | M6: FOOD_ACHIV (calc) | N6: BEV_ACHIV (calc)
B7: INPUT: DATA MKS (FOOD & BEVERAGES) | M7: =C9 -> 0 | N7: =D9 -> 0
B8: Nama_Kry | C8: FOOD | D8: BEVERAGE | E8: Balian | F8: Grand Total | M8: =C24 -> 2.9977057e+08 | N8: =D24 -> 45375105
C9: 0 | D9: 0 | E9: 0 | M9: =C12+C13 -> 4.9166979e+08 | N9: =D12+D13 -> 1.2024821e+08
B10: Dewi Kristiani | C10: 3.0343956e+08 | D10: 28364315 | E10: 61031206 | F10: 3.9283508e+08 | M10: =C14 -> 5.3799728e+08 | N10: =D14 -> 21205741
B11: Eka | C11: 3.0413774e+08 | D11: 1.1970715e+08 | E11: 34053355 | F11: 4.5789825e+08 | M11: =C17 -> 3.5562612e+08 | N11: =D17 -> 44657676
B12: I MADE LUIH | C12: 2.5527224e+08 | D12: 80101515 | E12: 71143242 | F12: 4.06517e+08 | M12: =C16 -> 4.4968261e+08 | N12: =D16 -> 60505589
B13: I Made Luih (Sanur) | C13: 2.3639755e+08 | D13: 40146697 | E13: 10759099 | F13: 2.8730334e+08 | M13: =C19 -> 1.0309154e+09 | N13: =D19 -> 59498536
B14: Juni | C14: 5.3799728e+08 | D14: 21205741 | E14: 66130324 | F14: 6.2533334e+08 | M14: =C25 -> 3.7875454e+08 | N14: =D25 -> 62284985
B15: KA | M15: =C11 -> 3.0413774e+08 | N15: =D11 -> 1.1970715e+08
B16: LANI | C16: 4.4968261e+08 | D16: 60505589 | E16: 2883783.8 | F16: 5.1307199e+08 | M16: =C26 -> 4.7929173e+08 | N16: =D26 -> 61629600
B17: Lani P | C17: 3.5562612e+08 | D17: 44657676 | F17: 4.002838e+08 | M17: =C10 -> 3.0343956e+08 | N17: =D10 -> 28364315
B18: Management Bali | C18: 1.2675771e+09 | D18: 9652531.9 | E18: 3932432.4 | F18: 1.281162e+09 | M18: =C27 -> 6.6355982e+08 | N18: =D27 -> 2.0025323e+08
B19: Monica | C19: 1.0309154e+09 | D19: 59498536 | E19: 2.8720362e+08 | F19: 1.3776175e+09 | M19: =C20+C21 -> 1.62675e+08 | N19: =D20+D21 -> 1.5270811e+08
B20: Ni Ketut Sriasih (GT) | C20: 1.0531506e+08 | D20: 16467728 | F20: 1.2178279e+08 | M20: =IFERROR(C31,0)+IFERROR(C15,0)+IFERROR(C36,0) -> 3.1129081e+08 | N20: NP5_calc
B21: Ni Ketut Sriasih (MT) | C21: 57359939 | D21: 1.3624038e+08 | F21: 1.9360032e+08 | M21: =IFERROR(C34,0)+IFERROR(C35,0)+M20 -> 8.9713048e+08 | N21: NP3_final
B22: NN Made Luih | C22: 38884329 | E22: 12315315 | F22: 51199644
B23: NN Sujana | C23: 1.2055049e+08 | E23: 17151621 | F23: 1.3770211e+08
B24: Picrom Stalyon | C24: 2.9977057e+08 | D24: 45375105 | E24: 24325369 | F24: 3.6947104e+08
B25: Sujana | C25: 3.7875454e+08 | D25: 62284985 | E25: 26407801 | F25: 4.6744732e+08
B26: Taufik | C26: 4.7929173e+08 | D26: 61629600 | E26: 1.1273604e+08 | F26: 6.5365737e+08
B27: Wira | C27: 6.6355982e+08 | D27: 2.0025323e+08 | F27: 8.6381306e+08
B29: INPUT: DATA NESTLE
B30: Nama Kry | C30: Total
B32: NP1 | C32: 2.402376e+08
B33: NP2 | C33: 4.4993374e+08
B34: NP3 | C34: 3.1827859e+08
B35: NP4 | C35: 2.6756109e+08
B36: NP5 | C36: 3.1129081e+08
S40: PILIHAN % TARGET
B41: DATA PENCAPAIAN — GLOBAL — 30 APRIL 2026 | E41: TARGET | F41: 1 | G41: PILIH TARGET % | H41: 0.9 | I41: PILIH TARGET % | J41: 0.95 | K41: PENUH | L41: 1 | S41: 0.7
B42: KATAGORI | C42: AREA | D42: TARGET | E42: ACHIEVEMENT | F42: % | G42: ="SELISIH"&CHAR(10)&TEXT($H$41,"0%") -> SELISIH 90% | H42: ="PER HARI"&CHAR(10)&TEXT($H$41,"0%") -> PER HARI 90% | I42: ="SELISIH"&CHAR(10)&TEXT($J$41,"0%") -> SELISIH 95% | J42: ="PER HARI"&CHAR(10)&TEXT($J$41,"0%") -> PER HARI 95% | K42: ="SELISIH"&CHAR(10)&TEXT($L$41,"0%") -> SELISIH 100% | L42: ="PER HARI"&CHAR(10)&TEXT($L$41,"0%") -> PER HARI 100% | S42: 0.75
B43: FOOD | C43: HORECA, GT, MT | D43: =SUM(TARGETS!M5:M7,TARGETS!M8:M13,TARGETS!M14:M18) -> 6.6192793e+09 | E43: =G65 -> 5.6169549e+09 | F43: =IFERROR(E43/D43,0) -> 0.848575 | G43: =D43*$H$41-E43 -> 3.4039645e+08 | H43: =IFERROR(G43/$C$3,0) -> 0 | I43: =D43*$J$41-E43 -> 6.7136042e+08 | J43: =IFERROR(I43/$C$3,0) -> 0 | K43: =D43*$L$41-E43 -> 1.0023244e+09 | L43: =IFERROR(K43/$C$3,0) -> 0 | S43: 0.8
B44: BEVERAGE | C44: HORECA, GT, MT | D44: =SUM(TARGETS!N5:N6,TARGETS!N8:N12,TARGETS!N14:N18) -> 1269766212 | E44: =N8+N9+N10+N11+N12+N13+N14+N15+N16+N17+N18+N19 -> 9.7643825e+08 | F44: =IFERROR(E44/D44,0) -> 0.76899058 | G44: =D44*$H$41-E44 -> 1.6635134e+08 | H44: =IFERROR(G44/$C$3,0) -> 0 | I44: =D44*$J$41-E44 -> 2.2983965e+08 | J44: =IFERROR(I44/$C$3,0) -> 0 | K44: =D44*$L$41-E44 -> 2.9332796e+08 | L44: =IFERROR(K44/$C$3,0) -> 0 | S44: 0.85
B45: NESTLE | C45: HORECA, GT, MT | D45: =SUM(TARGETS!G22:G26) -> 1.7914894e+09 | E45: =IFERROR(C32,0)+IFERROR(C33,0)+M21+F9 -> 1.5873018e+09 | F45: =IFERROR(E45/D45,0) -> 0.88602358 | G45: =D45*$H$41-E45 -> 25038600 | H45: =IFERROR(G45/$C$3,0) -> 0 | I45: =D45*$J$41-E45 -> 1.1461307e+08 | J45: =IFERROR(I45/$C$3,0) -> 0 | K45: =D45*$L$41-E45 -> 2.0418754e+08 | L45: =IFERROR(K45/$C$3,0) -> 0 | S45: 0.9
B46: TOTAL | D46: =D43+D44+D45 -> 9.6805349e+09 | E46: =E43+E44+E45 -> 8.180695e+09 | F46: =IFERROR(E46/D46,0) -> 0.84506643 | G46: =G43+G44+G45 -> 5.3178639e+08 | H46: =IFERROR(G46/$C$3,0) -> 0 | I46: =I43+I44+I45 -> 1.0158131e+09 | J46: =IFERROR(I46/$C$3,0) -> 0 | K46: =K43+K44+K45 -> 1.4998399e+09 | L46: =IFERROR(K46/$C$3,0) -> 0 | S46: 0.95
S47: 1
B48: FOOD & BEVERAGES | K48: SELISIH (Target x % - Achievement)
B49: AREA | C49: SALES | D49: TARGET | G49: ACHIEVEMENT | J49: % | K49: ="SELISIH"&CHAR(10)&TEXT($H$41,"0%") -> SELISIH 90% | L49: ="PER HARI"&CHAR(10)&TEXT($H$41,"0%") -> PER HARI 90% | M49: ="SELISIH"&CHAR(10)&TEXT($J$41,"0%") -> SELISIH 95% | N49: ="PER HARI"&CHAR(10)&TEXT($J$41,"0%") -> PER HARI 95% | O49: ="SELISIH"&CHAR(10)&TEXT($L$41,"0%") -> SELISIH 100% | P49: ="PER HARI"&CHAR(10)&TEXT($L$41,"0%") -> PER HARI 100%
D50: Food | E50: Beverage | F50: Total | G50: Food | H50: Beverage | I50: Total
B51: UBUD | C51: PICROM | D51: =TARGETS!M5 -> 3.9668348e+08 | E51: =TARGETS!N5 -> 49588709 | F51: =D51+E51 -> 4.4627219e+08 | G51: =M8 -> 2.9977057e+08 | H51: =N8 -> 45375105 | I51: =G51+H51 -> 3.4514567e+08 | J51: =IFERROR(I51/F51,0) -> 0.77339723 | K51: =F51*$H$41-I51 -> 56499295 | L51: =IFERROR(K51/$C$3,0) -> 0 | M51: =F51*$J$41-I51 -> 78812904 | N51: =IFERROR(M51/$C$3,0) -> 0 | O51: =F51*$L$41-I51 -> 1.0112651e+08 | P51: =IFERROR(O51/$C$3,0) -> 0
B52: DENPASAR - SANUR | C52: I MADE LUIH | D52: =TARGETS!M6 -> 535182371 | E52: =TARGETS!N6 -> 172865092 | F52: =D52+E52 -> 708047463 | G52: =M9 -> 4.9166979e+08 | H52: =N9 -> 1.2024821e+08 | I52: =G52+H52 -> 6.11918e+08 | J52: =IFERROR(I52/F52,0) -> 0.86423302 | K52: =F52*$H$41-I52 -> 25324718 | L52: =IFERROR(K52/$C$3,0) -> 0 | M52: =F52*$J$41-I52 -> 60727091 | N52: =IFERROR(M52/$C$3,0) -> 0 | O52: =F52*$L$41-I52 -> 96129464 | P52: =IFERROR(O52/$C$3,0) -> 0
B53: NAUGHTY NURIS | C53: NN MADE LUIH | D53: =TARGETS!M7 -> 241473268 | E53: =TARGETS!N7 -> 0 | F53: =D53+E53 -> 241473268 | G53: =C22 -> 38884329 | H53: =IF(D22="",0,D22) -> 0 | I53: =G53+H53 -> 38884329 | J53: =IFERROR(I53/F53,0) -> 0.16102954 | K53: =F53*$H$41-I53 -> 1.7844161e+08 | L53: =IFERROR(K53/$C$3,0) -> 0 | M53: =F53*$J$41-I53 -> 190515276 | N53: =IFERROR(M53/$C$3,0) -> 0 | O53: =F53*$L$41-I53 -> 2.0258894e+08 | P53: =IFERROR(O53/$C$3,0) -> 0
B54: KUTA SELATAN - ULUWATU | C54: JUNI | D54: =TARGETS!M8 -> 5.9071247e+08 | E54: =TARGETS!N8 -> 28200135 | F54: =D54+E54 -> 6.1891261e+08 | G54: =M10 -> 5.3799728e+08 | H54: =N10 -> 21205741 | I54: =G54+H54 -> 5.5920302e+08 | J54: =IFERROR(I54/F54,0) -> 0.90352501 | K54: =F54*$H$41-I54 -> -2181670.3 | L54: =IFERROR(K54/$C$3,0) -> 0 | M54: =F54*$J$41-I54 -> 28763960 | N54: =IFERROR(M54/$C$3,0) -> 0 | O54: =F54*$L$41-I54 -> 59709590 | P54: =IFERROR(O54/$C$3,0) -> 0
B55: KUTA - INDUSTRI | C55: LANI | D55: =TARGETS!M9 -> 3.9506328e+08 | E55: =TARGETS!N9 -> 73528469 | F55: =D55+E55 -> 4.6859175e+08 | G55: =M11 -> 3.5562612e+08 | H55: =N11 -> 44657676 | I55: =G55+H55 -> 4.002838e+08 | J55: =IFERROR(I55/F55,0) -> 0.85422714 | K55: =F55*$H$41-I55 -> 21448782 | L55: =IFERROR(K55/$C$3,0) -> 0 | M55: =F55*$J$41-I55 -> 44878370 | N55: =IFERROR(M55/$C$3,0) -> 0 | O55: =F55*$L$41-I55 -> 68307958 | P55: =IFERROR(O55/$C$3,0) -> 0
B56: KUTA - HOTEL | C56: LANI | D56: =TARGETS!M10 -> 4.6391883e+08 | E56: =TARGETS!N10 -> 71898548 | F56: =D56+E56 -> 5.3581738e+08 | G56: =M12 -> 4.4968261e+08 | H56: =N12 -> 60505589 | I56: =G56+H56 -> 5.101882e+08 | J56: =IFERROR(I56/F56,0) -> 0.95216808 | K56: =F56*$H$41-I56 -> -27952561 | L56: =IFERROR(K56/$C$3,0) -> 0 | M56: =F56*$J$41-I56 -> -1161692.3 | N56: =IFERROR(M56/$C$3,0) -> 0 | O56: =F56*$L$41-I56 -> 25629177 | P56: =IFERROR(O56/$C$3,0) -> 0
B57: KUTA SELATAN - NUSA DUA (HOTEL) | C57: MONICA | D57: =TARGETS!M11 -> 9.4175835e+08 | E57: =TARGETS!N11 -> 73246884 | F57: =D57+E57 -> 1.0150052e+09 | G57: =M13 -> 1.0309154e+09 | H57: =N13 -> 59498536 | I57: =G57+H57 -> 1.0904139e+09 | J57: =IFERROR(I57/F57,0) -> 1.0742939 | K57: =F57*$H$41-I57 -> -1.7690921e+08 | L57: =IFERROR(K57/$C$3,0) -> 0 | M57: =F57*$J$41-I57 -> -1.2615895e+08 | N57: =IFERROR(M57/$C$3,0) -> 0 | O57: =F57*$L$41-I57 -> -75408684 | P57: =IFERROR(O57/$C$3,0) -> 0
B58: SEMINYAK | C58: SUJANA | D58: =TARGETS!M12 -> 485287059 | E58: =TARGETS!N12 -> 45099712 | F58: =D58+E58 -> 530386771 | G58: =M14 -> 3.7875454e+08 | H58: =N14 -> 62284985 | I58: =G58+H58 -> 4.4103952e+08 | J58: =IFERROR(I58/F58,0) -> 0.83154322 | K58: =F58*$H$41-I58 -> 36308572 | L58: =IFERROR(K58/$C$3,0) -> 0 | M58: =F58*$J$41-I58 -> 62827910 | N58: =IFERROR(M58/$C$3,0) -> 0 | O58: =F58*$L$41-I58 -> 89347249 | P58: =IFERROR(O58/$C$3,0) -> 0
B59: NAUGHTY NURIS | C59: NN SUJANA | D59: =TARGETS!M13 -> 404133664 | E59: =TARGETS!N13 -> 0 | F59: =D59+E59 -> 404133664 | G59: =C23 -> 1.2055049e+08 | H59: =IF(D23="",0,D23) -> 0 | I59: =G59+H59 -> 1.2055049e+08 | J59: =IFERROR(I59/F59,0) -> 0.29829362 | K59: =F59*$H$41-I59 -> 2.431698e+08 | L59: =IFERROR(K59/$C$3,0) -> 0 | M59: =F59*$J$41-I59 -> 2.6337649e+08 | N59: =IFERROR(M59/$C$3,0) -> 0 | O59: =F59*$L$41-I59 -> 2.8358317e+08 | P59: =IFERROR(O59/$C$3,0) -> 0
B60: KUTA - LEGIAN | C60: EKA | D60: =TARGETS!M14 -> 3.8401731e+08 | E60: =TARGETS!N14 -> 119782698 | F60: =D60+E60 -> 5.0380001e+08 | G60: =M15 -> 3.0413774e+08 | H60: =N15 -> 1.1970715e+08 | I60: =G60+H60 -> 4.2384489e+08 | J60: =IFERROR(I60/F60,0) -> 0.84129592 | K60: =F60*$H$41-I60 -> 29575114 | L60: =IFERROR(K60/$C$3,0) -> 0 | M60: =F60*$J$41-I60 -> 54765114 | N60: =IFERROR(M60/$C$3,0) -> 0 | O60: =F60*$L$41-I60 -> 79955114 | P60: =IFERROR(O60/$C$3,0) -> 0
B61: CANGGU 1 | C61: TAUFIK | D61: =TARGETS!M15 -> 6.116296e+08 | E61: =TARGETS!N15 -> 40059909 | F61: =D61+E61 -> 6.516895e+08 | G61: =M16 -> 4.7929173e+08 | H61: =N16 -> 61629600 | I61: =G61+H61 -> 5.4092133e+08 | J61: =IFERROR(I61/F61,0) -> 0.83002921 | K61: =F61*$H$41-I61 -> 45599227 | L61: =IFERROR(K61/$C$3,0) -> 0 | M61: =F61*$J$41-I61 -> 78183702 | N61: =IFERROR(M61/$C$3,0) -> 0 | O61: =F61*$L$41-I61 -> 1.1076818e+08 | P61: =IFERROR(O61/$C$3,0) -> 0
B62: CANGGU 2 | C62: DEWI KRISTIANI | D62: =TARGETS!M16 -> 3.6654302e+08 | E62: =TARGETS!N16 -> 45082463 | F62: =D62+E62 -> 4.1162549e+08 | G62: =M17 -> 3.0343956e+08 | H62: =N17 -> 28364315 | I62: =G62+H62 -> 3.3180387e+08 | J62: =IFERROR(I62/F62,0) -> 0.80608194 | K62: =F62*$H$41-I62 -> 38659067 | L62: =IFERROR(K62/$C$3,0) -> 0 | M62: =F62*$J$41-I62 -> 59240341 | N62: =IFERROR(M62/$C$3,0) -> 0 | O62: =F62*$L$41-I62 -> 79821616 | P62: =IFERROR(O62/$C$3,0) -> 0
B63: GT + FOODY | C63: WIRA | D63: =TARGETS!M17 -> 5.6335094e+08 | E63: =TARGETS!N17 -> 311125253 | F63: =D63+E63 -> 8.744762e+08 | G63: =M18 -> 6.6355982e+08 | H63: =N18 -> 2.0025323e+08 | I63: =G63+H63 -> 8.6381306e+08 | J63: =IFERROR(I63/F63,0) -> 0.98780626 | K63: =F63*$H$41-I63 -> -76784480 | L63: =IFERROR(K63/$C$3,0) -> 0 | M63: =F63*$J$41-I63 -> -33060670 | N63: =IFERROR(M63/$C$3,0) -> 0 | O63: =F63*$L$41-I63 -> 10663139 | P63: =IFERROR(O63/$C$3,0) -> 0
B64: MODERN TRADE + GENERAL TRADE | C64: SRIASIH | D64: =TARGETS!M18 -> 2.3952569e+08 | E64: =TARGETS!N18 -> 239288340 | F64: =D64+E64 -> 4.7881403e+08 | G64: =M19 -> 1.62675e+08 | H64: =N19 -> 1.5270811e+08 | I64: =G64+H64 -> 3.1538311e+08 | J64: =IFERROR(I64/F64,0) -> 0.65867558 | K64: =F64*$H$41-I64 -> 1.1554952e+08 | L64: =IFERROR(K64/$C$3,0) -> 0 | M64: =F64*$J$41-I64 -> 1.3949022e+08 | N64: =IFERROR(M64/$C$3,0) -> 0 | O64: =F64*$L$41-I64 -> 1.6343092e+08 | P64: =IFERROR(O64/$C$3,0) -> 0
B65: GRAND TOTAL | D65: =SUM(D51:D64) -> 6.6192793e+09 | E65: =SUM(E51:E52,E54:E58,E60:E64) -> 1269766212 | F65: =SUM(F51:F64) -> 7.8890455e+09 | G65: =SUM(G51:G64) -> 5.6169549e+09 | H65: =SUM(H51:H64) -> 9.7643825e+08 | I65: =SUM(I51:I64) -> 6.5933932e+09 | J65: =IFERROR(I65/F65,0) -> 0.83576564 | K65: =SUM(K51:K64) -> 5.0674779e+08 | L65: =IFERROR(K65/$C$3,0) -> 0 | M65: =SUM(M51:M64) -> 9.0120007e+08 | N65: =IFERROR(M65/$C$3,0) -> 0 | O65: =SUM(O51:O64) -> 1.2956523e+09 | P65: =IFERROR(O65/$C$3,0) -> 0
B67: NESTLE
B68: CHANNEL / AREA | C68: SALES | D68: TARGET | E68: ACHIEVEMENT | F68: % | G68: ="SELISIH"&CHAR(10)&TEXT($H$41,"0%") -> SELISIH 90% | H68: ="PER HARI"&CHAR(10)&TEXT($H$41,"0%") -> PER HARI 90% | I68: ="SELISIH"&CHAR(10)&TEXT($J$41,"0%") -> SELISIH 95% | J68: ="PER HARI"&CHAR(10)&TEXT($J$41,"0%") -> PER HARI 95% | K68: ="SELISIH"&CHAR(10)&TEXT($L$41,"0%") -> SELISIH 100% | L68: ="PER HARI"&CHAR(10)&TEXT($L$41,"0%") -> PER HARI 100%
B69: NP - 1 | C69: RIDWAN | D69: =TARGETS!G22 -> 2.793919e+08 | E69: =IFERROR(C32,0) -> 2.402376e+08 | F69: =IFERROR(E69/D69,0) -> 0.85985886 | G69: =D69*$H$41-E69 -> 11215108 | H69: =IFERROR(G69/$C$3,0) -> 0 | I69: =D69*$J$41-E69 -> 25184703 | J69: =IFERROR(I69/$C$3,0) -> 0 | K69: =D69*$L$41-E69 -> 39154298 | L69: =IFERROR(K69/$C$3,0) -> 0
B70: NP - 2 | C70: REDI | D70: =TARGETS!G23 -> 4.1961196e+08 | E70: =IFERROR(C33,0) -> 4.4993374e+08 | F70: =IFERROR(E70/D70,0) -> 1.0722615 | G70: =D70*$H$41-E70 -> -72282981 | H70: =IFERROR(G70/$C$3,0) -> 0 | I70: =D70*$J$41-E70 -> -51302383 | J70: =IFERROR(I70/$C$3,0) -> 0 | K70: =D70*$L$41-E70 -> -30321785 | L70: =IFERROR(K70/$C$3,0) -> 0
B71: NP - 3 | C71: GEK MAS | D71: =TARGETS!G24 -> 1.0924855e+09 | E71: =M21+M7 -> 8.9713048e+08 | F71: =IFERROR(E71/D71,0) -> 0.82118296 | G71: =D71*$H$41-E71 -> 86106473 | H71: =IFERROR(G71/$C$3,0) -> 0 | I71: =D71*$J$41-E71 -> 1.4073075e+08 | J71: =IFERROR(I71/$C$3,0) -> 0 | K71: =D71*$L$41-E71 -> 1.9535502e+08 | L71: =IFERROR(K71/$C$3,0) -> 0
B72: NP - 4 | C72: VACANT | D72: =TARGETS!G25 -> 0 | E72: =0 -> 0 | F72: =IFERROR(E72/D72,0) -> 0 | G72: =D72*$H$41-E72 -> 0 | H72: =IFERROR(G72/$C$3,0) -> 0 | I72: =D72*$J$41-E72 -> 0 | J72: =IFERROR(I72/$C$3,0) -> 0 | K72: =D72*$L$41-E72 -> 0 | L72: =IFERROR(K72/$C$3,0) -> 0
B73: NP - 5 | C73: - | D73: =TARGETS!G26 -> 0 | E73: =0 -> 0 | F73: =IFERROR(E73/D73,0) -> 0 | G73: =D73*$H$41-E73 -> 0 | H73: =IFERROR(G73/$C$3,0) -> 0 | I73: =D73*$J$41-E73 -> 0 | J73: =IFERROR(I73/$C$3,0) -> 0 | K73: =D73*$L$41-E73 -> 0 | L73: =IFERROR(K73/$C$3,0) -> 0
B74: GRAND TOTAL | D74: =SUM(D69:D73) -> 1.7914894e+09 | E74: =SUM(E69:E73) -> 1.5873018e+09 | F74: =IFERROR(E74/D74,0) -> 0.88602358 | G74: =SUM(G69:G73) -> 25038600 | H74: =IFERROR(G74/$C$3,0) -> 0 | I74: =SUM(I69:I73) -> 1.1461307e+08 | J74: =IFERROR(I74/$C$3,0) -> 0 | K74: =SUM(K69:K73) -> 2.0418754e+08 | L74: =IFERROR(K74/$C$3,0) -> 0
B77: BALIAN
B78: AREA | C78: SALES | D78: ACHIEVEMENT
D79: Balian
B80: UBUD | C80: PICROM | D80: =IF(E24="",0,E24) -> 24325369
B81: DENPASAR - SANUR | C81: I MADE LUIH | D81: =IF(E12="",0,E12)+IF(E13="",0,E13) -> 81902341
B82: NAUGHTY NURIS | C82: NN MADE LUIH | D82: =IF(E22="",0,E22) -> 12315315
B83: KUTA SELATAN - ULUWATU | C83: JUNI | D83: =IF(E14="",0,E14) -> 66130324
B84: KUTA - INDUSTRI | C84: LANI | D84: =0 -> 0
B85: KUTA - HOTEL | C85: LANI | D85: 2883783.8
B86: KUTA SELATAN - NUSA DUA (HOTEL) | C86: MONICA | D86: =IF(E19="",0,E19) -> 2.8720362e+08
B87: SEMINYAK | C87: SUJANA | D87: =IF(E25="",0,E25) -> 26407801
B88: NAUGHTY NURIS | C88: NN SUJANA | D88: =IF(E23="",0,E23) -> 17151621
B89: KUTA - LEGIAN | C89: EKA | D89: =IF(E11="",0,E11) -> 34053355
B90: CANGGU 1 | C90: TAUFIK | D90: =IF(E26="",0,E26) -> 1.1273604e+08
B91: CANGGU 2 | C91: DEWI KRISTIANI | D91: =IF(E10="",0,E10) -> 61031206
B92: GT + FOODY | C92: WIRA | D92: =0 -> 0
B93: MODERN TRADE + GENERAL TRADE | C93: SRIASIH | D93: =0 -> 0
B94: GRAND TOTAL | D94: =SUM(D80:D93) -> 7.2614078e+08

Sheet MEI
B1: DATA PENCAPAIAN — MEI 2026 | G1: ⚙️ KALENDER KERJA — INPUT MANUAL
G2: Total hari kalender bulan ini (auto) | J2: =E3 -> 31
B3: HARI TERSISA (auto): | C3: =IF($J$5<>"",$J$5,MAX(0,NETWORKDAYS.INTL(MAX(TODAY(),DATE(YEAR(TODAY()),5,1)),EOMONTH(DATE(YEAR(TODAY()),5,1),0),11)-MAX(0,$J$3-$J$4))) -> 0 | D3: Hari kerja tersisa bulan ini (Sab s/d akhir bulan) — otomatis | E3: =DAY(EOMONTH(DATE(YEAR(TODAY()),5,1),0)) -> 31 | G3: Total hari LIBUR / OFF bulan ini | J3: 0
G4: Libur yang SUDAH lewat | J4: 0
G5: Override HARI TERSISA (kosong = auto)
B6: 📥 INPUT DATA HARIAN — Paste dari file sistem di sini | M6: FOOD_ACHIV (calc) | N6: BEV_ACHIV (calc)
B7: INPUT: DATA MKS (FOOD & BEVERAGES) | M7: =C9 -> 0 | N7: =D9 -> 0
B8: Nama_Kry | C8: FOOD | D8: BEVERAGE | E8: Balian | F8: Grand Total | M8: =C24 -> 2.8842402e+08 | N8: =D24 -> 44585739
C9: 0 | D9: 0 | M9: =C12+C13 -> 5.1487341e+08 | N9: =D12+D13 -> 95906107
B10: Dewi Kristiani | C10: 2.9788218e+08 | D10: 34050666 | E10: 1.6278861e+08 | F10: 4.9472146e+08 | M10: =C14 -> 6.7066436e+08 | N10: =D14 -> 27278644
B11: Eka | C11: 3.7446681e+08 | D11: 92402941 | E11: 40868469 | F11: 5.0773822e+08 | M11: =C17 -> 3.143507e+08 | N11: =D17 -> 42787524
B12: I MADE LUIH | C12: 2.7822768e+08 | D12: 62709000 | E12: 52162026 | F12: 3.930987e+08 | M12: =C16 -> 4.1301347e+08 | N12: =D16 -> 61457253
B13: I Made Luih (Sanur) | C13: 2.3664573e+08 | D13: 33197108 | E13: 41510945 | F13: 3.1135379e+08 | M13: =C19 -> 1.0056133e+09 | N13: =D19 -> 73190755
B14: Juni | C14: 6.7066436e+08 | D14: 27278644 | E14: 2.6032432e+08 | F14: 9.5826733e+08 | M14: =C25 -> 3.8987578e+08 | N14: =D25 -> 68378258
B15: KA | M15: =C11 -> 3.7446681e+08 | N15: =D11 -> 92402941
B16: LANI | C16: 4.1301347e+08 | D16: 61457253 | E16: 14439640 | F16: 4.8891036e+08 | M16: =C26 -> 4.5424998e+08 | N16: =D26 -> 58885063
B17: Lani P | C17: 3.143507e+08 | D17: 42787524 | F17: 3.5713822e+08 | M17: =C10 -> 2.9788218e+08 | N17: =D10 -> 34050666
B18: Management Bali | C18: 9.769404e+08 | D18: 11562281 | E18: 11405405 | F18: 9.9990809e+08 | M18: =C27 -> 6.8664525e+08 | N18: =D27 -> 1.9190695e+08
B19: Monica | C19: 1.0056133e+09 | D19: 73190755 | E19: 7.0923797e+08 | F19: 1.788042e+09 | M19: =C20+C21 -> 2.9833662e+08 | N19: =D20+D21 -> 1.2884759e+08
B20: Ni Ketut Sriasih (GT) | C20: 2.3428153e+08 | D20: 28741886 | E20: 3816216.3 | F20: 2.6683963e+08 | M20: =IFERROR(C31,0)+IFERROR(C15,0)+IFERROR(C36,0) -> 296173392 | N20: NP5_calc
B21: Ni Ketut Sriasih (MT) | C21: 64055094 | D21: 1.0010571e+08 | E21: 79070272 | F21: 2.4323107e+08 | M21: =IFERROR(C34,0)+IFERROR(C35,0)+M20 -> 9.4563058e+08 | N21: NP3_final
B22: NN Made Luih | C22: 1.9756785e+08 | E22: 12832432 | F22: 2.1040028e+08
B23: NN Sujana | C23: 3.0052152e+08 | E23: 13813693 | F23: 3.1433522e+08
B24: Picrom Stalyon | C24: 2.8842402e+08 | D24: 44585739 | E24: 1.2621429e+08 | F24: 4.5922404e+08
B25: Sujana | C25: 3.8987578e+08 | D25: 68378258 | E25: 2.4797676e+08 | F25: 7.0623079e+08
B26: Taufik | C26: 4.5424998e+08 | D26: 58885063 | E26: 4.6910396e+08 | F26: 9.82239e+08
B27: Wira | C27: 6.8664525e+08 | D27: 1.9190695e+08 | E27: 19182703 | F27: 8.9773491e+08
B29: INPUT: DATA NESTLE
B30: Nama Kry | C30: Total
B32: NP1 | C32: 2.914276e+08
B33: NP2 | C33: 4.3614804e+08
B34: NP3 | C34: 1.3562804e+08
B35: NP4 | C35: 5.1382915e+08
B36: NP5 | C36: 296173392
S40: PILIHAN % TARGET
B41: DATA PENCAPAIAN — GLOBAL — 30 MEI 2026 | E41: TARGET | F41: 0.97 | G41: PILIH TARGET % | H41: 0.9 | I41: PILIH TARGET % | J41: 0.95 | K41: PENUH | L41: 1 | S41: 0.7
B42: KATAGORI | C42: AREA | D42: TARGET | E42: ACHIEVEMENT | F42: % | G42: ="SELISIH"&CHAR(10)&TEXT($H$41,"0%") -> SELISIH 90% | H42: ="PER HARI"&CHAR(10)&TEXT($H$41,"0%") -> PER HARI 90% | I42: ="SELISIH"&CHAR(10)&TEXT($J$41,"0%") -> SELISIH 95% | J42: ="PER HARI"&CHAR(10)&TEXT($J$41,"0%") -> PER HARI 95% | K42: ="SELISIH"&CHAR(10)&TEXT($L$41,"0%") -> SELISIH 100% | L42: ="PER HARI"&CHAR(10)&TEXT($L$41,"0%") -> PER HARI 100% | S42: 0.75
B43: FOOD | C43: HORECA, GT, MT | D43: =SUM(TARGETS!P5:P7,TARGETS!P8:P13,TARGETS!P14:P18) -> 6839279332 | E43: =G65 -> 6.2064853e+09 | F43: =IFERROR(E43/D43,0) -> 0.9074765 | G43: =D43*$H$41-E43 -> -51133853 | H43: =IFERROR(G43/$C$3,0) -> 0 | I43: =D43*$J$41-E43 -> 2.9083011e+08 | J43: =IFERROR(I43/$C$3,0) -> 0 | K43: =D43*$L$41-E43 -> 6.3279408e+08 | L43: =IFERROR(K43/$C$3,0) -> 0 | S43: 0.8
B44: BEVERAGE | C44: HORECA, GT, MT | D44: =SUM(TARGETS!Q5:Q6,TARGETS!Q8:Q12,TARGETS!Q14:Q18) -> 1.4752648e+09 | E44: =N8+N9+N10+N11+N12+N13+N14+N15+N16+N17+N18+N19 -> 9.1967749e+08 | F44: =IFERROR(E44/D44,0) -> 0.62339824 | G44: =D44*$H$41-E44 -> 4.0806085e+08 | H44: =IFERROR(G44/$C$3,0) -> 0 | I44: =D44*$J$41-E44 -> 4.8182409e+08 | J44: =IFERROR(I44/$C$3,0) -> 0 | K44: =D44*$L$41-E44 -> 5.5558733e+08 | L44: =IFERROR(K44/$C$3,0) -> 0 | S44: 0.85
B45: NESTLE | C45: HORECA, GT, MT | D45: =SUM(TARGETS!H22:H26) -> 1.7829787e+09 | E45: =IFERROR(C32,0)+IFERROR(C33,0)+M21+F9 -> 1.6732062e+09 | F45: =IFERROR(E45/D45,0) -> 0.93843308 | G45: =D45*$H$41-E45 -> -68525358 | H45: =IFERROR(G45/$C$3,0) -> 0 | I45: =D45*$J$41-E45 -> 20623579 | J45: =IFERROR(I45/$C$3,0) -> 0 | K45: =D45*$L$41-E45 -> 1.0977251e+08 | L45: =IFERROR(K45/$C$3,0) -> 0 | S45: 0.9
B46: TOTAL | D46: =D43+D44+D45 -> 1.0097523e+10 | E46: =E43+E44+E45 -> 8.799369e+09 | F46: =IFERROR(E46/D46,0) -> 0.87143838 | G46: =G43+G44+G45 -> 2.8840164e+08 | H46: =IFERROR(G46/$C$3,0) -> 0 | I46: =I43+I44+I45 -> 7.9327778e+08 | J46: =IFERROR(I46/$C$3,0) -> 0 | K46: =K43+K44+K45 -> 1.2981539e+09 | L46: =IFERROR(K46/$C$3,0) -> 0 | S46: 0.95
S47: 1
B48: FOOD & BEVERAGES | K48: SELISIH (Target x % - Achievement)
B49: AREA | C49: SALES | D49: TARGET | G49: ACHIEVEMENT | J49: % | K49: ="SELISIH"&CHAR(10)&TEXT($H$41,"0%") -> SELISIH 90% | L49: ="PER HARI"&CHAR(10)&TEXT($H$41,"0%") -> PER HARI 90% | M49: ="SELISIH"&CHAR(10)&TEXT($J$41,"0%") -> SELISIH 95% | N49: ="PER HARI"&CHAR(10)&TEXT($J$41,"0%") -> PER HARI 95% | O49: ="SELISIH"&CHAR(10)&TEXT($L$41,"0%") -> SELISIH 100% | P49: ="PER HARI"&CHAR(10)&TEXT($L$41,"0%") -> PER HARI 100%
D50: Food | E50: Beverage | F50: Total | G50: Food | H50: Beverage | I50: Total
B51: UBUD | C51: PICROM | D51: =TARGETS!P5 -> 416683478 | E51: =TARGETS!Q5 -> 68270401 | F51: =D51+E51 -> 4.8495388e+08 | G51: =M8 -> 2.8842402e+08 | H51: =N8 -> 44585739 | I51: =G51+H51 -> 3.3300976e+08 | J51: =IFERROR(I51/F51,0) -> 0.68668335 | K51: =F51*$H$41-I51 -> 1.0344874e+08 | L51: =IFERROR(K51/$C$3,0) -> 0 | M51: =F51*$J$41-I51 -> 1.2769643e+08 | N51: =IFERROR(M51/$C$3,0) -> 0 | O51: =F51*$L$41-I51 -> 1.5194412e+08 | P51: =IFERROR(O51/$C$3,0) -> 0
B52: DENPASAR - SANUR | C52: I MADE LUIH | D52: =TARGETS!P6 -> 555182371 | E52: =TARGETS!Q6 -> 191546784 | F52: =D52+E52 -> 746729155 | G52: =M9 -> 5.1487341e+08 | H52: =N9 -> 95906107 | I52: =G52+H52 -> 6.1077952e+08 | J52: =IFERROR(I52/F52,0) -> 0.81793983 | K52: =F52*$H$41-I52 -> 61276719 | L52: =IFERROR(K52/$C$3,0) -> 0 | M52: =F52*$J$41-I52 -> 98613177 | N52: =IFERROR(M52/$C$3,0) -> 0 | O52: =F52*$L$41-I52 -> 1.3594963e+08 | P52: =IFERROR(O52/$C$3,0) -> 0
B53: NAUGHTY NURIS | C53: NN MADE LUIH | D53: =TARGETS!P7 -> 241473268 | E53: =TARGETS!Q7 -> 0 | F53: =D53+E53 -> 241473268 | G53: =C22 -> 1.9756785e+08 | H53: =IF(D22="",0,D22) -> 0 | I53: =G53+H53 -> 1.9756785e+08 | J53: =IFERROR(I53/F53,0) -> 0.81817688 | K53: =F53*$H$41-I53 -> 19758095 | L53: =IFERROR(K53/$C$3,0) -> 0 | M53: =F53*$J$41-I53 -> 31831759 | N53: =IFERROR(M53/$C$3,0) -> 0 | O53: =F53*$L$41-I53 -> 43905422 | P53: =IFERROR(O53/$C$3,0) -> 0
B54: KUTA SELATAN - ULUWATU | C54: JUNI | D54: =TARGETS!P8 -> 610712472 | E54: =TARGETS!Q8 -> 46881827 | F54: =D54+E54 -> 6.575943e+08 | G54: =M10 -> 6.7066436e+08 | H54: =N10 -> 27278644 | I54: =G54+H54 -> 6.9794301e+08 | J54: =IFERROR(I54/F54,0) -> 1.0613581 | K54: =F54*$H$41-I54 -> -1.0610814e+08 | L54: =IFERROR(K54/$C$3,0) -> 0 | M54: =F54*$J$41-I54 -> -73228422 | N54: =IFERROR(M54/$C$3,0) -> 0 | O54: =F54*$L$41-I54 -> -40348707 | P54: =IFERROR(O54/$C$3,0) -> 0
B55: KUTA - INDUSTRI | C55: LANI | D55: =TARGETS!P9 -> 405063284 | E55: =TARGETS!Q9 -> 82869315 | F55: =D55+E55 -> 4.879326e+08 | G55: =M11 -> 3.143507e+08 | H55: =N11 -> 42787524 | I55: =G55+H55 -> 3.5713822e+08 | J55: =IFERROR(I55/F55,0) -> 0.73194171 | K55: =F55*$H$41-I55 -> 82001118 | L55: =IFERROR(K55/$C$3,0) -> 0 | M55: =F55*$J$41-I55 -> 1.0639775e+08 | N55: =IFERROR(M55/$C$3,0) -> 0 | O55: =F55*$L$41-I55 -> 1.3079438e+08 | P55: =IFERROR(O55/$C$3,0) -> 0
B56: KUTA - HOTEL | C56: LANI | D56: =TARGETS!P10 -> 473918832 | E56: =TARGETS!Q10 -> 81239394 | F56: =D56+E56 -> 5.5515823e+08 | G56: =M12 -> 4.1301347e+08 | H56: =N12 -> 61457253 | I56: =G56+H56 -> 4.7447072e+08 | J56: =IFERROR(I56/F56,0) -> 0.85465854 | K56: =F56*$H$41-I56 -> 25171682 | L56: =IFERROR(K56/$C$3,0) -> 0 | M56: =F56*$J$41-I56 -> 52929593 | N56: =IFERROR(M56/$C$3,0) -> 0 | O56: =F56*$L$41-I56 -> 80687504 | P56: =IFERROR(O56/$C$3,0) -> 0
B57: KUTA SELATAN - NUSA DUA (HOTEL) | C57: MONICA | D57: =TARGETS!P11 -> 961758345 | E57: =TARGETS!Q11 -> 91928576 | F57: =D57+E57 -> 1.0536869e+09 | G57: =M13 -> 1.0056133e+09 | H57: =N13 -> 73190755 | I57: =G57+H57 -> 1.0788041e+09 | J57: =IFERROR(I57/F57,0) -> 1.0238374 | K57: =F57*$H$41-I57 -> -1.3048583e+08 | L57: =IFERROR(K57/$C$3,0) -> 0 | M57: =F57*$J$41-I57 -> -77801482 | N57: =IFERROR(M57/$C$3,0) -> 0 | O57: =F57*$L$41-I57 -> -25117136 | P57: =IFERROR(O57/$C$3,0) -> 0
B58: SEMINYAK | C58: SUJANA | D58: =TARGETS!P12 -> 505287059 | E58: =TARGETS!Q12 -> 63781404 | F58: =D58+E58 -> 569068463 | G58: =M14 -> 3.8987578e+08 | H58: =N14 -> 68378258 | I58: =G58+H58 -> 4.5825403e+08 | J58: =IFERROR(I58/F58,0) -> 0.80527048 | K58: =F58*$H$41-I58 -> 53907582 | L58: =IFERROR(K58/$C$3,0) -> 0 | M58: =F58*$J$41-I58 -> 82361005 | N58: =IFERROR(M58/$C$3,0) -> 0 | O58: =F58*$L$41-I58 -> 1.1081443e+08 | P58: =IFERROR(O58/$C$3,0) -> 0
B59: NAUGHTY NURIS | C59: NN SUJANA | D59: =TARGETS!P13 -> 404133664 | E59: =TARGETS!Q13 -> 0 | F59: =D59+E59 -> 404133664 | G59: =C23 -> 3.0052152e+08 | H59: =IF(D23="",0,D23) -> 0 | I59: =G59+H59 -> 3.0052152e+08 | J59: =IFERROR(I59/F59,0) -> 0.74361913 | K59: =F59*$H$41-I59 -> 63198774 | L59: =IFERROR(K59/$C$3,0) -> 0 | M59: =F59*$J$41-I59 -> 83405457 | N59: =IFERROR(M59/$C$3,0) -> 0 | O59: =F59*$L$41-I59 -> 1.0361214e+08 | P59: =IFERROR(O59/$C$3,0) -> 0
B60: KUTA - LEGIAN | C60: EKA | D60: =TARGETS!P14 -> 404017309 | E60: =TARGETS!Q14 -> 1.3846439e+08 | F60: =D60+E60 -> 5.424817e+08 | G60: =M15 -> 3.7446681e+08 | H60: =N15 -> 92402941 | I60: =G60+H60 -> 4.6686975e+08 | J60: =IFERROR(I60/F60,0) -> 0.86061844 | K60: =F60*$H$41-I60 -> 21363778 | L60: =IFERROR(K60/$C$3,0) -> 0 | M60: =F60*$J$41-I60 -> 48487863 | N60: =IFERROR(M60/$C$3,0) -> 0 | O60: =F60*$L$41-I60 -> 75611948 | P60: =IFERROR(O60/$C$3,0) -> 0
B61: CANGGU 1 | C61: TAUFIK | D61: =TARGETS!P15 -> 631629596 | E61: =TARGETS!Q15 -> 58741601 | F61: =D61+E61 -> 6.903712e+08 | G61: =M16 -> 4.5424998e+08 | H61: =N16 -> 58885063 | I61: =G61+H61 -> 5.1313504e+08 | J61: =IFERROR(I61/F61,0) -> 0.74327411 | K61: =F61*$H$41-I61 -> 1.0819904e+08 | L61: =IFERROR(K61/$C$3,0) -> 0 | M61: =F61*$J$41-I61 -> 1.427176e+08 | N61: =IFERROR(M61/$C$3,0) -> 0 | O61: =F61*$L$41-I61 -> 1.7723616e+08 | P61: =IFERROR(O61/$C$3,0) -> 0
B62: CANGGU 2 | C62: DEWI KRISTIANI | D62: =TARGETS!P16 -> 386543023 | E62: =TARGETS!Q16 -> 63764155 | F62: =D62+E62 -> 4.5030718e+08 | G62: =M17 -> 2.9788218e+08 | H62: =N17 -> 34050666 | I62: =G62+H62 -> 3.3193285e+08 | J62: =IFERROR(I62/F62,0) -> 0.73712538 | K62: =F62*$H$41-I62 -> 73343610 | L62: =IFERROR(K62/$C$3,0) -> 0 | M62: =F62*$J$41-I62 -> 95858969 | N62: =IFERROR(M62/$C$3,0) -> 0 | O62: =F62*$L$41-I62 -> 1.1837433e+08 | P62: =IFERROR(O62/$C$3,0) -> 0
B63: GT + FOODY | C63: WIRA | D63: =TARGETS!P17 -> 583350942 | E63: =TARGETS!Q17 -> 3.2980694e+08 | F63: =D63+E63 -> 9.1315789e+08 | G63: =M18 -> 6.8664525e+08 | H63: =N18 -> 1.9190695e+08 | I63: =G63+H63 -> 8.785522e+08 | J63: =IFERROR(I63/F63,0) -> 0.96210329 | K63: =F63*$H$41-I63 -> -56710106 | L63: =IFERROR(K63/$C$3,0) -> 0 | M63: =F63*$J$41-I63 -> -11052211 | N63: =IFERROR(M63/$C$3,0) -> 0 | O63: =F63*$L$41-I63 -> 34605683 | P63: =IFERROR(O63/$C$3,0) -> 0
B64: MODERN TRADE + GENERAL TRADE | C64: SRIASIH | D64: =TARGETS!P18 -> 259525689 | E64: =TARGETS!Q18 -> 2.5797003e+08 | F64: =D64+E64 -> 5.1749572e+08 | G64: =M19 -> 2.9833662e+08 | H64: =N19 -> 1.2884759e+08 | I64: =G64+H64 -> 4.2718421e+08 | J64: =IFERROR(I64/F64,0) -> 0.82548357 | K64: =F64*$H$41-I64 -> 38561934 | L64: =IFERROR(K64/$C$3,0) -> 0 | M64: =F64*$J$41-I64 -> 64436720 | N64: =IFERROR(M64/$C$3,0) -> 0 | O64: =F64*$L$41-I64 -> 90311506 | P64: =IFERROR(O64/$C$3,0) -> 0
B65: GRAND TOTAL | D65: =SUM(D51:D64) -> 6839279332 | E65: =SUM(E51:E52,E54:E58,E60:E64) -> 1.4752648e+09 | F65: =SUM(F51:F64) -> 8.3145442e+09 | G65: =SUM(G51:G64) -> 6.2064853e+09 | H65: =SUM(H51:H64) -> 9.1967749e+08 | I65: =SUM(I51:I64) -> 7.1261627e+09 | J65: =IFERROR(I65/F65,0) -> 0.85707197 | K65: =SUM(K51:K64) -> 3.5692699e+08 | L65: =IFERROR(K65/$C$3,0) -> 0 | M65: =SUM(M51:M64) -> 7.726542e+08 | N65: =IFERROR(M65/$C$3,0) -> 0 | O65: =SUM(O51:O64) -> 1.1883814e+09 | P65: =IFERROR(O65/$C$3,0) -> 0
B67: NESTLE
B68: CHANNEL / AREA | C68: SALES | D68: TARGET | E68: ACHIEVEMENT | F68: % | G68: ="SELISIH"&CHAR(10)&TEXT($H$41,"0%") -> SELISIH 90% | H68: ="PER HARI"&CHAR(10)&TEXT($H$41,"0%") -> PER HARI 90% | I68: ="SELISIH"&CHAR(10)&TEXT($J$41,"0%") -> SELISIH 95% | J68: ="PER HARI"&CHAR(10)&TEXT($J$41,"0%") -> PER HARI 95% | K68: ="SELISIH"&CHAR(10)&TEXT($L$41,"0%") -> SELISIH 100% | L68: ="PER HARI"&CHAR(10)&TEXT($L$41,"0%") -> PER HARI 100%
B69: NP - 1 | C69: RIDWAN | D69: =TARGETS!H22 -> 2.7806462e+08 | E69: =IFERROR(C32,0) -> 2.914276e+08 | F69: =IFERROR(E69/D69,0) -> 1.0480571 | G69: =D69*$H$41-E69 -> -41169440 | H69: =IFERROR(G69/$C$3,0) -> 0 | I69: =D69*$J$41-E69 -> -27266209 | J69: =IFERROR(I69/$C$3,0) -> 0 | K69: =D69*$L$41-E69 -> -13362978 | L69: =IFERROR(K69/$C$3,0) -> 0
B70: NP - 2 | C70: REDI | D70: =TARGETS!H23 -> 4.1761855e+08 | E70: =IFERROR(C33,0) -> 4.3614804e+08 | F70: =IFERROR(E70/D70,0) -> 1.0443694 | G70: =D70*$H$41-E70 -> -60291338 | H70: =IFERROR(G70/$C$3,0) -> 0 | I70: =D70*$J$41-E70 -> -39410410 | J70: =IFERROR(I70/$C$3,0) -> 0 | K70: =D70*$L$41-E70 -> -18529483 | L70: =IFERROR(K70/$C$3,0) -> 0
B71: NP - 3 | C71: GEK MAS | D71: =TARGETS!H24 -> 1.0872956e+09 | E71: =M21+M7 -> 9.4563058e+08 | F71: =IFERROR(E71/D71,0) -> 0.86970886 | G71: =D71*$H$41-E71 -> 32935420 | H71: =IFERROR(G71/$C$3,0) -> 0 | I71: =D71*$J$41-E71 -> 87300198 | J71: =IFERROR(I71/$C$3,0) -> 0 | K71: =D71*$L$41-E71 -> 1.4166498e+08 | L71: =IFERROR(K71/$C$3,0) -> 0
B72: NP - 4 | C72: VACANT | D72: =TARGETS!H25 -> 0 | E72: =0 -> 0 | F72: =IFERROR(E72/D72,0) -> 0 | G72: =D72*$H$41-E72 -> 0 | H72: =IFERROR(G72/$C$3,0) -> 0 | I72: =D72*$J$41-E72 -> 0 | J72: =IFERROR(I72/$C$3,0) -> 0 | K72: =D72*$L$41-E72 -> 0 | L72: =IFERROR(K72/$C$3,0) -> 0
B73: NP - 5 | C73: - | D73: =TARGETS!H26 -> 0 | E73: =0 -> 0 | F73: =IFERROR(E73/D73,0) -> 0 | G73: =D73*$H$41-E73 -> 0 | H73: =IFERROR(G73/$C$3,0) -> 0 | I73: =D73*$J$41-E73 -> 0 | J73: =IFERROR(I73/$C$3,0) -> 0 | K73: =D73*$L$41-E73 -> 0 | L73: =IFERROR(K73/$C$3,0) -> 0
B74: GRAND TOTAL | D74: =SUM(D69:D73) -> 1.7829787e+09 | E74: =SUM(E69:E73) -> 1.6732062e+09 | F74: =IFERROR(E74/D74,0) -> 0.93843308 | G74: =SUM(G69:G73) -> -68525358 | H74: =IFERROR(G74/$C$3,0) -> 0 | I74: =SUM(I69:I73) -> 20623579 | J74: =IFERROR(I74/$C$3,0) -> 0 | K74: =SUM(K69:K73) -> 1.0977251e+08 | L74: =IFERROR(K74/$C$3,0) -> 0
B77: BALIAN
B78: AREA | C78: SALES | D78: ACHIEVEMENT
D79: Balian
B80: UBUD | C80: PICROM | D80: =IF(E24="",0,E24) -> 1.2621429e+08
B81: DENPASAR - SANUR | C81: I MADE LUIH | D81: =IF(E12="",0,E12)+IF(E13="",0,E13) -> 93672971
B82: NAUGHTY NURIS | C82: NN MADE LUIH | D82: =IF(E22="",0,E22) -> 12832432
B83: KUTA SELATAN - ULUWATU | C83: JUNI | D83: =IF(E14="",0,E14) -> 2.6032432e+08
B84: KUTA - INDUSTRI | C84: LANI | D84: =0 -> 0
B85: KUTA - HOTEL | C85: LANI | D85: =IF(E16="",0,E16) -> 14439640
B86: KUTA SELATAN - NUSA DUA (HOTEL) | C86: MONICA | D86: =IF(E19="",0,E19) -> 7.0923797e+08
B87: SEMINYAK | C87: SUJANA | D87: =IF(E25="",0,E25) -> 2.4797676e+08
B88: NAUGHTY NURIS | C88: NN SUJANA | D88: =IF(E23="",0,E23) -> 13813693
B89: KUTA - LEGIAN | C89: EKA | D89: =IF(E11="",0,E11) -> 40868469
B90: CANGGU 1 | C90: TAUFIK | D90: =IF(E26="",0,E26) -> 4.6910396e+08
B91: CANGGU 2 | C91: DEWI KRISTIANI | D91: =IF(E10="",0,E10) -> 1.6278861e+08
B92: GT + FOODY | C92: WIRA | D92: =IF(E27="",0,E27) -> 19182703
B93: MODERN TRADE + GENERAL TRADE | C93: SRIASIH | D93: =IF(E20="",0,E20)+IF(E21="",0,E21) -> 82886488
B94: GRAND TOTAL | D94: =SUM(D80:D93) -> 2.2533423e+09

Sheet JUN
B1: DATA PENCAPAIAN — JUNI 2026 | G1: ⚙️ KALENDER KERJA — INPUT MANUAL
G2: Total hari kalender bulan ini (auto) | J2: =E3 -> 30
B3: HARI TERSISA (auto): | C3: =IF($J$5<>"",$J$5,MAX(0,NETWORKDAYS.INTL(MAX(TODAY(),DATE(YEAR(TODAY()),6,1)),EOMONTH(DATE(YEAR(TODAY()),6,1),0),11)-MAX(0,$J$3-$J$4))) -> 0 | D3: Hari kerja tersisa bulan ini (Sab s/d akhir bulan) — otomatis | E3: =DAY(EOMONTH(DATE(YEAR(TODAY()),6,1),0)) -> 30 | G3: Total hari LIBUR / OFF bulan ini | J3: 0
G4: Libur yang SUDAH lewat | J4: 0
G5: Override HARI TERSISA (kosong = auto)
B6: 📥 INPUT DATA HARIAN — Paste dari file sistem di sini | M6: FOOD_ACHIV (calc) | N6: BEV_ACHIV (calc)
B7: INPUT: DATA MKS (FOOD & BEVERAGES) | M7: =C9 -> 0 | N7: =D9 -> 0
B8: Nama_Kry | C8: FOOD | D8: BEVERAGE | E8: Balian | F8: Grand Total | M8: =C24 -> 3.2057529e+08 | N8: =D24 -> 55052088
C9: 0 | D9: 0 | M9: =C12+C13 -> 5.4877295e+08 | N9: =D12+D13 -> 1.3073749e+08
B10: Dewi Kristiani | C10: 3.2228085e+08 | D10: 34873342 | E10: 1.5816224e+08 | F10: 5.1531643e+08 | M10: =C14 -> 9.8945648e+08 | N10: =D14 -> 37132037
B11: Eka | C11: 3.5080024e+08 | D11: 84864795 | E11: 22719654 | F11: 4.5838469e+08 | M11: =C17 -> 3.6816377e+08 | N11: =D17 -> 50693885
B12: I MADE LUIH | C12: 3.0717207e+08 | D12: 78765433 | E12: 52572805 | F12: 4.3851031e+08 | M12: =C16 -> 5.1702851e+08 | N12: =D16 -> 88679408
B13: I Made Luih (Sanur) | C13: 2.4160087e+08 | D13: 51972058 | E13: 36793626 | F13: 3.3036656e+08 | M13: =C19 -> 1.0027561e+09 | N13: =D19 -> 72945098
B14: Juni | C14: 9.8945648e+08 | D14: 37132037 | E14: 2.6658798e+08 | F14: 1.2931765e+09 | M14: =C25 -> 4.6184929e+08 | N14: =D25 -> 75489696
B15: KA | M15: =C11 -> 3.5080024e+08 | N15: =D11 -> 84864795
B16: LANI | C16: 5.1702851e+08 | D16: 88679408 | E16: 34044892 | F16: 6.3975281e+08 | M16: =C26 -> 5.0873588e+08 | N16: =D26 -> 51169801
B17: Lani P | C17: 3.6816377e+08 | D17: 50693885 | F17: 4.1885765e+08 | M17: =C10 -> 3.2228085e+08 | N17: =D10 -> 34873342
B18: Management Bali | C18: 5.1198777e+08 | D18: 7135512 | E18: 11708703 | F18: 5.3083199e+08 | M18: =C27 -> 7.89358e+08 | N18: =D27 -> 2.352123e+08
B19: Monica | C19: 1.0027561e+09 | D19: 72945098 | E19: 1.3298588e+09 | F19: 2.40556e+09 | M19: =C20+C21 -> 1.8636765e+08 | N19: =D20+D21 -> 1.5255207e+08
B20: Ni Ketut Sriasih (GT) | C20: 1.272007e+08 | D20: 22547773 | E20: 10497297 | F20: 1.6024577e+08 | M20: =IFERROR(C31,0)+IFERROR(C15,0)+IFERROR(C36,0) -> 3.0964525e+08 | N20: NP5_calc
B21: Ni Ketut Sriasih (MT) | C21: 59166950 | D21: 1.300043e+08 | E21: 89578380 | F21: 2.7874963e+08 | M21: =IFERROR(C34,0)+IFERROR(C35,0)+M20 -> 1.2085899e+09 | N21: NP3_final
B22: NN Made Luih | C22: 1.6767184e+08 | E22: 12540540 | F22: 1.8021238e+08
B23: NN Sujana | C23: 3.8893768e+08 | E23: 17519369 | F23: 4.0645705e+08
B24: Picrom Stalyon | C24: 3.2057529e+08 | D24: 55052088 | E24: 3.7932902e+08 | F24: 7.549564e+08
B25: Sujana | C25: 4.6184929e+08 | D25: 75489696 | E25: 3.1481229e+08 | F25: 8.5215127e+08
B26: Taufik | C26: 5.0873588e+08 | D26: 51169801 | E26: 5.8102825e+08 | F26: 1.1409339e+09
B27: Wira | C27: 7.89358e+08 | D27: 2.352123e+08 | E27: 17184217 | F27: 1.0417545e+09
B29: INPUT: DATA NESTLE
B30: Nama Kry | C30: Total
B32: NP1 | C32: 1.8527253e+08
B33: NP2 | C33: 3.3487168e+08
B34: NP3 | C34: 1.6425311e+08
B35: NP4 | C35: 7.3469155e+08
B36: NP5 | C36: 3.0964525e+08
S40: PILIHAN % TARGET
B41: DATA PENCAPAIAN — GLOBAL — 30 JUNI 2026 | E41: TARGET | F41: =IF(MONTH(TODAY())=6,DAY(TODAY())/DAY(EOMONTH(TODAY(),0)),IF(MONTH(TODAY())>6,1,0)) -> 1 | G41: PILIH TARGET % | H41: 0.9 | I41: PILIH TARGET % | J41: 0.95 | K41: PENUH | L41: 1 | S41: 0.7
B42: KATAGORI | C42: AREA | D42: TARGET | E42: ACHIEVEMENT | F42: % | G42: ="SELISIH"&CHAR(10)&TEXT($H$41,"0%") -> SELISIH 90% | H42: ="PER HARI"&CHAR(10)&TEXT($H$41,"0%") -> PER HARI 90% | I42: ="SELISIH"&CHAR(10)&TEXT($J$41,"0%") -> SELISIH 95% | J42: ="PER HARI"&CHAR(10)&TEXT($J$41,"0%") -> PER HARI 95% | K42: ="SELISIH"&CHAR(10)&TEXT($L$41,"0%") -> SELISIH 100% | L42: ="PER HARI"&CHAR(10)&TEXT($L$41,"0%") -> PER HARI 100% | S42: 0.75
B43: FOOD | C43: HORECA, GT, MT | D43: =SUM(TARGETS!S5:S7,TARGETS!S8:S13,TARGETS!S14:S18) -> 7259279332 | E43: =G65 -> 6.9227545e+09 | F43: =IFERROR(E43/D43,0) -> 0.95364212 | G43: =D43*$H$41-E43 -> -3.894031e+08 | H43: =IFERROR(G43/$C$3,0) -> 0 | I43: =D43*$J$41-E43 -> -26439134 | J43: =IFERROR(I43/$C$3,0) -> 0 | K43: =D43*$L$41-E43 -> 3.3652483e+08 | L43: =IFERROR(K43/$C$3,0) -> 0 | S43: 0.8
B44: BEVERAGE | C44: HORECA, GT, MT | D44: =SUM(TARGETS!T5:T6,TARGETS!T8:T12,TARGETS!T14:T18) -> 1809425059 | E44: =N8+N9+N10+N11+N12+N13+N14+N15+N16+N17+N18+N19 -> 1.069402e+09 | F44: =IFERROR(E44/D44,0) -> 0.59101758 | G44: =D44*$H$41-E44 -> 5.5908054e+08 | H44: =IFERROR(G44/$C$3,0) -> 0 | I44: =D44*$J$41-E44 -> 6.4955179e+08 | J44: =IFERROR(I44/$C$3,0) -> 0 | K44: =D44*$L$41-E44 -> 7.4002305e+08 | L44: =IFERROR(K44/$C$3,0) -> 0 | S44: 0.85
B45: NESTLE | C45: HORECA, GT, MT | D45: =SUM(TARGETS!I22:I26) -> 1830851064 | E45: =IFERROR(C32,0)+IFERROR(C33,0)+M21+F9 -> 1.7287341e+09 | F45: =IFERROR(E45/D45,0) -> 0.94422433 | G45: =D45*$H$41-E45 -> -80968167 | H45: =IFERROR(G45/$C$3,0) -> 0 | I45: =D45*$J$41-E45 -> 10574387 | J45: =IFERROR(I45/$C$3,0) -> 0 | K45: =D45*$L$41-E45 -> 1.0211694e+08 | L45: =IFERROR(K45/$C$3,0) -> 0 | S45: 0.9
B46: TOTAL | D46: =D43+D44+D45 -> 10899555455 | E46: =E43+E44+E45 -> 9.7208906e+09 | F46: =IFERROR(E46/D46,0) -> 0.8918612 | G46: =G43+G44+G45 -> 88709273 | H46: =IFERROR(G46/$C$3,0) -> 0 | I46: =I43+I44+I45 -> 6.3368705e+08 | J46: =IFERROR(I46/$C$3,0) -> 0 | K46: =K43+K44+K45 -> 1.1786648e+09 | L46: =IFERROR(K46/$C$3,0) -> 0 | S46: 0.95
S47: 1
B48: FOOD & BEVERAGES | K48: SELISIH (Target x % - Achievement)
B49: AREA | C49: SALES | D49: TARGET | G49: ACHIEVEMENT | J49: % | K49: ="SELISIH"&CHAR(10)&TEXT($H$41,"0%") -> SELISIH 90% | L49: ="PER HARI"&CHAR(10)&TEXT($H$41,"0%") -> PER HARI 90% | M49: ="SELISIH"&CHAR(10)&TEXT($J$41,"0%") -> SELISIH 95% | N49: ="PER HARI"&CHAR(10)&TEXT($J$41,"0%") -> PER HARI 95% | O49: ="SELISIH"&CHAR(10)&TEXT($L$41,"0%") -> SELISIH 100% | P49: ="PER HARI"&CHAR(10)&TEXT($L$41,"0%") -> PER HARI 100%
D50: Food | E50: Beverage | F50: Total | G50: Food | H50: Beverage | I50: Total
B51: UBUD | C51: PICROM | D51: =TARGETS!S5 -> 451683478 | E51: =TARGETS!T5 -> 101830423 | F51: =D51+E51 -> 553513901 | G51: =M8 -> 3.2057529e+08 | H51: =N8 -> 55052088 | I51: =G51+H51 -> 3.7562737e+08 | J51: =IFERROR(I51/F51,0) -> 0.6786232 | K51: =F51*$H$41-I51 -> 1.2253514e+08 | L51: =IFERROR(K51/$C$3,0) -> 0 | M51: =F51*$J$41-I51 -> 1.5021083e+08 | N51: =IFERROR(M51/$C$3,0) -> 0 | O51: =F51*$L$41-I51 -> 1.7788653e+08 | P51: =IFERROR(O51/$C$3,0) -> 0
B52: DENPASAR - SANUR | C52: I MADE LUIH | D52: =TARGETS!S6 -> 590182371 | E52: =TARGETS!T6 -> 225106806 | F52: =D52+E52 -> 815289177 | G52: =M9 -> 5.4877295e+08 | H52: =N9 -> 1.3073749e+08 | I52: =G52+H52 -> 6.7951044e+08 | J52: =IFERROR(I52/F52,0) -> 0.83345941 | K52: =F52*$H$41-I52 -> 54249820 | L52: =IFERROR(K52/$C$3,0) -> 0 | M52: =F52*$J$41-I52 -> 95014279 | N52: =IFERROR(M52/$C$3,0) -> 0 | O52: =F52*$L$41-I52 -> 1.3577874e+08 | P52: =IFERROR(O52/$C$3,0) -> 0
B53: NAUGHTY NURIS | C53: NN MADE LUIH | D53: =TARGETS!S7 -> 241473268 | E53: =TARGETS!T7 -> 0 | F53: =D53+E53 -> 241473268 | G53: =C22 -> 1.6767184e+08 | H53: =IF(D22="",0,D22) -> 0 | I53: =G53+H53 -> 1.6767184e+08 | J53: =IFERROR(I53/F53,0) -> 0.6943702 | K53: =F53*$H$41-I53 -> 49654100 | L53: =IFERROR(K53/$C$3,0) -> 0 | M53: =F53*$J$41-I53 -> 61727764 | N53: =IFERROR(M53/$C$3,0) -> 0 | O53: =F53*$L$41-I53 -> 73801427 | P53: =IFERROR(O53/$C$3,0) -> 0
B54: KUTA SELATAN - ULUWATU | C54: JUNI | D54: =TARGETS!S8 -> 645712472 | E54: =TARGETS!T8 -> 80441848 | F54: =D54+E54 -> 726154320 | G54: =M10 -> 9.8945648e+08 | H54: =N10 -> 37132037 | I54: =G54+H54 -> 1.0265885e+09 | J54: =IFERROR(I54/F54,0) -> 1.4137333 | K54: =F54*$H$41-I54 -> -3.7304963e+08 | L54: =IFERROR(K54/$C$3,0) -> 0 | M54: =F54*$J$41-I54 -> -3.3674191e+08 | N54: =IFERROR(M54/$C$3,0) -> 0 | O54: =F54*$L$41-I54 -> -3.0043419e+08 | P54: =IFERROR(O54/$C$3,0) -> 0
B55: KUTA - INDUSTRI | C55: LANI | D55: =TARGETS!S9 -> 508918832 | E55: =TARGETS!T9 -> 80519404 | F55: =D55+E55 -> 589438236 | G55: =M11 -> 3.6816377e+08 | H55: =N11 -> 50693885 | I55: =G55+H55 -> 4.1885765e+08 | J55: =IFERROR(I55/F55,0) -> 0.71060482 | K55: =F55*$H$41-I55 -> 1.1163676e+08 | L55: =IFERROR(K55/$C$3,0) -> 0 | M55: =F55*$J$41-I55 -> 1.4110867e+08 | N55: =IFERROR(M55/$C$3,0) -> 0 | O55: =F55*$L$41-I55 -> 1.7058059e+08 | P55: =IFERROR(O55/$C$3,0) -> 0
B56: KUTA - HOTEL | C56: LANI | D56: =TARGETS!S10 -> 440063284 | E56: =TARGETS!T10 -> 82149325 | F56: =D56+E56 -> 522212609 | G56: =M12 -> 5.1702851e+08 | H56: =N12 -> 88679408 | I56: =G56+H56 -> 6.0570792e+08 | J56: =IFERROR(I56/F56,0) -> 1.1598876 | K56: =F56*$H$41-I56 -> -1.3571657e+08 | L56: =IFERROR(K56/$C$3,0) -> 0 | M56: =F56*$J$41-I56 -> -1.0960594e+08 | N56: =IFERROR(M56/$C$3,0) -> 0 | O56: =F56*$L$41-I56 -> -83495310 | P56: =IFERROR(O56/$C$3,0) -> 0
B57: KUTA SELATAN - NUSA DUA (HOTEL) | C57: MONICA | D57: =TARGETS!S11 -> 996758345 | E57: =TARGETS!T11 -> 125488598 | F57: =D57+E57 -> 1122246943 | G57: =M13 -> 1.0027561e+09 | H57: =N13 -> 72945098 | I57: =G57+H57 -> 1.0757012e+09 | J57: =IFERROR(I57/F57,0) -> 0.95852449 | K57: =F57*$H$41-I57 -> -65678930 | L57: =IFERROR(K57/$C$3,0) -> 0 | M57: =F57*$J$41-I57 -> -9566582.4 | N57: =IFERROR(M57/$C$3,0) -> 0 | O57: =F57*$L$41-I57 -> 46545765 | P57: =IFERROR(O57/$C$3,0) -> 0
B58: SEMINYAK | C58: SUJANA | D58: =TARGETS!S12 -> 540287059 | E58: =TARGETS!T12 -> 97341426 | F58: =D58+E58 -> 637628485 | G58: =M14 -> 4.6184929e+08 | H58: =N14 -> 75489696 | I58: =G58+H58 -> 5.3733899e+08 | J58: =IFERROR(I58/F58,0) -> 0.84271484 | K58: =F58*$H$41-I58 -> 36526651 | L58: =IFERROR(K58/$C$3,0) -> 0 | M58: =F58*$J$41-I58 -> 68408075 | N58: =IFERROR(M58/$C$3,0) -> 0 | O58: =F58*$L$41-I58 -> 1.002895e+08 | P58: =IFERROR(O58/$C$3,0) -> 0
B59: NAUGHTY NURIS | C59: NN SUJANA | D59: =TARGETS!S13 -> 404133664 | E59: =TARGETS!T13 -> 0 | F59: =D59+E59 -> 404133664 | G59: =C23 -> 3.8893768e+08 | H59: =IF(D23="",0,D23) -> 0 | I59: =G59+H59 -> 3.8893768e+08 | J59: =IFERROR(I59/F59,0) -> 0.96239862 | K59: =F59*$H$41-I59 -> -25217382 | L59: =IFERROR(K59/$C$3,0) -> 0 | M59: =F59*$J$41-I59 -> -5010698.4 | N59: =IFERROR(M59/$C$3,0) -> 0 | O59: =F59*$L$41-I59 -> 15195985 | P59: =IFERROR(O59/$C$3,0) -> 0
B60: KUTA - LEGIAN | C60: EKA | D60: =TARGETS!S14 -> 439017309 | E60: =TARGETS!T14 -> 172024412 | F60: =D60+E60 -> 611041721 | G60: =M15 -> 3.5080024e+08 | H60: =N15 -> 84864795 | I60: =G60+H60 -> 4.3566503e+08 | J60: =IFERROR(I60/F60,0) -> 0.71298737 | K60: =F60*$H$41-I60 -> 1.1427252e+08 | L60: =IFERROR(K60/$C$3,0) -> 0 | M60: =F60*$J$41-I60 -> 1.448246e+08 | N60: =IFERROR(M60/$C$3,0) -> 0 | O60: =F60*$L$41-I60 -> 1.7537669e+08 | P60: =IFERROR(O60/$C$3,0) -> 0
B61: CANGGU 1 | C61: TAUFIK | D61: =TARGETS!S15 -> 666629596 | E61: =TARGETS!T15 -> 92301622 | F61: =D61+E61 -> 758931218 | G61: =M16 -> 5.0873588e+08 | H61: =N16 -> 51169801 | I61: =G61+H61 -> 5.5990568e+08 | J61: =IFERROR(I61/F61,0) -> 0.7377555 | K61: =F61*$H$41-I61 -> 1.2313242e+08 | L61: =IFERROR(K61/$C$3,0) -> 0 | M61: =F61*$J$41-I61 -> 1.6107898e+08 | N61: =IFERROR(M61/$C$3,0) -> 0 | O61: =F61*$L$41-I61 -> 1.9902554e+08 | P61: =IFERROR(O61/$C$3,0) -> 0
B62: CANGGU 2 | C62: DEWI KRISTIANI | D62: =TARGETS!S16 -> 421543023 | E62: =TARGETS!T16 -> 97324176 | F62: =D62+E62 -> 518867199 | G62: =M17 -> 3.2228085e+08 | H62: =N17 -> 34873342 | I62: =G62+H62 -> 3.5715419e+08 | J62: =IFERROR(I62/F62,0) -> 0.6883345 | K62: =F62*$H$41-I62 -> 1.0982629e+08 | L62: =IFERROR(K62/$C$3,0) -> 0 | M62: =F62*$J$41-I62 -> 1.3576965e+08 | N62: =IFERROR(M62/$C$3,0) -> 0 | O62: =F62*$L$41-I62 -> 1.6171301e+08 | P62: =IFERROR(O62/$C$3,0) -> 0
B63: GT + FOODY | C63: WIRA | D63: =TARGETS!S17 -> 618350942 | E63: =TARGETS!T17 -> 363366966 | F63: =D63+E63 -> 981717908 | G63: =M18 -> 7.89358e+08 | H63: =N18 -> 2.352123e+08 | I63: =G63+H63 -> 1.0245703e+09 | J63: =IFERROR(I63/F63,0) -> 1.0436504 | K63: =F63*$H$41-I63 -> -1.4102418e+08 | L63: =IFERROR(K63/$C$3,0) -> 0 | M63: =F63*$J$41-I63 -> -91938288 | N63: =IFERROR(M63/$C$3,0) -> 0 | O63: =F63*$L$41-I63 -> -42852393 | P63: =IFERROR(O63/$C$3,0) -> 0
B64: MODERN TRADE + GENERAL TRADE | C64: SRIASIH | D64: =TARGETS!S18 -> 294525689 | E64: =TARGETS!T18 -> 291530053 | F64: =D64+E64 -> 586055742 | G64: =M19 -> 1.8636765e+08 | H64: =N19 -> 1.5255207e+08 | I64: =G64+H64 -> 3.3891973e+08 | J64: =IFERROR(I64/F64,0) -> 0.5783063 | K64: =F64*$H$41-I64 -> 1.8853044e+08 | L64: =IFERROR(K64/$C$3,0) -> 0 | M64: =F64*$J$41-I64 -> 2.1783323e+08 | N64: =IFERROR(M64/$C$3,0) -> 0 | O64: =F64*$L$41-I64 -> 2.4713602e+08 | P64: =IFERROR(O64/$C$3,0) -> 0
B65: GRAND TOTAL | D65: =SUM(D51:D64) -> 7259279332 | E65: =SUM(E51:E52,E54:E58,E60:E64) -> 1809425059 | F65: =SUM(F51:F64) -> 9068704391 | G65: =SUM(G51:G64) -> 6.9227545e+09 | H65: =SUM(H51:H64) -> 1.069402e+09 | I65: =SUM(I51:I64) -> 7.9921565e+09 | J65: =IFERROR(I65/F65,0) -> 0.88128978 | K65: =SUM(K51:K64) -> 1.6967744e+08 | L65: =IFERROR(K65/$C$3,0) -> 0 | M65: =SUM(M51:M64) -> 6.2311266e+08 | N65: =IFERROR(M65/$C$3,0) -> 0 | O65: =SUM(O51:O64) -> 1.0765479e+09 | P65: =IFERROR(O65/$C$3,0) -> 0
B67: NESTLE
B68: CHANNEL / AREA | C68: SALES | D68: TARGET | E68: ACHIEVEMENT | F68: % | G68: ="SELISIH"&CHAR(10)&TEXT($H$41,"0%") -> SELISIH 90% | H68: ="PER HARI"&CHAR(10)&TEXT($H$41,"0%") -> PER HARI 90% | I68: ="SELISIH"&CHAR(10)&TEXT($J$41,"0%") -> SELISIH 95% | J68: ="PER HARI"&CHAR(10)&TEXT($J$41,"0%") -> PER HARI 95% | K68: ="SELISIH"&CHAR(10)&TEXT($L$41,"0%") -> SELISIH 100% | L68: ="PER HARI"&CHAR(10)&TEXT($L$41,"0%") -> PER HARI 100%
B69: NP - 1 | C69: RIDWAN | D69: =TARGETS!I22 -> 285530553 | E69: =IFERROR(C32,0) -> 1.8527253e+08 | F69: =IFERROR(E69/D69,0) -> 0.64887113 | G69: =D69*$H$41-E69 -> 71704964 | H69: =IFERROR(G69/$C$3,0) -> 0 | I69: =D69*$J$41-E69 -> 85981492 | J69: =IFERROR(I69/$C$3,0) -> 0 | K69: =D69*$L$41-E69 -> 1.0025802e+08 | L69: =IFERROR(K69/$C$3,0) -> 0
B70: NP - 2 | C70: REDI | D70: =TARGETS!I23 -> 428831462 | E70: =IFERROR(C33,0) -> 3.3487168e+08 | F70: =IFERROR(E70/D70,0) -> 0.78089344 | G70: =D70*$H$41-E70 -> 51076639 | H70: =IFERROR(G70/$C$3,0) -> 0 | I70: =D70*$J$41-E70 -> 72518212 | J70: =IFERROR(I70/$C$3,0) -> 0 | K70: =D70*$L$41-E70 -> 93959786 | L70: =IFERROR(K70/$C$3,0) -> 0
B71: NP - 3 | C71: GEK MAS | D71: =TARGETS!I24 -> 1116489049 | E71: =M21+M7 -> 1.2085899e+09 | F71: =IFERROR(E71/D71,0) -> 1.0824915 | G71: =D71*$H$41-E71 -> -2.0374977e+08 | H71: =IFERROR(G71/$C$3,0) -> 0 | I71: =D71*$J$41-E71 -> -1.4792532e+08 | J71: =IFERROR(I71/$C$3,0) -> 0 | K71: =D71*$L$41-E71 -> -92100865 | L71: =IFERROR(K71/$C$3,0) -> 0
B72: NP - 4 | C72: VACANT | D72: =TARGETS!I25 -> 0 | E72: =0 -> 0 | F72: =IFERROR(E72/D72,0) -> 0 | G72: =D72*$H$41-E72 -> 0 | H72: =IFERROR(G72/$C$3,0) -> 0 | I72: =D72*$J$41-E72 -> 0 | J72: =IFERROR(I72/$C$3,0) -> 0 | K72: =D72*$L$41-E72 -> 0 | L72: =IFERROR(K72/$C$3,0) -> 0
B73: NP - 5 | C73: - | D73: =TARGETS!I26 -> 0 | E73: =0 -> 0 | F73: =IFERROR(E73/D73,0) -> 0 | G73: =D73*$H$41-E73 -> 0 | H73: =IFERROR(G73/$C$3,0) -> 0 | I73: =D73*$J$41-E73 -> 0 | J73: =IFERROR(I73/$C$3,0) -> 0 | K73: =D73*$L$41-E73 -> 0 | L73: =IFERROR(K73/$C$3,0) -> 0
B74: GRAND TOTAL | D74: =SUM(D69:D73) -> 1830851064 | E74: =SUM(E69:E73) -> 1.7287341e+09 | F74: =IFERROR(E74/D74,0) -> 0.94422433 | G74: =SUM(G69:G73) -> -80968167 | H74: =IFERROR(G74/$C$3,0) -> 0 | I74: =SUM(I69:I73) -> 10574387 | J74: =IFERROR(I74/$C$3,0) -> 0 | K74: =SUM(K69:K73) -> 1.0211694e+08 | L74: =IFERROR(K74/$C$3,0) -> 0
B77: BALIAN
B78: AREA | C78: SALES | D78: ACHIEVEMENT
D79: Balian
B80: UBUD | C80: PICROM | D80: 3.7932902e+08
B81: DENPASAR - SANUR | C81: I MADE LUIH | D81: 89366431
B82: NAUGHTY NURIS | C82: NN MADE LUIH | D82: 12540540
B83: KUTA SELATAN - ULUWATU | C83: JUNI | D83: 2.6658798e+08
B84: KUTA - INDUSTRI | C84: LANI | D84: =0 -> 0
B85: KUTA - HOTEL | C85: LANI | D85: 34044892
B86: KUTA SELATAN - NUSA DUA (HOTEL) | C86: MONICA | D86: 1.3298588e+09
B87: SEMINYAK | C87: SUJANA | D87: 3.1481229e+08
B88: NAUGHTY NURIS | C88: NN SUJANA | D88: 17519369
B89: KUTA - LEGIAN | C89: EKA | D89: 22719654
B90: CANGGU 1 | C90: TAUFIK | D90: 5.8102825e+08
B91: CANGGU 2 | C91: DEWI KRISTIANI | D91: 1.5816224e+08
B92: GT + FOODY | C92: WIRA | D92: 17184217
B93: MODERN TRADE + GENERAL TRADE | C93: SRIASIH | D93: 1.0007568e+08
B94: GRAND TOTAL | D94: =SUM(D80:D93) -> 3.3232294e+09

Sheet JUL
B1: DATA PENCAPAIAN — JULI 2026 | G1: ⚙️ KALENDER KERJA — INPUT MANUAL
G2: Total hari kalender bulan ini (auto) | J2: =E3 -> 31
B3: HARI TERSISA (auto): | C3: =IF($J$5<>"",$J$5,MAX(0,NETWORKDAYS.INTL(MAX(TODAY(),DATE(YEAR(TODAY()),7,1)),EOMONTH(DATE(YEAR(TODAY()),7,1),0),11)-MAX(0,$J$3-$J$4))) -> 0 | D3: Hari kerja tersisa bulan ini (Sab s/d akhir bulan) — otomatis | E3: =DAY(EOMONTH(DATE(YEAR(TODAY()),7,1),0)) -> 31 | G3: Total hari LIBUR / OFF bulan ini | J3: 0
G4: Libur yang SUDAH lewat | J4: 0
G5: Override HARI TERSISA (kosong = auto)
B6: 📥 INPUT DATA HARIAN — Paste dari file sistem di sini | M6: FOOD_ACHIV (calc) | N6: BEV_ACHIV (calc)
B7: INPUT: DATA MKS (FOOD & BEVERAGES) | M7: =C9 -> 0 | N7: =D9 -> 0
B8: Nama_Kry | C8: FOOD | D8: BEVERAGE | E8: Balian | F8: Grand Total | M8: =C22 -> 4.485104e+08 | N8: =D22 -> 63011769
C9: 0 | D9: 0 | M9: =C13+C14 -> 6.4575804e+08 | N9: =D13+D14 -> 1.5511396e+08
B10: Dewi Kristiani | C10: 3.9361727e+08 | D10: 52106886 | E10: 1.7862609e+08 | F10: 6.2435024e+08 | M10: =C15 -> 1.0546719e+09 | N10: =D15 -> 29495979
B11: Eka | C11: 3.2468822e+08 | D11: 1.3096968e+08 | E11: 1.2348507e+08 | F11: 5.7914297e+08 | M11: =C12 -> 3.4181982e+08 | N11: =D12 -> 43800016
B12: FIB | C12: 3.4181982e+08 | D12: 43800016 | F12: 3.8561984e+08 | M12: =C25+C26 -> 4.0540108e+08 | N12: =D25+D26 -> 1.1078907e+08
B13: I MADE LUIH | C13: 3.3578326e+08 | D13: 1.1624017e+08 | E13: 62660260 | F13: 5.1468369e+08 | M13: =C17 -> 1.4250263e+09 | N13: =D17 -> 87442239
B14: I Made Luih (Sanur) | C14: 3.0997478e+08 | D14: 38873784 | E14: 61782486 | F14: 4.1063105e+08 | M14: =C23 -> 5.3762496e+08 | N14: =D23 -> 72473353
B15: Juni | C15: 1.0546719e+09 | D15: 29495979 | E15: 4.1021826e+08 | F15: 1.4943861e+09 | M15: =C11 -> 3.2468822e+08 | N15: =D11 -> 1.3096968e+08
B16: Management Bali | C16: 1.5544164e+09 | D16: 10384914 | E16: 8032432.4 | F16: 1.5728338e+09 | M16: =C24 -> 6.8718224e+08 | N16: =D24 -> 61286832
B17: Monica | C17: 1.4250263e+09 | D17: 87442239 | E17: 1.305013e+09 | F17: 2.8174815e+09 | M17: =C10 -> 3.9361727e+08 | N17: =D10 -> 52106886
B18: Ni Ketut Sriasih (GT) | C18: 2.6911917e+08 | D18: 21889933 | E18: 7372973.1 | F18: 2.9838207e+08 | M18: =C27 -> 8.8712302e+08 | N18: =D27 -> 2.6778137e+08
B19: Ni Ketut Sriasih (MT) | C19: 72833050 | D19: 1.2896659e+08 | E19: 85016218 | F19: 2.8681586e+08 | M19: =C18+C19 -> 3.4195222e+08 | N19: =D18+D19 -> 1.5085653e+08
B20: NN Made Luih | C20: 1.954762e+08 | E20: 11387387 | F20: 2.0686359e+08 | M20: =IFERROR(C31,0)+IFERROR(C36,0) -> 31764000 | N20: NP5_calc
B21: NN Sujana | C21: 2.8852489e+08 | E21: 15855585 | F21: 3.0438047e+08 | M21: =IFERROR(C34,0)+IFERROR(C35,0)+M20 -> 6.7036265e+08 | N21: NP3_final
B22: Picrom Stalyon | C22: 4.485104e+08 | D22: 63011769 | E22: 5.0369866e+08 | F22: 1.0152208e+09
B23: Sujana | C23: 5.3762496e+08 | D23: 72473353 | E23: 3.1095847e+08 | F23: 9.2105678e+08
B24: Taufik | C24: 6.8718224e+08 | D24: 61286832 | E24: 7.9213712e+08 | F24: 1.5406062e+09
B25: Vacant Hotel Kuta Seminyak | C25: 2.6731645e+08 | D25: 6945068.9 | E25: 65202432 | F25: 3.3946395e+08
B26: Vacant Hotel Seminyak Kuta | C26: 1.3808463e+08 | D26: 1.03844e+08 | F26: 2.4192863e+08
B27: Wira | C27: 8.8712302e+08 | D27: 2.6778137e+08 | E27: 17830595 | F27: 1.172735e+09
B29: INPUT: DATA NESTLE
B30: Nama Kry | C30: Total
B32: NP1 | C32: 2.4701721e+08
B33: NP2 | C33: 6.0352798e+08
B34: NP3 | C34: 1.3237803e+08
B35: NP4 | C35: 5.0622062e+08
B36: NP5 | C36: 31764000
S40: PILIHAN % TARGET
B41: DATA PENCAPAIAN — GLOBAL — 31 JULI 2026 | E41: TARGET | F41: =IF(MONTH(TODAY())=7,DAY(TODAY())/DAY(EOMONTH(TODAY(),0)),IF(MONTH(TODAY())>7,1,0)) -> 1 | G41: PILIH TARGET % | H41: 0.9 | I41: PILIH TARGET % | J41: 0.95 | K41: PENUH | L41: 1 | S41: 0.7
B42: KATAGORI | C42: AREA | D42: TARGET | E42: ACHIEVEMENT | F42: % | G42: ="SELISIH"&CHAR(10)&TEXT($H$41,"0%") -> SELISIH 90% | H42: ="PER HARI"&CHAR(10)&TEXT($H$41,"0%") -> PER HARI 90% | I42: ="SELISIH"&CHAR(10)&TEXT($J$41,"0%") -> SELISIH 95% | J42: ="PER HARI"&CHAR(10)&TEXT($J$41,"0%") -> PER HARI 95% | K42: ="SELISIH"&CHAR(10)&TEXT($L$41,"0%") -> SELISIH 100% | L42: ="PER HARI"&CHAR(10)&TEXT($L$41,"0%") -> PER HARI 100% | S42: 0.75
B43: FOOD | C43: HORECA, GT, MT | D43: =SUM(TARGETS!V5:V7,TARGETS!V8:V13,TARGETS!V14:V18) -> 7.9478438e+09 | E43: =G65 -> 7.9773765e+09 | F43: =IFERROR(E43/D43,0) -> 1.0037158 | G43: =D43*$H$41-E43 -> -8.2431711e+08 | H43: =IFERROR(G43/C3,0) -> 0 | I43: =D43*$J$41-E43 -> -4.2692491e+08 | J43: =IFERROR(I43/$C$3,0) -> 0 | K43: =D43*$L$41-E43 -> -29532725 | L43: =IFERROR(K43/$C$3,0) -> 0 | S43: 0.8
B44: BEVERAGE | C44: HORECA, GT, MT | D44: =SUM(TARGETS!W5:W6,TARGETS!W8:W12,TARGETS!W14:W18) -> 1.4827057e+09 | E44: =N8+N9+N10+N11+N12+N13+N14+N15+N16+N17+N18+N19 -> 1.2251277e+09 | F44: =IFERROR(E44/D44,0) -> 0.82627841 | G44: =D44*$H$41-E44 -> 1.0930741e+08 | H44: =IFERROR(G44/C3,0) -> 0 | I44: =D44*$J$41-E44 -> 1.8344269e+08 | J44: =IFERROR(I44/$C$3,0) -> 0 | K44: =D44*$L$41-E44 -> 2.5757798e+08 | L44: =IFERROR(K44/$C$3,0) -> 0 | S44: 0.85
B45: NESTLE | C45: HORECA, GT, MT | D45: =SUM(TARGETS!J22:J26) -> 1.8510638e+09 | E45: =IFERROR(C32,0)+IFERROR(C33,0)+M21+F9 -> 1.5209078e+09 | F45: =IFERROR(E45/D45,0) -> 0.82163987 | G45: =D45*$H$41-E45 -> 1.4504961e+08 | H45: =IFERROR(G45/C3,0) -> 0 | I45: =D45*$J$41-E45 -> 2.376028e+08 | J45: =IFERROR(I45/$C$3,0) -> 0 | K45: =D45*$L$41-E45 -> 3.3015599e+08 | L45: =IFERROR(K45/$C$3,0) -> 0 | S45: 0.9
B46: TOTAL | D46: =D43+D44+D45 -> 1.1281613e+10 | E46: =E43+E44+E45 -> 1.0723412e+10 | F46: =IFERROR(E46/D46,0) -> 0.95052115 | G46: =G43+G44+G45 -> -5.6996008e+08 | H46: =IFERROR(G46/C3,0) -> 0 | I46: =I43+I44+I45 -> -5879418.9 | J46: =IFERROR(I46/$C$3,0) -> 0 | K46: =K43+K44+K45 -> 5.5820125e+08 | L46: =IFERROR(K46/$C$3,0) -> 0 | S46: 0.95
S47: 1
B48: FOOD & BEVERAGES | K48: SELISIH (Target x % - Achievement)
B49: AREA | C49: SALES | D49: TARGET | G49: ACHIEVEMENT | J49: % | K49: ="SELISIH"&CHAR(10)&TEXT($H$41,"0%") -> SELISIH 90% | L49: ="PER HARI"&CHAR(10)&TEXT($H$41,"0%") -> PER HARI 90% | M49: ="SELISIH"&CHAR(10)&TEXT($J$41,"0%") -> SELISIH 95% | N49: ="PER HARI"&CHAR(10)&TEXT($J$41,"0%") -> PER HARI 95% | O49: ="SELISIH"&CHAR(10)&TEXT($L$41,"0%") -> SELISIH 100% | P49: ="PER HARI"&CHAR(10)&TEXT($L$41,"0%") -> PER HARI 100%
D50: Food | E50: Beverage | F50: Total | G50: Food | H50: Beverage | I50: Total
B51: UBUD | C51: PICROM | D51: =TARGETS!V5 -> 4.9123718e+08 | E51: =TARGETS!W5 -> 76328678 | F51: =D51+E51 -> 5.6756586e+08 | G51: =M8 -> 4.485104e+08 | H51: =N8 -> 63011769 | I51: =G51+H51 -> 5.1152217e+08 | J51: =IFERROR(I51/F51,0) -> 0.90125606 | K51: =F51*$H$41-I51 -> -712898.94 | L51: =IFERROR(K51/$C$3,0) -> 0 | M51: =F51*$J$41-I51 -> 27665394 | N51: =IFERROR(M51/$C$3,0) -> 0 | O51: =F51*$L$41-I51 -> 56043687 | P51: =IFERROR(O51/$C$3,0) -> 0
B52: DENPASAR - SANUR | C52: I MADE LUIH | D52: =TARGETS!V6 -> 6.5745716e+08 | E52: =TARGETS!W6 -> 1.8126506e+08 | F52: =D52+E52 -> 8.3872222e+08 | G52: =M9 -> 6.4575804e+08 | H52: =N9 -> 1.5511396e+08 | I52: =G52+H52 -> 8.0087199e+08 | J52: =IFERROR(I52/F52,0) -> 0.95487156 | K52: =F52*$H$41-I52 -> -46021996 | L52: =IFERROR(K52/$C$3,0) -> 0 | M52: =F52*$J$41-I52 -> -4085885.3 | N52: =IFERROR(M52/$C$3,0) -> 0 | O52: =F52*$L$41-I52 -> 37850226 | P52: =IFERROR(O52/$C$3,0) -> 0
B53: NAUGHTY NURIS | C53: NN MADE LUIH | D53: =TARGETS!V7 -> 2.4895557e+08 | E53: =TARGETS!W7 -> 0 | F53: =D53+E53 -> 2.4895557e+08 | G53: =C20 -> 1.954762e+08 | H53: =IF(D20="",0,D20) -> 0 | I53: =G53+H53 -> 1.954762e+08 | J53: =IFERROR(I53/F53,0) -> 0.78518507 | K53: =F53*$H$41-I53 -> 28583817 | L53: =IFERROR(K53/$C$3,0) -> 0 | M53: =F53*$J$41-I53 -> 41031595 | N53: =IFERROR(M53/$C$3,0) -> 0 | O53: =F53*$L$41-I53 -> 53479374 | P53: =IFERROR(O53/$C$3,0) -> 0
B54: KUTA SELATAN - ULUWATU | C54: JUNI | D54: =TARGETS!V8 -> 7.2838728e+08 | E54: =TARGETS!W8 -> 51482867 | F54: =D54+E54 -> 7.7987014e+08 | G54: =M10 -> 1.0546719e+09 | H54: =N10 -> 29495979 | I54: =G54+H54 -> 1.0841679e+09 | J54: =IFERROR(I54/F54,0) -> 1.3901903 | K54: =F54*$H$41-I54 -> -3.8228476e+08 | L54: =IFERROR(K54/$C$3,0) -> 0 | M54: =F54*$J$41-I54 -> -3.4329125e+08 | N54: =IFERROR(M54/$C$3,0) -> 0 | O54: =F54*$L$41-I54 -> -3.0429774e+08 | P54: =IFERROR(O54/$C$3,0) -> 0
B55: KUTA - INDUSTRI | C55: EKA FIB | D55: =TARGETS!V9 -> 4.8231218e+08 | E55: =TARGETS!W9 -> 70286112 | F55: =D55+E55 -> 5.5259829e+08 | G55: =M11 -> 3.4181982e+08 | H55: =N11 -> 43800016 | I55: =G55+H55 -> 3.8561984e+08 | J55: =IFERROR(I55/F55,0) -> 0.69783031 | K55: =F55*$H$41-I55 -> 1.1171862e+08 | L55: =IFERROR(K55/$C$3,0) -> 0 | M55: =F55*$J$41-I55 -> 1.3934854e+08 | N55: =IFERROR(M55/$C$3,0) -> 0 | O55: =F55*$L$41-I55 -> 1.6697845e+08 | P55: =IFERROR(O55/$C$3,0) -> 0
B56: KUTA - HOTEL | C56: VACANT | D56: =TARGETS!V10 -> 5.05192e+08 | E56: =TARGETS!W10 -> 1.2295232e+08 | F56: =D56+E56 -> 6.2814432e+08 | G56: =M12 -> 4.0540108e+08 | H56: =N12 -> 1.1078907e+08 | I56: =G56+H56 -> 5.1619015e+08 | J56: =IFERROR(I56/F56,0) -> 0.82176999 | K56: =F56*$H$41-I56 -> 49139738 | L56: =IFERROR(K56/$C$3,0) -> 0 | M56: =F56*$J$41-I56 -> 80546955 | N56: =IFERROR(M56/$C$3,0) -> 0 | O56: =F56*$L$41-I56 -> 1.1195417e+08 | P56: =IFERROR(O56/$C$3,0) -> 0
B57: KUTA SELATAN - NUSA DUA (HOTEL) | C57: MONICA | D57: =TARGETS!V11 -> 1.0612454e+09 | E57: =TARGETS!W11 -> 1.01137e+08 | F57: =D57+E57 -> 1.1623824e+09 | G57: =M13 -> 1.4250263e+09 | H57: =N13 -> 87442239 | I57: =G57+H57 -> 1.5124685e+09 | J57: =IFERROR(I57/F57,0) -> 1.3011798 | K57: =F57*$H$41-I57 -> -4.6632434e+08 | L57: =IFERROR(K57/$C$3,0) -> 0 | M57: =F57*$J$41-I57 -> -4.0820522e+08 | N57: =IFERROR(M57/$C$3,0) -> 0 | O57: =F57*$L$41-I57 -> -3.500861e+08 | P57: =IFERROR(O57/$C$3,0) -> 0
B58: SEMINYAK | C58: SUJANA | D58: =TARGETS!V12 -> 5.6311417e+08 | E58: =TARGETS!W12 -> 1.0466503e+08 | F58: =D58+E58 -> 6.6777921e+08 | G58: =M14 -> 5.3762496e+08 | H58: =N14 -> 72473353 | I58: =G58+H58 -> 6.1009831e+08 | J58: =IFERROR(I58/F58,0) -> 0.91362281 | K58: =F58*$H$41-I58 -> -9097028.9 | L58: =IFERROR(K58/$C$3,0) -> 0 | M58: =F58*$J$41-I58 -> 24291931 | N58: =IFERROR(M58/$C$3,0) -> 0 | O58: =F58*$L$41-I58 -> 57680892 | P58: =IFERROR(O58/$C$3,0) -> 0
B59: NAUGHTY NURIS | C59: NN SUJANA | D59: =TARGETS!V13 -> 4.2984918e+08 | E59: =TARGETS!W13 -> 0 | F59: =D59+E59 -> 4.2984918e+08 | G59: =C21 -> 2.8852489e+08 | H59: =IF(D21="",0,D21) -> 0 | I59: =G59+H59 -> 2.8852489e+08 | J59: =IFERROR(I59/F59,0) -> 0.67122353 | K59: =F59*$H$41-I59 -> 98339378 | L59: =IFERROR(K59/$C$3,0) -> 0 | M59: =F59*$J$41-I59 -> 1.1983184e+08 | N59: =IFERROR(M59/$C$3,0) -> 0 | O59: =F59*$L$41-I59 -> 1.413243e+08 | P59: =IFERROR(O59/$C$3,0) -> 0
B60: KUTA - LEGIAN | C60: EKA | D60: =TARGETS!V14 -> 5.1472111e+08 | E60: =TARGETS!W14 -> 1.1766343e+08 | F60: =D60+E60 -> 6.3238454e+08 | G60: =M15 -> 3.2468822e+08 | H60: =N15 -> 1.3096968e+08 | I60: =G60+H60 -> 4.556579e+08 | J60: =IFERROR(I60/F60,0) -> 0.72053928 | K60: =F60*$H$41-I60 -> 1.1348819e+08 | L60: =IFERROR(K60/$C$3,0) -> 0 | M60: =F60*$J$41-I60 -> 1.4510741e+08 | N60: =IFERROR(M60/$C$3,0) -> 0 | O60: =F60*$L$41-I60 -> 1.7672664e+08 | P60: =IFERROR(O60/$C$3,0) -> 0
B61: CANGGU 1 | C61: TAUFIK | D61: =TARGETS!V15 -> 6.9884518e+08 | E61: =TARGETS!W15 -> 70945961 | F61: =D61+E61 -> 7.6979114e+08 | G61: =M16 -> 6.8718224e+08 | H61: =N16 -> 61286832 | I61: =G61+H61 -> 7.4846907e+08 | J61: =IFERROR(I61/F61,0) -> 0.9723015 | K61: =F61*$H$41-I61 -> -55657050 | L61: =IFERROR(K61/$C$3,0) -> 0 | M61: =F61*$J$41-I61 -> -17167494 | N61: =IFERROR(M61/$C$3,0) -> 0 | O61: =F61*$L$41-I61 -> 21322063 | P61: =IFERROR(O61/$C$3,0) -> 0
B62: CANGGU 2 | C62: DEWI KRISTIANI | D62: =TARGETS!V16 -> 4.8187036e+08 | E62: =TARGETS!W16 -> 48351229 | F62: =D62+E62 -> 5.3022159e+08 | G62: =M17 -> 3.9361727e+08 | H62: =N17 -> 52106886 | I62: =G62+H62 -> 4.4572416e+08 | J62: =IFERROR(I62/F62,0) -> 0.8406375 | K62: =F62*$H$41-I62 -> 31475278 | L62: =IFERROR(K62/$C$3,0) -> 0 | M62: =F62*$J$41-I62 -> 57986358 | N62: =IFERROR(M62/$C$3,0) -> 0 | O62: =F62*$L$41-I62 -> 84497438 | P62: =IFERROR(O62/$C$3,0) -> 0
B63: GT + FOODY | C63: WIRA | D63: =TARGETS!V17 -> 7.0605493e+08 | E63: =TARGETS!W17 -> 3.261174e+08 | F63: =D63+E63 -> 1.0321723e+09 | G63: =M18 -> 8.8712302e+08 | H63: =N18 -> 2.6778137e+08 | I63: =G63+H63 -> 1.1549044e+09 | J63: =IFERROR(I63/F63,0) -> 1.1189066 | K63: =F63*$H$41-I63 -> -2.259493e+08 | L63: =IFERROR(K63/$C$3,0) -> 0 | M63: =F63*$J$41-I63 -> -1.7434068e+08 | N63: =IFERROR(M63/$C$3,0) -> 0 | O63: =F63*$L$41-I63 -> -1.2273206e+08 | P63: =IFERROR(O63/$C$3,0) -> 0
B64: MODERN TRADE + GENERAL TRADE | C64: SRIASIH | D64: =TARGETS!V18 -> 3.786021e+08 | E64: =TARGETS!W18 -> 2.1151056e+08 | F64: =D64+E64 -> 5.9011266e+08 | G64: =M19 -> 3.4195222e+08 | H64: =N19 -> 1.5085653e+08 | I64: =G64+H64 -> 4.9280874e+08 | J64: =IFERROR(I64/F64,0) -> 0.8351096 | K64: =F64*$H$41-I64 -> 38292648 | L64: =IFERROR(K64/$C$3,0) -> 0 | M64: =F64*$J$41-I64 -> 67798281 | N64: =IFERROR(M64/$C$3,0) -> 0 | O64: =F64*$L$41-I64 -> 97303914 | P64: =IFERROR(O64/$C$3,0) -> 0
B65: GRAND TOTAL | D65: =SUM(D51:D64) -> 7.9478438e+09 | E65: =SUM(E51:E52,E54:E58,E60:E64) -> 1.4827057e+09 | F65: =SUM(F51:F64) -> 9.4305495e+09 | G65: =SUM(G51:G64) -> 7.9773765e+09 | H65: =SUM(H51:H64) -> 1.2251277e+09 | I65: =SUM(I51:I64) -> 9.2025042e+09 | J65: =IFERROR(I65/F65,0) -> 0.97581846 | K65: =SUM(K51:K64) -> -7.1500969e+08 | L65: =IFERROR(K65/$C$3,0) -> 0 | M65: =SUM(M51:M64) -> -2.4348222e+08 | N65: =IFERROR(M65/$C$3,0) -> 0 | O65: =SUM(O51:O64) -> 2.2804525e+08 | P65: =IFERROR(O65/$C$3,0) -> 0
B67: NESTLE
B68: CHANNEL / AREA | C68: SALES | D68: TARGET | E68: ACHIEVEMENT | F68: % | G68: ="SELISIH"&CHAR(10)&TEXT($H$41,"0%") -> SELISIH 90% | H68: ="PER HARI"&CHAR(10)&TEXT($H$41,"0%") -> PER HARI 90% | I68: ="SELISIH"&CHAR(10)&TEXT($J$41,"0%") -> SELISIH 95% | J68: ="PER HARI"&CHAR(10)&TEXT($J$41,"0%") -> PER HARI 95% | K68: ="SELISIH"&CHAR(10)&TEXT($L$41,"0%") -> SELISIH 100% | L68: ="PER HARI"&CHAR(10)&TEXT($L$41,"0%") -> PER HARI 100%
B69: NP - 1 | C69: RIDWAN | D69: =TARGETS!J22 -> 2.9313694e+08 | E69: =IFERROR(C32,0) -> 2.4701721e+08 | F69: =IFERROR(E69/D69,0) -> 0.84266832 | G69: =D69*$H$41-E69 -> 16806033 | H69: =IFERROR(G69/C3,0) -> 0 | I69: =D69*$J$41-E69 -> 31462880 | J69: =IFERROR(I69/$C$3,0) -> 0 | K69: =D69*$L$41-E69 -> 46119727 | L69: =IFERROR(K69/$C$3,0) -> 0
B70: NP - 2 | C70: - | D70: =TARGETS!J23 -> 4.3643784e+08 | E70: =IFERROR(C33,0) -> 6.0352798e+08 | F70: =IFERROR(E70/D70,0) -> 1.3828498 | G70: =D70*$H$41-E70 -> -2.1073392e+08 | H70: =IFERROR(G70/C3,0) -> 0 | I70: =D70*$J$41-E70 -> -1.8891203e+08 | J70: =IFERROR(I70/$C$3,0) -> 0 | K70: =D70*$L$41-E70 -> -1.6709014e+08 | L70: =IFERROR(K70/$C$3,0) -> 0
B71: NP - 3 | C71: GEK MAS | D71: =TARGETS!J24 -> 1121489049 | E71: =M21+M7 -> 6.7036265e+08 | F71: =IFERROR(E71/D71,0) -> 0.59774337 | G71: =D71*$H$41-E71 -> 3.389775e+08 | H71: =IFERROR(G71/C3,0) -> 0 | I71: =D71*$J$41-E71 -> 3.9505195e+08 | J71: =IFERROR(I71/$C$3,0) -> 0 | K71: =D71*$L$41-E71 -> 4.511264e+08 | L71: =IFERROR(K71/$C$3,0) -> 0
B72: NP - 4 | C72: VACANT | D72: =TARGETS!J25 -> 0 | E72: =0 -> 0 | F72: =IFERROR(E72/D72,0) -> 0 | G72: =D72*$H$41-E72 -> 0 | H72: =IFERROR(G72/C3,0) -> 0 | I72: =D72*$J$41-E72 -> 0 | J72: =IFERROR(I72/$C$3,0) -> 0 | K72: =D72*$L$41-E72 -> 0 | L72: =IFERROR(K72/$C$3,0) -> 0
B73: NP - 5 | C73: - | D73: =TARGETS!J26 -> 0 | E73: =0 -> 0 | F73: =IFERROR(E73/D73,0) -> 0 | G73: =D73*$H$41-E73 -> 0 | H73: =IFERROR(G73/C3,0) -> 0 | I73: =D73*$J$41-E73 -> 0 | J73: =IFERROR(I73/$C$3,0) -> 0 | K73: =D73*$L$41-E73 -> 0 | L73: =IFERROR(K73/$C$3,0) -> 0
B74: GRAND TOTAL | D74: =SUM(D69:D73) -> 1.8510638e+09 | E74: =SUM(E69:E73) -> 1.5209078e+09 | F74: =IFERROR(E74/D74,0) -> 0.82163987 | G74: =SUM(G69:G73) -> 1.4504961e+08 | H74: =IFERROR(G74/C3,0) -> 0 | I74: =SUM(I69:I73) -> 2.376028e+08 | J74: =IFERROR(I74/$C$3,0) -> 0 | K74: =SUM(K69:K73) -> 3.3015599e+08 | L74: =IFERROR(K74/$C$3,0) -> 0
B77: BALIAN
B78: AREA | C78: SALES | D78: ACHIEVEMENT
D79: Balian
B80: UBUD | C80: PICROM | D80: =IF(E22="",0,E22) -> 5.0369866e+08
B81: DENPASAR - SANUR | C81: I MADE LUIH | D81: =IF(E13="",0,E13)+IF(E14="",0,E14) -> 1.2444275e+08
B82: NAUGHTY NURIS | C82: NN MADE LUIH | D82: =IF(E20="",0,E20) -> 11387387
B83: KUTA SELATAN - ULUWATU | C83: JUNI | D83: =IF(E15="",0,E15) -> 4.1021826e+08
B84: KUTA - INDUSTRI | C84: EKA FIB | D84: =0 -> 0
B85: KUTA - HOTEL | C85: VACANT | D85: =IF(E25="",0,E25)+IF(E26="",0,E26) -> 65202432
B86: KUTA SELATAN - NUSA DUA (HOTEL) | C86: MONICA | D86: =IF(E17="",0,E17) -> 1.305013e+09
B87: SEMINYAK | C87: SUJANA | D87: =IF(E23="",0,E23) -> 3.1095847e+08
B88: NAUGHTY NURIS | C88: NN SUJANA | D88: =IF(E21="",0,E21) -> 15855585
B89: KUTA - LEGIAN | C89: EKA | D89: =IF(E11="",0,E11) -> 1.2348507e+08
B90: CANGGU 1 | C90: TAUFIK | D90: =IF(E24="",0,E24) -> 7.9213712e+08
B91: CANGGU 2 | C91: DEWI KRISTIANI | D91: =IF(E10="",0,E10) -> 1.7862609e+08
B92: GT + FOODY | C92: WIRA | D92: =IF(E27="",0,E27) -> 17830595
B93: MODERN TRADE + GENERAL TRADE | C93: SRIASIH | D93: =IF(E18="",0,E18)+IF(E19="",0,E19) -> 92389191
B94: GRAND TOTAL | D94: =SUM(D80:D93) -> 3.9512446e+09

Sheet AGU
B1: DATA PENCAPAIAN — AGUSTUS 2026 | G1: ⚙️ KALENDER KERJA — INPUT MANUAL
G2: Total hari kalender bulan ini (auto) | J2: =E3 -> 31
B3: HARI TERSISA (auto): | C3: =IF($J$5<>"",$J$5,MAX(0,NETWORKDAYS.INTL(MAX(TODAY(),DATE(YEAR(TODAY()),8,1)),EOMONTH(DATE(YEAR(TODAY()),8,1),0),11)-MAX(0,$J$3-$J$4))) -> 0 | D3: Hari kerja tersisa bulan ini (Sab s/d akhir bulan) — otomatis | E3: =DAY(EOMONTH(DATE(YEAR(TODAY()),8,1),0)) -> 31 | G3: Total hari LIBUR / OFF bulan ini | J3: 2
G4: Libur yang SUDAH lewat | J4: 0
G5: Override HARI TERSISA (kosong = auto) | J5: 0
B6: 📥 INPUT DATA HARIAN — Paste dari file sistem di sini | M6: FOOD_ACHIV (calc) | N6: BEV_ACHIV (calc) | O6: BAK_ACHIV (calc)
B7: INPUT: DATA MKS (FOOD & BEVERAGES) | M7: =SUM(C9) -> 0 | N7: =SUM(D9) -> 0 | O7: =SUM(E9) -> 0
B8: Nama_Kry | C8: FOOD | D8: BEVERAGE | E8: BAKERY | F8: Balian | G8: Grand Total
C9: 0 | D9: 0
B10: Dewi Kristiani | C10: 1.685379e+08 | D10: 36713911 | E10: 2.3791014e+08 | F10: 1.8410588e+08 | G10: 6.2726783e+08
B11: Eka/Wahyu - Kuta/Legian | C11: 3.9175416e+08 | D11: 83228395 | E11: 1.3109597e+08 | F11: 3.0388449e+08 | G11: 9.0996302e+08
B12: Eka/Wahyu - FIB | C12: 3123423.4 | D12: 30403217 | E12: 3.5295496e+08 | G12: 3.864816e+08
B13: I MADE LUIH | C13: 1.8205927e+08 | D13: 62051193 | E13: 1.7608436e+08 | F13: 1.1855585e+08 | G13: 5.3875068e+08
B14: I Made Luih (Sanur) | C14: 42773807 | D14: 38226126 | E14: 2.4698916e+08 | F14: 60587163 | G14: 3.8857626e+08
B15: Juni | C15: 8.0693562e+08 | D15: 28388679 | E15: 1.7655266e+08 | F15: 4.4046945e+08 | G15: 1.4523464e+09
B16: Management Bali | C16: 8.98604e+08 | D16: 1359864.9 | E16: 1.0267548e+08 | F16: 18108379 | G16: 1.0207477e+09
B17: Monica | C17: 6.947464e+08 | D17: 83310744 | E17: 3.6189586e+08 | F17: 1.7266265e+09 | G17: 2.8665795e+09
B18: Ni Ketut Sriasih (GT) | C18: 1.2126771e+08 | D18: 15763473 | E18: 1.1845374e+08 | F18: 44710812 | G18: 3.0019574e+08
B19: Ni Ketut Sriasih (MT) | C19: 18170681 | D19: 1.1947952e+08 | E19: 53705086 | F19: 1.2177298e+08 | G19: 3.1312826e+08
B20: NN Made Luih | C20: 1.8623737e+08 | F20: 13081081 | G20: 1.9931845e+08 | M20: =SUM(C30,C35)+M7 -> 1.5543912e+08 | N20: NP5_calc = baris kosong (C30) + NP5 raw (C35) + KA dari MKS (M7)
B21: NN Sujana | C21: 4.2749123e+08 | F21: 16534324 | G21: 4.4402556e+08 | M21: =SUM(C33,C34)+M20 -> 9.5724197e+08 | N21: NP3_final = NP3 raw (C33) + NP4 (C34) + NP5_calc (M20)
B22: Picrom Stalyon | C22: 2.9012801e+08 | D22: 54566849 | E22: 1.5336108e+08 | F22: 5.5174403e+08 | G22: 1.0498e+09
B23: Sujana | C23: 3.366246e+08 | D23: 91520735 | E23: 2.3193149e+08 | F23: 4.0302216e+08 | G23: 1.063099e+09
B24: Taufik | C24: 4.4461944e+08 | D24: 61211234 | E24: 2.2629467e+08 | F24: 7.2668125e+08 | G24: 1.4588066e+09
B25: Vacant Hotel Kuta Seminyak | C25: 1.6019701e+08 | D25: 1.0767016e+08 | E25: 1.7745527e+08 | F25: 57669378 | G25: 5.0299182e+08
B26: Wira | C26: 3.522996e+08 | D26: 3.0696558e+08 | E26: 3.4669295e+08 | F26: 20800433 | G26: 1.0267586e+09
B28: INPUT: DATA NESTLE
B29: Nama Kry | C29: Total
B31: NP1 | C31: 2.7046825e+08
B32: NP2 | C32: 4.5912596e+08
B33: NP3 | C33: 1.5455852e+08
B34: NP4 | C34: 6.4724433e+08
B35: NP5 | C35: 1.5543912e+08
S39: PILIHAN % TARGET
B40: DATA PENCAPAIAN — GLOBAL — 31 AGUSTUS 2026 | E40: TARGET | F40: =IF(MONTH(TODAY())=8,DAY(TODAY())/DAY(EOMONTH(TODAY(),0)),IF(MONTH(TODAY())>8,1,0)) -> 1 | G40: PILIH TARGET % | H40: 0.9 | I40: PILIH TARGET % | J40: 0.95 | K40: PENUH | L40: 1 | S40: 0.7
B41: KATAGORI | C41: AREA | D41: TARGET | E41: ACHIEVEMENT | F41: % | G41: ="SELISIH"&CHAR(10)&TEXT($H$40,"0%") -> SELISIH 90% | H41: ="PER HARI"&CHAR(10)&TEXT($H$40,"0%") -> PER HARI 90% | I41: ="SELISIH"&CHAR(10)&TEXT($J$40,"0%") -> SELISIH 95% | J41: ="PER HARI"&CHAR(10)&TEXT($J$40,"0%") -> PER HARI 95% | K41: ="SELISIH"&CHAR(10)&TEXT($L$40,"0%") -> SELISIH 100% | L41: ="PER HARI"&CHAR(10)&TEXT($L$40,"0%") -> PER HARI 100% | S41: 0.75
B42: FOOD | C42: HORECA, GT, MT | D42: =SUM(TARGETS!Y5:Y7,TARGETS!Y8:Y13,TARGETS!Y14:Y18) -> 4927597521 | E42: =H65 -> 4.6269662e+09 | F42: =IFERROR(E42/D42,0) -> 0.93899029 | G42: =D42*$H$40-E42 -> -1.9212847e+08 | H42: =IFERROR(G42/$C$3,0) -> 0 | I42: =D42*$J$40-E42 -> 54251405 | J42: =IFERROR(I42/$C$3,0) -> 0 | K42: =D42*$L$40-E42 -> 3.0063128e+08 | L42: =IFERROR(K42/$C$3,0) -> 0 | S42: 0.8
B43: BEVERAGE | C43: HORECA, GT, MT | D43: =SUM(TARGETS!Z5:Z6,TARGETS!Z8:Z12,TARGETS!Z14:Z18) -> 1.294443e+09 | E43: =I65 -> 1.1194998e+09 | F43: =IFERROR(E43/D43,0) -> 0.86485061 | G43: =D43*$H$40-E43 -> 45498876 | H43: =IFERROR(G43/$C$3,0) -> 0 | I43: =D43*$J$40-E43 -> 1.1022103e+08 | J43: =IFERROR(I43/$C$3,0) -> 0 | K43: =D43*$L$40-E43 -> 1.7494318e+08 | L43: =IFERROR(K43/$C$3,0) -> 0 | S43: 0.85
B44: BAKERY | C44: HORECA, GT, MT | D44: =SUM(TARGETS!AA5:AA18) -> 3216211725 | E44: =J65 -> 2.9913774e+09 | F44: =IFERROR(E44/D44,0) -> 0.93009343 | G44: =IF(D44=0,0,D44*$H$40-E44) -> -96786848 | H44: =IFERROR(G44/$C$3,0) -> 0 | I44: =IF(D44=0,0,D44*$J$40-E44) -> 64023738 | J44: =IFERROR(I44/$C$3,0) -> 0 | K44: =IF(D44=0,0,D44*$L$40-E44) -> 2.2483432e+08 | L44: =IFERROR(K44/$C$3,0) -> 0 | S44: 0.9
B45: NESTLE | C45: HORECA, GT, MT | D45: =SUM(TARGETS!K22:K26) -> 1.8659574e+09 | E45: =E74 -> 1.6868362e+09 | F45: =IFERROR(E45/D45,0) -> 0.90400571 | G45: =D45*$H$40-E45 -> -7474478 | H45: =IFERROR(G45/$C$3,0) -> 0 | I45: =D45*$J$40-E45 -> 85823394 | J45: =IFERROR(I45/$C$3,0) -> 0 | K45: =D45*$L$40-E45 -> 1.7912127e+08 | L45: =IFERROR(K45/$C$3,0) -> 0 | S45: 0.95
B46: TOTAL | D46: =SUM(D42:D45) -> 1.130421e+10 | E46: =SUM(E42:E45) -> 1.042468e+10 | F46: =IFERROR(E46/D46,0) -> 0.92219447 | G46: =SUM(G42:G45) -> -2.5089092e+08 | H46: =IFERROR(G46/$C$3,0) -> 0 | I46: =SUM(I42:I45) -> 3.1431956e+08 | J46: =IFERROR(I46/$C$3,0) -> 0 | K46: =SUM(K42:K45) -> 8.7953005e+08 | L46: =IFERROR(K46/$C$3,0) -> 0 | S46: 1
B48: FOOD, BEVERAGES & BAKERY | M48: SELISIH (Target x % - Achievement)
B49: AREA | C49: SALES | D49: TARGET | H49: ACHIEVEMENT | L49: % | M49: ="SELISIH"&CHAR(10)&TEXT($H$40,"0%") -> SELISIH 90% | N49: ="PER HARI"&CHAR(10)&TEXT($H$40,"0%") -> PER HARI 90% | O49: ="SELISIH"&CHAR(10)&TEXT($J$40,"0%") -> SELISIH 95% | P49: ="PER HARI"&CHAR(10)&TEXT($J$40,"0%") -> PER HARI 95% | Q49: ="SELISIH"&CHAR(10)&TEXT($L$40,"0%") -> SELISIH 100% | R49: ="PER HARI"&CHAR(10)&TEXT($L$40,"0%") -> PER HARI 100%
D50: Food | E50: Beverage | F50: Bakery | G50: Total | H50: Food | I50: Beverage | J50: Bakery | K50: Total | T50: KEY 1 (Nama_Kry) | U50: KEY 2 (opsional)
B51: UBUD | C51: PICROM | D51: =TARGETS!Y5 -> 306848843 | E51: =TARGETS!Z5 -> 60640124 | F51: =TARGETS!AA5 -> 198385865 | G51: =SUM(D51:F51) -> 5.6587483e+08 | H51: =SUMIF($B$10:$B$26,$T51,C$10:C$26)+SUMIF($B$10:$B$26,$U51,C$10:C$26) -> 2.9012801e+08 | I51: =SUMIF($B$10:$B$26,$T51,D$10:D$26)+SUMIF($B$10:$B$26,$U51,D$10:D$26) -> 54566849 | J51: =SUMIF($B$10:$B$26,$T51,E$10:E$26)+SUMIF($B$10:$B$26,$U51,E$10:E$26) -> 1.5336108e+08 | K51: =SUM(H51:J51) -> 4.9805594e+08 | L51: =IFERROR(K51/G51,0) -> 0.88015214 | M51: =G51*$H$40-K51 -> 11231404 | N51: =IFERROR(M51/$C$3,0) -> 0 | O51: =G51*$J$40-K51 -> 39525146 | P51: =IFERROR(O51/$C$3,0) -> 0 | Q51: =G51*$L$40-K51 -> 67818887 | R51: =IFERROR(Q51/$C$3,0) -> 0 | T51: Picrom Stalyon | U51: n/a
B52: DENPASAR - SANUR | C52: I MADE LUIH | D52: =TARGETS!Y6 -> 222144871 | E52: =TARGETS!Z6 -> 1.655765e+08 | F52: =TARGETS!AA6 -> 449309820 | G52: =SUM(D52:F52) -> 8.3703119e+08 | H52: =SUMIF($B$10:$B$26,$T52,C$10:C$26)+SUMIF($B$10:$B$26,$U52,C$10:C$26) -> 2.2483308e+08 | I52: =SUMIF($B$10:$B$26,$T52,D$10:D$26)+SUMIF($B$10:$B$26,$U52,D$10:D$26) -> 1.0027732e+08 | J52: =SUMIF($B$10:$B$26,$T52,E$10:E$26)+SUMIF($B$10:$B$26,$U52,E$10:E$26) -> 4.2307353e+08 | K52: =SUM(H52:J52) -> 7.4818393e+08 | L52: =IFERROR(K52/G52,0) -> 0.89385429 | M52: =G52*$H$40-K52 -> 5144148.7 | N52: =IFERROR(M52/$C$3,0) -> 0 | O52: =G52*$J$40-K52 -> 46995708 | P52: =IFERROR(O52/$C$3,0) -> 0 | Q52: =G52*$L$40-K52 -> 88847268 | R52: =IFERROR(Q52/$C$3,0) -> 0 | T52: I MADE LUIH | U52: I Made Luih (Sanur)
B53: NAUGHTY NURIS | C53: NN MADE LUIH | D53: =TARGETS!Y7 -> 262953105 | E53: =TARGETS!Z7 -> 0 | F53: =TARGETS!AA7 -> 0 | G53: =SUM(D53:F53) -> 262953105 | H53: =SUMIF($B$10:$B$26,$T53,C$10:C$26)+SUMIF($B$10:$B$26,$U53,C$10:C$26) -> 1.8623737e+08 | I53: =SUMIF($B$10:$B$26,$T53,D$10:D$26)+SUMIF($B$10:$B$26,$U53,D$10:D$26) -> 0 | J53: =SUMIF($B$10:$B$26,$T53,E$10:E$26)+SUMIF($B$10:$B$26,$U53,E$10:E$26) -> 0 | K53: =SUM(H53:J53) -> 1.8623737e+08 | L53: =IFERROR(K53/G53,0) -> 0.70825317 | M53: =G53*$H$40-K53 -> 50420423 | N53: =IFERROR(M53/$C$3,0) -> 0 | O53: =G53*$J$40-K53 -> 63568079 | P53: =IFERROR(O53/$C$3,0) -> 0 | Q53: =G53*$L$40-K53 -> 76715734 | R53: =IFERROR(Q53/$C$3,0) -> 0 | T53: NN Made Luih | U53: n/a
B54: KUTA SELATAN - ULUWATU | C54: JUNI | D54: =TARGETS!Y8 -> 633046146 | E54: =TARGETS!Z8 -> 35794312 | F54: =TARGETS!AA8 -> 109338663 | G54: =SUM(D54:F54) -> 7.7817912e+08 | H54: =SUMIF($B$10:$B$26,$T54,C$10:C$26)+SUMIF($B$10:$B$26,$U54,C$10:C$26) -> 8.0693562e+08 | I54: =SUMIF($B$10:$B$26,$T54,D$10:D$26)+SUMIF($B$10:$B$26,$U54,D$10:D$26) -> 28388679 | J54: =SUMIF($B$10:$B$26,$T54,E$10:E$26)+SUMIF($B$10:$B$26,$U54,E$10:E$26) -> 1.7655266e+08 | K54: =SUM(H54:J54) -> 1.011877e+09 | L54: =IFERROR(K54/G54,0) -> 1.3003137 | M54: =G54*$H$40-K54 -> -3.1151575e+08 | N54: =IFERROR(M54/$C$3,0) -> 0 | O54: =G54*$J$40-K54 -> -2.7260679e+08 | P54: =IFERROR(O54/$C$3,0) -> 0 | Q54: =G54*$L$40-K54 -> -2.3369783e+08 | R54: =IFERROR(Q54/$C$3,0) -> 0 | T54: Juni | U54: n/a
B55: KUTA - INDUSTRI | C55: EKA/WAHYU | D55: =TARGETS!Y9 -> 5575802 | E55: =TARGETS!Z9 -> 54597558 | F55: =TARGETS!AA9 -> 490733908 | G55: =SUM(D55:F55) -> 5.5090727e+08 | H55: =SUMIF($B$10:$B$26,$T55,C$10:C$26)+SUMIF($B$10:$B$26,$U55,C$10:C$26) -> 3123423.4 | I55: =SUMIF($B$10:$B$26,$T55,D$10:D$26)+SUMIF($B$10:$B$26,$U55,D$10:D$26) -> 30403217 | J55: =SUMIF($B$10:$B$26,$T55,E$10:E$26)+SUMIF($B$10:$B$26,$U55,E$10:E$26) -> 3.5295496e+08 | K55: =SUM(H55:J55) -> 3.864816e+08 | L55: =IFERROR(K55/G55,0) -> 0.70153657 | M55: =G55*$H$40-K55 -> 1.0933494e+08 | N55: =IFERROR(M55/$C$3,0) -> 0 | O55: =G55*$J$40-K55 -> 1.3688031e+08 | P55: =IFERROR(O55/$C$3,0) -> 0 | Q55: =G55*$L$40-K55 -> 1.6442567e+08 | R55: =IFERROR(Q55/$C$3,0) -> 0 | T55: Eka/Wahyu - FIB | U55: n/a
B56: KUTA - HOTEL | C56: VACANT | D56: =TARGETS!Y10 -> 309612765 | E56: =TARGETS!Z10 -> 1.0726377e+08 | F56: =TARGETS!AA10 -> 209576770 | G56: =SUM(D56:F56) -> 6.264533e+08 | H56: =SUMIF($B$10:$B$26,$T56,C$10:C$26)+SUMIF($B$10:$B$26,$U56,C$10:C$26) -> 1.6019701e+08 | I56: =SUMIF($B$10:$B$26,$T56,D$10:D$26)+SUMIF($B$10:$B$26,$U56,D$10:D$26) -> 1.0767016e+08 | J56: =SUMIF($B$10:$B$26,$T56,E$10:E$26)+SUMIF($B$10:$B$26,$U56,E$10:E$26) -> 1.7745527e+08 | K56: =SUM(H56:J56) -> 4.4532244e+08 | L56: =IFERROR(K56/G56,0) -> 0.71086295 | M56: =G56*$H$40-K56 -> 1.1848553e+08 | N56: =IFERROR(M56/$C$3,0) -> 0 | O56: =G56*$J$40-K56 -> 1.4980819e+08 | P56: =IFERROR(O56/$C$3,0) -> 0 | Q56: =G56*$L$40-K56 -> 1.8113086e+08 | R56: =IFERROR(Q56/$C$3,0) -> 0 | T56: Vacant Hotel Kuta Seminyak | U56: n/a
B57: KUTA SELATAN - NUSA DUA (HOTEL) | C57: MONICA | D57: =TARGETS!Y11 -> 706692044 | E57: =TARGETS!Z11 -> 85448443 | F57: =TARGETS!AA11 -> 368550890 | G57: =SUM(D57:F57) -> 1.1606914e+09 | H57: =SUMIF($B$10:$B$26,$T57,C$10:C$26)+SUMIF($B$10:$B$26,$U57,C$10:C$26) -> 6.947464e+08 | I57: =SUMIF($B$10:$B$26,$T57,D$10:D$26)+SUMIF($B$10:$B$26,$U57,D$10:D$26) -> 83310744 | J57: =SUMIF($B$10:$B$26,$T57,E$10:E$26)+SUMIF($B$10:$B$26,$U57,E$10:E$26) -> 3.6189586e+08 | K57: =SUM(H57:J57) -> 1.139953e+09 | L57: =IFERROR(K57/G57,0) -> 0.98213274 | M57: =G57*$H$40-K57 -> -95330758 | N57: =IFERROR(M57/$C$3,0) -> 0 | O57: =G57*$J$40-K57 -> -37296189 | P57: =IFERROR(O57/$C$3,0) -> 0 | Q57: =G57*$L$40-K57 -> 20738380 | R57: =IFERROR(Q57/$C$3,0) -> 0 | T57: Monica | U57: n/a
B58: SEMINYAK | C58: SUJANA | D58: =TARGETS!Y12 -> 302084971 | E58: =TARGETS!Z12 -> 88976480 | F58: =TARGETS!AA12 -> 275026731 | G58: =SUM(D58:F58) -> 6.6608818e+08 | H58: =SUMIF($B$10:$B$26,$T58,C$10:C$26)+SUMIF($B$10:$B$26,$U58,C$10:C$26) -> 3.366246e+08 | I58: =SUMIF($B$10:$B$26,$T58,D$10:D$26)+SUMIF($B$10:$B$26,$U58,D$10:D$26) -> 91520735 | J58: =SUMIF($B$10:$B$26,$T58,E$10:E$26)+SUMIF($B$10:$B$26,$U58,E$10:E$26) -> 2.3193149e+08 | K58: =SUM(H58:J58) -> 6.6007682e+08 | L58: =IFERROR(K58/G58,0) -> 0.99097513 | M58: =G58*$H$40-K58 -> -60597461 | N58: =IFERROR(M58/$C$3,0) -> 0 | O58: =G58*$J$40-K58 -> -27293052 | P58: =IFERROR(O58/$C$3,0) -> 0 | Q58: =G58*$L$40-K58 -> 6011357.4 | R58: =IFERROR(Q58/$C$3,0) -> 0 | T58: Sujana | U58: n/a
B59: NAUGHTY NURIS | C59: NN SUJANA | D59: =TARGETS!Y13 -> 443846716 | E59: =TARGETS!Z13 -> 0 | F59: =TARGETS!AA13 -> 0 | G59: =SUM(D59:F59) -> 443846716 | H59: =SUMIF($B$10:$B$26,$T59,C$10:C$26)+SUMIF($B$10:$B$26,$U59,C$10:C$26) -> 4.2749123e+08 | I59: =SUMIF($B$10:$B$26,$T59,D$10:D$26)+SUMIF($B$10:$B$26,$U59,D$10:D$26) -> 0 | J59: =SUMIF($B$10:$B$26,$T59,E$10:E$26)+SUMIF($B$10:$B$26,$U59,E$10:E$26) -> 0 | K59: =SUM(H59:J59) -> 4.2749123e+08 | L59: =IFERROR(K59/G59,0) -> 0.9631506 | M59: =G59*$H$40-K59 -> -28029188 | N59: =IFERROR(M59/$C$3,0) -> 0 | O59: =G59*$J$40-K59 -> -5836852.4 | P59: =IFERROR(O59/$C$3,0) -> 0 | Q59: =G59*$L$40-K59 -> 16355483 | R59: =IFERROR(Q59/$C$3,0) -> 0 | T59: NN Sujana | U59: n/a
B60: KUTA - LEGIAN | C60: EKA/WAHYU | D60: =TARGETS!Y14 -> 387829132 | E60: =TARGETS!Z14 -> 1.0197488e+08 | F60: =TARGETS!AA14 -> 140889511 | G60: =SUM(D60:F60) -> 6.3069352e+08 | H60: =SUMIF($B$10:$B$26,$T60,C$10:C$26)+SUMIF($B$10:$B$26,$U60,C$10:C$26) -> 3.9175416e+08 | I60: =SUMIF($B$10:$B$26,$T60,D$10:D$26)+SUMIF($B$10:$B$26,$U60,D$10:D$26) -> 83228395 | J60: =SUMIF($B$10:$B$26,$T60,E$10:E$26)+SUMIF($B$10:$B$26,$U60,E$10:E$26) -> 1.3109597e+08 | K60: =SUM(H60:J60) -> 6.0607853e+08 | L60: =IFERROR(K60/G60,0) -> 0.96097155 | M60: =G60*$H$40-K60 -> -38454362 | N60: =IFERROR(M60/$C$3,0) -> 0 | O60: =G60*$J$40-K60 -> -6919685.8 | P60: =IFERROR(O60/$C$3,0) -> 0 | Q60: =G60*$L$40-K60 -> 24614990 | R60: =IFERROR(Q60/$C$3,0) -> 0 | T60: Eka/Wahyu - Kuta/Legian | U60: n/a
B61: CANGGU 1 | C61: TAUFIK | D61: =TARGETS!Y15 -> 518888039 | E61: =TARGETS!Z15 -> 55257406 | F61: =TARGETS!AA15 -> 193954669 | G61: =SUM(D61:F61) -> 7.6810011e+08 | H61: =SUMIF($B$10:$B$26,$T61,C$10:C$26)+SUMIF($B$10:$B$26,$U61,C$10:C$26) -> 4.4461944e+08 | I61: =SUMIF($B$10:$B$26,$T61,D$10:D$26)+SUMIF($B$10:$B$26,$U61,D$10:D$26) -> 61211234 | J61: =SUMIF($B$10:$B$26,$T61,E$10:E$26)+SUMIF($B$10:$B$26,$U61,E$10:E$26) -> 2.2629467e+08 | K61: =SUM(H61:J61) -> 7.3212535e+08 | L61: =IFERROR(K61/G61,0) -> 0.95316396 | M61: =G61*$H$40-K61 -> -40835244 | N61: =IFERROR(M61/$C$3,0) -> 0 | O61: =G61*$J$40-K61 -> -2430238.5 | P61: =IFERROR(O61/$C$3,0) -> 0 | Q61: =G61*$L$40-K61 -> 35974767 | R61: =IFERROR(Q61/$C$3,0) -> 0 | T61: Taufik | U61: n/a
B62: CANGGU 2 | C62: DEWI KRISTIANI | D62: =TARGETS!Y16 -> 210599044 | E62: =TARGETS!Z16 -> 32662674 | F62: =TARGETS!AA16 -> 285268852 | G62: =SUM(D62:F62) -> 5.2853057e+08 | H62: =SUMIF($B$10:$B$26,$T62,C$10:C$26)+SUMIF($B$10:$B$26,$U62,C$10:C$26) -> 1.685379e+08 | I62: =SUMIF($B$10:$B$26,$T62,D$10:D$26)+SUMIF($B$10:$B$26,$U62,D$10:D$26) -> 36713911 | J62: =SUMIF($B$10:$B$26,$T62,E$10:E$26)+SUMIF($B$10:$B$26,$U62,E$10:E$26) -> 2.3791014e+08 | K62: =SUM(H62:J62) -> 4.4316195e+08 | L62: =IFERROR(K62/G62,0) -> 0.83847931 | M62: =G62*$H$40-K62 -> 32515563 | N62: =IFERROR(M62/$C$3,0) -> 0 | O62: =G62*$J$40-K62 -> 58942091 | P62: =IFERROR(O62/$C$3,0) -> 0 | Q62: =G62*$L$40-K62 -> 85368620 | R62: =IFERROR(Q62/$C$3,0) -> 0 | T62: Dewi Kristiani | U62: n/a
... B64: MODERN TRADE + GENERAL TRADE | C64: SRIASIH | D64: =TARGETS!Y18 -> 165415307 | E64: =TARGETS!Z18 -> 1.95822e+08 | F64: =TARGETS!AA18 -> 227184322 | G64: =SUM(D64:F64) -> 5.8842163e+08 | H64: =SUMIF($B$10:$B$26,$T64,C$10:C$26)+SUMIF($B$10:$B$26,$U64,C$10:C$26) -> 1.3943839e+08 | I64: =SUMIF($B$10:$B$26,$T64,D$10:D$26)+SUMIF($B$10:$B$26,$U64,D$10:D$26) -> 1.3524299e+08 | J64: =SUMIF($B$10:$B$26,$T64,E$10:E$26)+SUMIF($B$10:$B$26,$U64,E$10:E$26) -> 1.7215883e+08 | K64: =SUM(H64:J64) -> 4.4684021e+08 | L64: =IFERROR(K64/G64,0) -> 0.7593878 | M64: =G64*$H$40-K64 -> 82739259 | N64: =IFERROR(M64/$C$3,0) -> 0 | O64: =G64*$J$40-K64 -> 1.1216034e+08 | P64: =IFERROR(O64/$C$3,0) -> 0 | Q64: =G64*$L$40-K64 -> 1.4158142e+08 | R64: =IFERROR(Q64/$C$3,0) -> 0 | T64: Ni Ketut Sriasih (GT) | U64: Ni Ketut Sriasih (MT)
B65: GRAND TOTAL | D65: =SUM(D51:D64) -> 4927597521 | E65: =SUM(E51:E64) -> 1.294443e+09 | F65: =SUM(F51:F64) -> 3216211725 | G65: =SUM(G51:G64) -> 9.4382522e+09 | H65: =SUM(H51:H64) -> 4.6269662e+09 | I65: =SUM(I51:I64) -> 1.1194998e+09 | J65: =SUM(J51:J64) -> 2.9913774e+09 | K65: =SUM(K51:K64) -> 8.7378435e+09 | L65: =IFERROR(K65/G65,0) -> 0.92579042 | M65: =SUM(M51:M64) -> -2.4341644e+08 | N65: =IFERROR(M65/$C$3,0) -> 0 | O65: =SUM(O51:O64) -> 2.2849617e+08 | P65: =IFERROR(O65/$C$3,0) -> 0 | Q65: =SUM(Q51:Q64) -> 7.0040878e+08 | R65: =IFERROR(Q65/$C$3,0) -> 0
B67: NESTLE | G67: SELISIH (Target x % - Achievement)
B68: CHANNEL / AREA | C68: SALES | D68: TARGET | E68: ACHIEVEMENT | F68: % | G68: ="SELISIH"&CHAR(10)&TEXT($H$40,"0%") -> SELISIH 90% | H68: ="PER HARI"&CHAR(10)&TEXT($H$40,"0%") -> PER HARI 90% | I68: ="SELISIH"&CHAR(10)&TEXT($J$40,"0%") -> SELISIH 95% | J68: ="PER HARI"&CHAR(10)&TEXT($J$40,"0%") -> PER HARI 95% | K68: ="SELISIH"&CHAR(10)&TEXT($L$40,"0%") -> SELISIH 100% | L68: ="PER HARI"&CHAR(10)&TEXT($L$40,"0%") -> PER HARI 100%
B69: NP - 1 | C69: RIDWAN | D69: =TARGETS!K22 -> 2.9810147e+08 | E69: =IFERROR($C$31,0) -> 2.7046825e+08 | F69: =IFERROR(E69/D69,0) -> 0.90730263 | G69: =D69*$H$40-E69 -> -2176924.5 | H69: =IFERROR(G69/$C$3,0) -> 0 | I69: =D69*$J$40-E69 -> 12728149 | J69: =IFERROR(I69/$C$3,0) -> 0 | K69: =D69*$L$40-E69 -> 27633223 | L69: =IFERROR(K69/$C$3,0) -> 0
B70: NP - 2 | C70: VACANT | D70: =TARGETS!K23 -> 4.4140238e+08 | E70: =IFERROR($C$32,0) -> 4.5912596e+08 | F70: =IFERROR(E70/D70,0) -> 1.0401529 | G70: =D70*$H$40-E70 -> -61863811 | H70: =IFERROR(G70/$C$3,0) -> 0 | I70: =D70*$J$40-E70 -> -39793692 | J70: =IFERROR(I70/$C$3,0) -> 0 | K70: =D70*$L$40-E70 -> -17723573 | L70: =IFERROR(K70/$C$3,0) -> 0
B71: NP - 3 | C71: GEK MAS | D71: =TARGETS!K24 -> 1.1264536e+09 | E71: =M21 -> 9.5724197e+08 | F71: =IFERROR(E71/D71,0) -> 0.84978377 | G71: =D71*$H$40-E71 -> 56566258 | H71: =IFERROR(G71/$C$3,0) -> 0 | I71: =D71*$J$40-E71 -> 1.1288894e+08 | J71: =IFERROR(I71/$C$3,0) -> 0 | K71: =D71*$L$40-E71 -> 1.6921162e+08 | L71: =IFERROR(K71/$C$3,0) -> 0
B72: NP - 4 | C72: VACANT | D72: =TARGETS!K25 -> 0 | E72: =0 -> 0 | F72: =IFERROR(E72/D72,0) -> 0 | G72: =D72*$H$40-E72 -> 0 | H72: =IFERROR(G72/$C$3,0) -> 0 | I72: =D72*$J$40-E72 -> 0 | J72: =IFERROR(I72/$C$3,0) -> 0 | K72: =D72*$L$40-E72 -> 0 | L72: =IFERROR(K72/$C$3,0) -> 0
B73: NP - 5 | C73: - | D73: =TARGETS!K26 -> 0 | E73: =0 -> 0 | F73: =IFERROR(E73/D73,0) -> 0 | G73: =D73*$H$40-E73 -> 0 | H73: =IFERROR(G73/$C$3,0) -> 0 | I73: =D73*$J$40-E73 -> 0 | J73: =IFERROR(I73/$C$3,0) -> 0 | K73: =D73*$L$40-E73 -> 0 | L73: =IFERROR(K73/$C$3,0) -> 0
B74: GRAND TOTAL | D74: =SUM(D69:D73) -> 1.8659574e+09 | E74: =SUM(E69:E73) -> 1.6868362e+09 | F74: =IFERROR(E74/D74,0) -> 0.90400571 | G74: =SUM(G69:G73) -> -7474478 | H74: =IFERROR(G74/$C$3,0) -> 0 | I74: =SUM(I69:I73) -> 85823394 | J74: =IFERROR(I74/$C$3,0) -> 0 | K74: =SUM(K69:K73) -> 1.7912127e+08 | L74: =IFERROR(K74/$C$3,0) -> 0
B77: BALIAN
B78: AREA | C78: SALES | D78: ACHIEVEMENT
D79: Balian | T79: KEY 1 (Nama_Kry) | U79: KEY 2 (opsional)
B80: UBUD | C80: PICROM | D80: =SUMIF($B$10:$B$26,$T80,$F$10:$F$26)+SUMIF($B$10:$B$26,$U80,$F$10:$F$26) -> 5.5174403e+08 | T80: =T51 -> Picrom Stalyon | U80: =U51 -> n/a
B81: DENPASAR - SANUR | C81: I MADE LUIH | D81: =SUMIF($B$10:$B$26,$T81,$F$10:$F$26)+SUMIF($B$10:$B$26,$U81,$F$10:$F$26) -> 1.7914302e+08 | T81: =T52 -> I MADE LUIH | U81: =U52 -> I Made Luih (Sanur)
B82: NAUGHTY NURIS | C82: NN MADE LUIH | D82: =SUMIF($B$10:$B$26,$T82,$F$10:$F$26)+SUMIF($B$10:$B$26,$U82,$F$10:$F$26) -> 13081081 | T82: =T53 -> NN Made Luih | U82: =U53 -> n/a
B83: KUTA SELATAN - ULUWATU | C83: JUNI | D83: =SUMIF($B$10:$B$26,$T83,$F$10:$F$26)+SUMIF($B$10:$B$26,$U83,$F$10:$F$26) -> 4.4046945e+08 | T83: =T54 -> Juni | U83: =U54 -> n/a
B84: KUTA - INDUSTRI | C84: EKA/WAHYU | D84: =SUMIF($B$10:$B$26,$T84,$F$10:$F$26)+SUMIF($B$10:$B$26,$U84,$F$10:$F$26) -> 0 | T84: =T55 -> Eka/Wahyu - FIB | U84: =U55 -> n/a
B85: KUTA - HOTEL | C85: VACANT | D85: =SUMIF($B$10:$B$26,$T85,$F$10:$F$26)+SUMIF($B$10:$B$26,$U85,$F$10:$F$26) -> 57669378 | T85: =T56 -> Vacant Hotel Kuta Seminyak | U85: =U56 -> n/a
B86: KUTA SELATAN - NUSA DUA (HOTEL) | C86: MONICA | D86: =SUMIF($B$10:$B$26,$T86,$F$10:$F$26)+SUMIF($B$10:$B$26,$U86,$F$10:$F$26) -> 1.7266265e+09 | T86: =T57 -> Monica | U86: =U57 -> n/a
B87: SEMINYAK | C87: SUJANA | D87: =SUMIF($B$10:$B$26,$T87,$F$10:$F$26)+SUMIF($B$10:$B$26,$U87,$F$10:$F$26) -> 4.0302216e+08 | T87: =T58 -> Sujana | U87: =U58 -> n/a
B88: NAUGHTY NURIS | C88: NN SUJANA | D88: =SUMIF($B$10:$B$26,$T88,$F$10:$F$26)+SUMIF($B$10:$B$26,$U88,$F$10:$F$26) -> 16534324 | T88: =T59 -> NN Sujana | U88: =U59 -> n/a
B89: KUTA - LEGIAN | C89: EKA/WAHYU | D89: =SUMIF($B$10:$B$26,$T89,$F$10:$F$26)+SUMIF($B$10:$B$26,$U89,$F$10:$F$26) -> 3.0388449e+08 | T89: =T60 -> Eka/Wahyu - Kuta/Legian | U89: =U60 -> n/a
B90: CANGGU 1 | C90: TAUFIK | D90: =SUMIF($B$10:$B$26,$T90,$F$10:$F$26)+SUMIF($B$10:$B$26,$U90,$F$10:$F$26) -> 7.2668125e+08 | T90: =T61 -> Taufik | U90: =U61 -> n/a
B91: CANGGU 2 | C91: DEWI KRISTIANI | D91: =SUMIF($B$10:$B$26,$T91,$F$10:$F$26)+SUMIF($B$10:$B$26,$U91,$F$10:$F$26) -> 1.8410588e+08 | T91: =T62 -> Dewi Kristiani | U91: =U62 -> n/a
... B93: MODERN TRADE + GENERAL TRADE | C93: SRIASIH | D93: =SUMIF($B$10:$B$26,$T93,$F$10:$F$26)+SUMIF($B$10:$B$26,$U93,$F$10:$F$26) -> 1.6648379e+08 | T93: =T64 -> Ni Ketut Sriasih (GT) | U93: =U64 -> Ni Ketut Sriasih (MT)
B94: GRAND TOTAL | D94: =SUM(D80:D93) -> 4.7902458e+09

Sheet SEP
B1: DATA PENCAPAIAN — SEPTEMBER 2026 | G1: ⚙️ KALENDER KERJA — INPUT MANUAL
G2: Total hari kalender bulan ini (auto) | J2: =E3 -> 30
B3: HARI TERSISA (auto): | C3: =IF($J$5<>"",$J$5,MAX(0,NETWORKDAYS.INTL(MAX(TODAY(),DATE(YEAR(TODAY()),9,1)),EOMONTH(DATE(YEAR(TODAY()),9,1),0),11)-MAX(0,$J$3-$J$4))) -> 0 | D3: Hari kerja tersisa bulan ini (Sab s/d akhir bulan) — otomatis | E3: =DAY(EOMONTH(DATE(YEAR(TODAY()),9,1),0)) -> 30 | G3: Total hari LIBUR / OFF bulan ini | J3: 0
G4: Libur yang SUDAH lewat | J4: 0
G5: Override HARI TERSISA (kosong = auto)
B6: 📥 INPUT DATA HARIAN — Paste dari file sistem di sini | M6: FOOD_ACHIV (calc) | N6: BEV_ACHIV (calc) | O6: BAK_ACHIV (calc)
B7: INPUT: DATA MKS (FOOD & BEVERAGES) | M7: =SUM(C9) -> 0 | N7: =SUM(D9) -> 0 | O7: =SUM(E9) -> 0
B8: Nama_Kry | C8: FOOD | D8: BEVERAGE | E8: BAKERY | F8: Balian | G8: Grand Total
C9: 0 | D9: 0
B10: Dewi Kristiani | C10: 1.4474016e+08 | D10: 42947490 | E10: 2.0302594e+08 | F10: 1.6702082e+08 | G10: 5.5773441e+08
B11: FIB | C11: 5673423.4 | D11: 42317827 | E11: 2.9487388e+08 | G11: 3.4286513e+08
B12: I MADE LUIH | C12: 1.8434205e+08 | D12: 73221835 | E12: 1.7914199e+08 | F12: 73537257 | G12: 5.1024313e+08
B13: I Made Luih (Sanur) | C13: 34096172 | D13: 24478710 | E13: 2.2091297e+08 | F13: 92206408 | G13: 3.7169427e+08
B14: Juni | C14: 5.196056e+08 | D14: 46985541 | E14: 1.5468789e+08 | F14: 4.351825e+08 | G14: 1.1564615e+09
B15: Management Bali | C15: 1.6719304e+09 | D15: 12877002 | E15: 95420197 | F15: 18848649 | G15: 1.7990762e+09
B16: Monica | C16: 5.2108979e+08 | D16: 57488126 | E16: 3.3155059e+08 | F16: 1.0859958e+09 | G16: 1.9961243e+09
B17: Ni Ketut Sriasih (GT) | C17: 1.0981523e+08 | D17: 13122554 | E17: 1.1157293e+08 | F17: 50871893 | G17: 2.853826e+08
B18: Ni Ketut Sriasih (MT) | C18: 15069698 | D18: 1.5943342e+08 | E18: 64345106 | F18: 1.0941622e+08 | G18: 3.4826445e+08
B19: NN Made Luih | C19: 48019875 | F19: 9945945.7 | G19: 57965821
B20: NN Sujana | C20: 2.2840668e+08 | F20: 13579549 | G20: 2.4198623e+08 | M20: =SUM(C30,C35)+M7 -> 0 | N20: NP5_calc = baris kosong (C30) + NP5 raw (C35) + KA dari MKS (M7)
B21: Picrom Stalyon | C21: 2.9325195e+08 | D21: 52174490 | E21: 1.6069217e+08 | F21: 4.4095854e+08 | G21: 9.4707714e+08 | M21: =SUM(C33,C34)+M20 -> 1.0484009e+09 | N21: NP3_final = NP3 raw (C33) + NP4 (C34) + NP5_calc (M20)
B22: Ronald | C22: 2.0325437e+08 | D22: 64276669 | E22: 1.6408615e+08 | F22: 65793423 | G22: 4.9741061e+08
B23: Sujana | C23: 2.8201157e+08 | D23: 74809273 | E23: 1.9365008e+08 | F23: 3.4709853e+08 | G23: 8.9756946e+08
B24: Taufik | C24: 4.7335869e+08 | D24: 68355377 | E24: 2.1422101e+08 | F24: 6.3707636e+08 | G24: 1.3930114e+09
B25: Wahyu | C25: 3.5012761e+08 | D25: 90343081 | E25: 1.0423016e+08 | F25: 50324325 | G25: 5.9502517e+08
B26: Wira | C26: 5.4795939e+08 | D26: 2.9087957e+08 | E26: 2.8651343e+08 | F26: 21926703 | G26: 1.1472791e+09
B28: INPUT: DATA NESTLE
B29: Nama Kry | C29: Total
B31: NP1 | C31: 2.8053517e+08
B32: NP2 | C32: 4.7349285e+08
B33: NP3 | C33: 5.1515892e+08
B34: NP4 | C34: 5.3324194e+08
B35: NP5 | C35: 0
S39: PILIHAN % TARGET
B40: DATA PENCAPAIAN — GLOBAL — 30 SEPTEMBER 2026 | E40: TARGET | F40: =IF(MONTH(TODAY())=9,DAY(TODAY())/DAY(EOMONTH(TODAY(),0)),IF(MONTH(TODAY())>9,1,0)) -> 1 | G40: PILIH TARGET % | H40: 0.95 | I40: PILIH TARGET % | J40: 1 | K40: PENUH | L40: 1 | S40: 0.7
B41: KATAGORI | C41: AREA | D41: TARGET | E41: ACHIEVEMENT | F41: % | G41: ="SELISIH"&CHAR(10)&TEXT($H$40,"0%") -> SELISIH 95% | H41: ="PER HARI"&CHAR(10)&TEXT($H$40,"0%") -> PER HARI 95% | I41: ="SELISIH"&CHAR(10)&TEXT($J$40,"0%") -> SELISIH 100% | J41: ="PER HARI"&CHAR(10)&TEXT($J$40,"0%") -> PER HARI 100% | K41: ="SELISIH"&CHAR(10)&TEXT($L$40,"0%") -> SELISIH 100% | L41: ="PER HARI"&CHAR(10)&TEXT($L$40,"0%") -> PER HARI 100% | S41: 0.75
B42: FOOD | C42: HORECA, GT, MT | D42: =SUM(TARGETS!AB5:AB18) -> 4.511786e+09 | E42: =H65 -> 3.9608223e+09 | F42: =IFERROR(E42/D42,0) -> 0.87788344 | G42: =D42*$H$40-E42 -> 3.2537448e+08 | H42: =IFERROR(G42/$C$3,0) -> 0 | I42: =D42*$J$40-E42 -> 5.5096378e+08 | J42: =IFERROR(I42/$C$3,0) -> 0 | K42: =D42*$L$40-E42 -> 5.5096378e+08 | L42: =IFERROR(K42/$C$3,0) -> 0 | S42: 0.8
B43: BEVERAGE | C43: HORECA, GT, MT | D43: =SUM(TARGETS!AC5:AC18) -> 1.4013653e+09 | E43: =I65 -> 1.100834e+09 | F43: =IFERROR(E43/D43,0) -> 0.7855439 | G43: =D43*$H$40-E43 -> 2.3046307e+08 | H43: =IFERROR(G43/$C$3,0) -> 0 | I43: =D43*$J$40-E43 -> 3.0053134e+08 | J43: =IFERROR(I43/$C$3,0) -> 0 | K43: =D43*$L$40-E43 -> 3.0053134e+08 | L43: =IFERROR(K43/$C$3,0) -> 0 | S43: 0.85
B44: BAKERY | C44: HORECA, GT, MT | D44: =SUM(TARGETS!AD5:AD18) -> 2.9448142e+09 | E44: =J65 -> 2.6835043e+09 | F44: =IFERROR(E44/D44,0) -> 0.91126438 | G44: =IF(D44=0,0,D44*$H$40-E44) -> 1.1406921e+08 | H44: =IFERROR(G44/$C$3,0) -> 0 | I44: =IF(D44=0,0,D44*$J$40-E44) -> 2.6130992e+08 | J44: =IFERROR(I44/$C$3,0) -> 0 | K44: =IF(D44=0,0,D44*$L$40-E44) -> 2.6130992e+08 | L44: =IFERROR(K44/$C$3,0) -> 0 | S44: 0.9
B45: NESTLE | C45: HORECA, GT, MT | D45: =SUM(TARGETS!L22:L26) -> 1.7404255e+09 | E45: =E74 -> 1.8024289e+09 | F45: =IFERROR(E45/D45,0) -> 1.0356254 | G45: =D45*$H$40-E45 -> -1.4902463e+08 | H45: =IFERROR(G45/$C$3,0) -> 0 | I45: =D45*$J$40-E45 -> -62003358 | J45: =IFERROR(I45/$C$3,0) -> 0 | K45: =D45*$L$40-E45 -> -62003358 | L45: =IFERROR(K45/$C$3,0) -> 0 | S45: 0.95
B46: TOTAL | D46: =SUM(D42:D45) -> 1.0598391e+10 | E46: =SUM(E42:E45) -> 9.5475894e+09 | F46: =IFERROR(E46/D46,0) -> 0.90085272 | G46: =SUM(G42:G45) -> 5.2088212e+08 | H46: =IFERROR(G46/$C$3,0) -> 0 | I46: =SUM(I42:I45) -> 1.0508017e+09 | J46: =IFERROR(I46/$C$3,0) -> 0 | K46: =SUM(K42:K45) -> 1.0508017e+09 | L46: =IFERROR(K46/$C$3,0) -> 0 | S46: 1
B48: FOOD, BEVERAGES & BAKERY | M48: SELISIH (Target x % - Achievement)
B49: AREA | C49: SALES | D49: TARGET | H49: ACHIEVEMENT | L49: % | M49: ="SELISIH"&CHAR(10)&TEXT($H$40,"0%") -> SELISIH 95% | N49: ="PER HARI"&CHAR(10)&TEXT($H$40,"0%") -> PER HARI 95% | O49: ="SELISIH"&CHAR(10)&TEXT($J$40,"0%") -> SELISIH 100% | P49: ="PER HARI"&CHAR(10)&TEXT($J$40,"0%") -> PER HARI 100% | Q49: ="SELISIH"&CHAR(10)&TEXT($L$40,"0%") -> SELISIH 100% | R49: ="PER HARI"&CHAR(10)&TEXT($L$40,"0%") -> PER HARI 100%
D50: Food | E50: Beverage | F50: Bakery | G50: Total | H50: Food | I50: Beverage | J50: Bakery | K50: Total | T50: KEY 1 (Nama_Kry) | U50: KEY 2 (opsional)
B51: UBUD | C51: PICROM | D51: =TARGETS!AB5 -> 2.690478e+08 | E51: =TARGETS!AC5 -> 69550316 | F51: =TARGETS!AD5 -> 1.757694e+08 | G51: =SUM(D51:F51) -> 5.1436752e+08 | H51: =SUMIF($B$10:$B$26,$T51,C$10:C$26)+SUMIF($B$10:$B$26,$U51,C$10:C$26) -> 2.9325195e+08 | I51: =SUMIF($B$10:$B$26,$T51,D$10:D$26)+SUMIF($B$10:$B$26,$U51,D$10:D$26) -> 52174490 | J51: =SUMIF($B$10:$B$26,$T51,E$10:E$26)+SUMIF($B$10:$B$26,$U51,E$10:E$26) -> 1.6069217e+08 | K51: =SUM(H51:J51) -> 5.0611861e+08 | L51: =IFERROR(K51/G51,0) -> 0.983963 | M51: =G51*$H$40-K51 -> -17469464 | N51: =IFERROR(M51/$C$3,0) -> 0 | O51: =G51*$J$40-K51 -> 8248912.3 | P51: =IFERROR(O51/$C$3,0) -> 0 | Q51: =G51*$L$40-K51 -> 8248912.3 | R51: =IFERROR(Q51/$C$3,0) -> 0 | T51: Picrom Stalyon | U51: n/a
B52: DENPASAR - SANUR | C52: I MADE LUIH | D52: =TARGETS!AB6 -> 1.8434383e+08 | E52: =TARGETS!AC6 -> 1.744867e+08 | F52: =TARGETS!AD6 -> 4.2669336e+08 | G52: =SUM(D52:F52) -> 7.8552388e+08 | H52: =SUMIF($B$10:$B$26,$T52,C$10:C$26)+SUMIF($B$10:$B$26,$U52,C$10:C$26) -> 2.1843822e+08 | I52: =SUMIF($B$10:$B$26,$T52,D$10:D$26)+SUMIF($B$10:$B$26,$U52,D$10:D$26) -> 97700545 | J52: =SUMIF($B$10:$B$26,$T52,E$10:E$26)+SUMIF($B$10:$B$26,$U52,E$10:E$26) -> 4.0005496e+08 | K52: =SUM(H52:J52) -> 7.1619373e+08 | L52: =IFERROR(K52/G52,0) -> 0.91174023 | M52: =G52*$H$40-K52 -> 30053961 | N52: =IFERROR(M52/$C$3,0) -> 0 | O52: =G52*$J$40-K52 -> 69330155 | P52: =IFERROR(O52/$C$3,0) -> 0 | Q52: =G52*$L$40-K52 -> 69330155 | R52: =IFERROR(Q52/$C$3,0) -> 0 | T52: I MADE LUIH | U52: I Made Luih (Sanur)
B53: NAUGHTY NURIS | C53: NN MADE LUIH | D53: =TARGETS!AB7 -> 2.6295311e+08 | E53: =TARGETS!AC7 -> 0 | F53: =TARGETS!AD7 -> 0 | G53: =SUM(D53:F53) -> 2.6295311e+08 | H53: =SUMIF($B$10:$B$26,$T53,C$10:C$26)+SUMIF($B$10:$B$26,$U53,C$10:C$26) -> 48019875 | I53: =SUMIF($B$10:$B$26,$T53,D$10:D$26)+SUMIF($B$10:$B$26,$U53,D$10:D$26) -> 0 | J53: =SUMIF($B$10:$B$26,$T53,E$10:E$26)+SUMIF($B$10:$B$26,$U53,E$10:E$26) -> 0 | K53: =SUM(H53:J53) -> 48019875 | L53: =IFERROR(K53/G53,0) -> 0.18261764 | M53: =G53*$H$40-K53 -> 2.0178557e+08 | N53: =IFERROR(M53/$C$3,0) -> 0 | O53: =G53*$J$40-K53 -> 2.1493323e+08 | P53: =IFERROR(O53/$C$3,0) -> 0 | Q53: =G53*$L$40-K53 -> 2.1493323e+08 | R53: =IFERROR(Q53/$C$3,0) -> 0 | T53: NN Made Luih | U53: n/a
B54: KUTA SELATAN - ULUWATU | C54: JUNI | D54: =TARGETS!AB8 -> 5.952451e+08 | E54: =TARGETS!AC8 -> 44704505 | F54: =TARGETS!AD8 -> 86722202 | G54: =SUM(D54:F54) -> 7.2667181e+08 | H54: =SUMIF($B$10:$B$26,$T54,C$10:C$26)+SUMIF($B$10:$B$26,$U54,C$10:C$26) -> 5.196056e+08 | I54: =SUMIF($B$10:$B$26,$T54,D$10:D$26)+SUMIF($B$10:$B$26,$U54,D$10:D$26) -> 46985541 | J54: =SUMIF($B$10:$B$26,$T54,E$10:E$26)+SUMIF($B$10:$B$26,$U54,E$10:E$26) -> 1.5468789e+08 | K54: =SUM(H54:J54) -> 7.2127903e+08 | L54: =IFERROR(K54/G54,0) -> 0.9925788 | M54: =G54*$H$40-K54 -> -30940812 | N54: =IFERROR(M54/$C$3,0) -> 0 | O54: =G54*$J$40-K54 -> 5392778.9 | P54: =IFERROR(O54/$C$3,0) -> 0 | Q54: =G54*$L$40-K54 -> 5392778.9 | R54: =IFERROR(Q54/$C$3,0) -> 0 | T54: Juni | U54: n/a
B55: KUTA - INDUSTRI | C55: WAHYU FIB | D55: =TARGETS!AB9 -> 5575802 | E55: =TARGETS!AC9 -> 63507750 | F55: =TARGETS!AD9 -> 4.6811745e+08 | G55: =SUM(D55:F55) -> 5.37201e+08 | H55: =SUMIF($B$10:$B$26,$T55,C$10:C$26)+SUMIF($B$10:$B$26,$U55,C$10:C$26) -> 5673423.4 | I55: =SUMIF($B$10:$B$26,$T55,D$10:D$26)+SUMIF($B$10:$B$26,$U55,D$10:D$26) -> 42317827 | J55: =SUMIF($B$10:$B$26,$T55,E$10:E$26)+SUMIF($B$10:$B$26,$U55,E$10:E$26) -> 2.9487388e+08 | K55: =SUM(H55:J55) -> 3.4286513e+08 | L55: =IFERROR(K55/G55,0) -> 0.63824365 | M55: =G55*$H$40-K55 -> 1.6747582e+08 | N55: =IFERROR(M55/$C$3,0) -> 0 | O55: =G55*$J$40-K55 -> 1.9433587e+08 | P55: =IFERROR(O55/$C$3,0) -> 0 | Q55: =G55*$L$40-K55 -> 1.9433587e+08 | R55: =IFERROR(Q55/$C$3,0) -> 0 | T55: FIB | U55: n/a
B56: KUTA - HOTEL | C56: RONALD | D56: =TARGETS!AB10 -> 2.7181172e+08 | E56: =TARGETS!AC10 -> 1.1617396e+08 | F56: =TARGETS!AD10 -> 1.8696031e+08 | G56: =SUM(D56:F56) -> 5.7494599e+08 | H56: =SUMIF($B$10:$B$26,$T56,C$10:C$26)+SUMIF($B$10:$B$26,$U56,C$10:C$26) -> 2.0325437e+08 | I56: =SUMIF($B$10:$B$26,$T56,D$10:D$26)+SUMIF($B$10:$B$26,$U56,D$10:D$26) -> 64276669 | J56: =SUMIF($B$10:$B$26,$T56,E$10:E$26)+SUMIF($B$10:$B$26,$U56,E$10:E$26) -> 1.6408615e+08 | K56: =SUM(H56:J56) -> 4.3161718e+08 | L56: =IFERROR(K56/G56,0) -> 0.7507091 | M56: =G56*$H$40-K56 -> 1.1458151e+08 | N56: =IFERROR(M56/$C$3,0) -> 0 | O56: =G56*$J$40-K56 -> 1.4332881e+08 | P56: =IFERROR(O56/$C$3,0) -> 0 | Q56: =G56*$L$40-K56 -> 1.4332881e+08 | R56: =IFERROR(Q56/$C$3,0) -> 0 | T56: Ronald | U56: n/a
B57: KUTA SELATAN - NUSA DUA (HOTEL) | C57: MONICA | D57: =TARGETS!AB11 -> 6.68891e+08 | E57: =TARGETS!AC11 -> 94358636 | F57: =TARGETS!AD11 -> 3.4593443e+08 | G57: =SUM(D57:F57) -> 1.1091841e+09 | H57: =SUMIF($B$10:$B$26,$T57,C$10:C$26)+SUMIF($B$10:$B$26,$U57,C$10:C$26) -> 5.2108979e+08 | I57: =SUMIF($B$10:$B$26,$T57,D$10:D$26)+SUMIF($B$10:$B$26,$U57,D$10:D$26) -> 57488126 | J57: =SUMIF($B$10:$B$26,$T57,E$10:E$26)+SUMIF($B$10:$B$26,$U57,E$10:E$26) -> 3.3155059e+08 | K57: =SUM(H57:J57) -> 9.101285e+08 | L57: =IFERROR(K57/G57,0) -> 0.82053874 | M57: =G57*$H$40-K57 -> 1.4359636e+08 | N57: =IFERROR(M57/$C$3,0) -> 0 | O57: =G57*$J$40-K57 -> 1.9905557e+08 | P57: =IFERROR(O57/$C$3,0) -> 0 | Q57: =G57*$L$40-K57 -> 1.9905557e+08 | R57: =IFERROR(Q57/$C$3,0) -> 0 | T57: Monica | U57: n/a
B58: SEMINYAK | C58: SUJANA | D58: =TARGETS!AB12 -> 2.6428393e+08 | E58: =TARGETS!AC12 -> 97886673 | F58: =TARGETS!AD12 -> 2.5241027e+08 | G58: =SUM(D58:F58) -> 6.1458087e+08 | H58: =SUMIF($B$10:$B$26,$T58,C$10:C$26)+SUMIF($B$10:$B$26,$U58,C$10:C$26) -> 2.8201157e+08 | I58: =SUMIF($B$10:$B$26,$T58,D$10:D$26)+SUMIF($B$10:$B$26,$U58,D$10:D$26) -> 74809273 | J58: =SUMIF($B$10:$B$26,$T58,E$10:E$26)+SUMIF($B$10:$B$26,$U58,E$10:E$26) -> 1.9365008e+08 | K58: =SUM(H58:J58) -> 5.5047093e+08 | L58: =IFERROR(K58/G58,0) -> 0.89568511 | M58: =G58*$H$40-K58 -> 33380895 | N58: =IFERROR(M58/$C$3,0) -> 0 | O58: =G58*$J$40-K58 -> 64109939 | P58: =IFERROR(O58/$C$3,0) -> 0 | Q58: =G58*$L$40-K58 -> 64109939 | R58: =IFERROR(Q58/$C$3,0) -> 0 | T58: Sujana | U58: n/a
B59: NAUGHTY NURIS | C59: NN SUJANA | D59: =TARGETS!AB13 -> 4.4384672e+08 | E59: =TARGETS!AC13 -> 0 | F59: =TARGETS!AD13 -> 0 | G59: =SUM(D59:F59) -> 4.4384672e+08 | H59: =SUMIF($B$10:$B$26,$T59,C$10:C$26)+SUMIF($B$10:$B$26,$U59,C$10:C$26) -> 2.2840668e+08 | I59: =SUMIF($B$10:$B$26,$T59,D$10:D$26)+SUMIF($B$10:$B$26,$U59,D$10:D$26) -> 0 | J59: =SUMIF($B$10:$B$26,$T59,E$10:E$26)+SUMIF($B$10:$B$26,$U59,E$10:E$26) -> 0 | K59: =SUM(H59:J59) -> 2.2840668e+08 | L59: =IFERROR(K59/G59,0) -> 0.51460711 | M59: =G59*$H$40-K59 -> 1.932477e+08 | N59: =IFERROR(M59/$C$3,0) -> 0 | O59: =G59*$J$40-K59 -> 2.1544004e+08 | P59: =IFERROR(O59/$C$3,0) -> 0 | Q59: =G59*$L$40-K59 -> 2.1544004e+08 | R59: =IFERROR(Q59/$C$3,0) -> 0 | T59: NN Sujana | U59: n/a
B60: KUTA - LEGIAN | C60: WAHYU | D60: =TARGETS!AB14 -> 3.5002809e+08 | E60: =TARGETS!AC14 -> 1.1088507e+08 | F60: =TARGETS!AD14 -> 1.1827305e+08 | G60: =SUM(D60:F60) -> 5.7918621e+08 | H60: =SUMIF($B$10:$B$26,$T60,C$10:C$26)+SUMIF($B$10:$B$26,$U60,C$10:C$26) -> 3.5012761e+08 | I60: =SUMIF($B$10:$B$26,$T60,D$10:D$26)+SUMIF($B$10:$B$26,$U60,D$10:D$26) -> 90343081 | J60: =SUMIF($B$10:$B$26,$T60,E$10:E$26)+SUMIF($B$10:$B$26,$U60,E$10:E$26) -> 1.0423016e+08 | K60: =SUM(H60:J60) -> 5.4470085e+08 | L60: =IFERROR(K60/G60,0) -> 0.94045894 | M60: =G60*$H$40-K60 -> 5526049.2 | N60: =IFERROR(M60/$C$3,0) -> 0 | O60: =G60*$J$40-K60 -> 34485360 | P60: =IFERROR(O60/$C$3,0) -> 0 | Q60: =G60*$L$40-K60 -> 34485360 | R60: =IFERROR(Q60/$C$3,0) -> 0 | T60: Wahyu | U60: n/a
B61: CANGGU 1 | C61: TAUFIK | D61: =TARGETS!AB15 -> 4.8108699e+08 | E61: =TARGETS!AC15 -> 64167599 | F61: =TARGETS!AD15 -> 1.7133821e+08 | G61: =SUM(D61:F61) -> 7.165928e+08 | H61: =SUMIF($B$10:$B$26,$T61,C$10:C$26)+SUMIF($B$10:$B$26,$U61,C$10:C$26) -> 4.7335869e+08 | I61: =SUMIF($B$10:$B$26,$T61,D$10:D$26)+SUMIF($B$10:$B$26,$U61,D$10:D$26) -> 68355377 | J61: =SUMIF($B$10:$B$26,$T61,E$10:E$26)+SUMIF($B$10:$B$26,$U61,E$10:E$26) -> 2.1422101e+08 | K61: =SUM(H61:J61) -> 7.5593508e+08 | L61: =IFERROR(K61/G61,0) -> 1.0549019 | M61: =G61*$H$40-K61 -> -75171919 | N61: =IFERROR(M61/$C$3,0) -> 0 | O61: =G61*$J$40-K61 -> -39342279 | P61: =IFERROR(O61/$C$3,0) -> 0 | Q61: =G61*$L$40-K61 -> -39342279 | R61: =IFERROR(Q61/$C$3,0) -> 0 | T61: Taufik | U61: n/a
B62: CANGGU 2 | C62: DEWI KRISTIANI | D62: =TARGETS!AB16 -> 1.72798e+08 | E62: =TARGETS!AC16 -> 41572867 | F62: =TARGETS!AD16 -> 2.6265239e+08 | G62: =SUM(D62:F62) -> 4.7702326e+08 | H62: =SUMIF($B$10:$B$26,$T62,C$10:C$26)+SUMIF($B$10:$B$26,$U62,C$10:C$26) -> 1.4474016e+08 | I62: =SUMIF($B$10:$B$26,$T62,D$10:D$26)+SUMIF($B$10:$B$26,$U62,D$10:D$26) -> 42947490 | J62: =SUMIF($B$10:$B$26,$T62,E$10:E$26)+SUMIF($B$10:$B$26,$U62,E$10:E$26) -> 2.0302594e+08 | K62: =SUM(H62:J62) -> 3.9071359e+08 | L62: =IFERROR(K62/G62,0) -> 0.81906613 | M62: =G62*$H$40-K62 -> 62458504 | N62: =IFERROR(M62/$C$3,0) -> 0 | O62: =G62*$J$40-K62 -> 86309666 | P62: =IFERROR(O62/$C$3,0) -> 0 | Q62: =G62*$L$40-K62 -> 86309666 | R62: =IFERROR(Q62/$C$3,0) -> 0 | T62: Dewi Kristiani | U62: n/a
... B64: MODERN TRADE + GENERAL TRADE | C64: SRIASIH | D64: =TARGETS!AB18 -> 1.2761426e+08 | E64: =TARGETS!AC18 -> 2.047322e+08 | F64: =TARGETS!AD18 -> 2.0456786e+08 | G64: =SUM(D64:F64) -> 5.3691432e+08 | H64: =SUMIF($B$10:$B$26,$T64,C$10:C$26)+SUMIF($B$10:$B$26,$U64,C$10:C$26) -> 1.2488492e+08 | I64: =SUMIF($B$10:$B$26,$T64,D$10:D$26)+SUMIF($B$10:$B$26,$U64,D$10:D$26) -> 1.7255598e+08 | J64: =SUMIF($B$10:$B$26,$T64,E$10:E$26)+SUMIF($B$10:$B$26,$U64,E$10:E$26) -> 1.7591803e+08 | K64: =SUM(H64:J64) -> 4.7335893e+08 | L64: =IFERROR(K64/G64,0) -> 0.88162844 | M64: =G64*$H$40-K64 -> 36709671 | N64: =IFERROR(M64/$C$3,0) -> 0 | O64: =G64*$J$40-K64 -> 63555387 | P64: =IFERROR(O64/$C$3,0) -> 0 | Q64: =G64*$L$40-K64 -> 63555387 | R64: =IFERROR(Q64/$C$3,0) -> 0 | T64: Ni Ketut Sriasih (GT) | U64: Ni Ketut Sriasih (MT)
B65: GRAND TOTAL | D65: =SUM(D51:D64) -> 4.511786e+09 | E65: =SUM(E51:E64) -> 1.4013653e+09 | F65: =SUM(F51:F64) -> 2.9448142e+09 | G65: =SUM(G51:G64) -> 8.8579655e+09 | H65: =SUM(H51:H64) -> 3.9608223e+09 | I65: =SUM(I51:I64) -> 1.100834e+09 | J65: =SUM(J51:J64) -> 2.6835043e+09 | K65: =SUM(K51:K64) -> 7.7451605e+09 | L65: =IFERROR(K65/G65,0) -> 0.87437239 | M65: =SUM(M51:M64) -> 6.6990676e+08 | N65: =IFERROR(M65/$C$3,0) -> 0 | O65: =SUM(O51:O64) -> 1.112805e+09 | P65: =IFERROR(O65/$C$3,0) -> 0 | Q65: =SUM(Q51:Q64) -> 1.112805e+09 | R65: =IFERROR(Q65/$C$3,0) -> 0
B67: NESTLE | G67: SELISIH (Target x % - Achievement)
B68: CHANNEL / AREA | C68: SALES | D68: TARGET | E68: ACHIEVEMENT | F68: % | G68: ="SELISIH"&CHAR(10)&TEXT($H$40,"0%") -> SELISIH 95% | H68: ="PER HARI"&CHAR(10)&TEXT($H$40,"0%") -> PER HARI 95% | I68: ="SELISIH"&CHAR(10)&TEXT($J$40,"0%") -> SELISIH 100% | J68: ="PER HARI"&CHAR(10)&TEXT($J$40,"0%") -> PER HARI 100% | K68: ="SELISIH"&CHAR(10)&TEXT($L$40,"0%") -> SELISIH 100% | L68: ="PER HARI"&CHAR(10)&TEXT($L$40,"0%") -> PER HARI 100%
B69: NP - 1 | C69: RIDWAN | D69: =TARGETS!L22 -> 2.562575e+08 | E69: =IFERROR($C$31,0) -> 2.8053517e+08 | F69: =IFERROR(E69/D69,0) -> 1.0947393 | G69: =D69*$H$40-E69 -> -37090544 | H69: =IFERROR(G69/$C$3,0) -> 0 | I69: =D69*$J$40-E69 -> -24277669 | J69: =IFERROR(I69/$C$3,0) -> 0 | K69: =D69*$L$40-E69 -> -24277669 | L69: =IFERROR(K69/$C$3,0) -> 0
B70: NP - 2 | C70: VACANT | D70: =TARGETS!L23 -> 3.9955841e+08 | E70: =IFERROR($C$32,0) -> 4.7349285e+08 | F70: =IFERROR(E70/D70,0) -> 1.1850404 | G70: =D70*$H$40-E70 -> -93912360 | H70: =IFERROR(G70/$C$3,0) -> 0 | I70: =D70*$J$40-E70 -> -73934439 | J70: =IFERROR(I70/$C$3,0) -> 0 | K70: =D70*$L$40-E70 -> -73934439 | L70: =IFERROR(K70/$C$3,0) -> 0
B71: NP - 3 | C71: GEK MAS | D71: =TARGETS!L24 -> 1.0846096e+09 | E71: =M21 -> 1.0484009e+09 | F71: =IFERROR(E71/D71,0) -> 0.96661587 | G71: =D71*$H$40-E71 -> -18021730 | H71: =IFERROR(G71/$C$3,0) -> 0 | I71: =D71*$J$40-E71 -> 36208751 | J71: =IFERROR(I71/$C$3,0) -> 0 | K71: =D71*$L$40-E71 -> 36208751 | L71: =IFERROR(K71/$C$3,0) -> 0
B72: NP - 4 | C72: VACANT | D72: =TARGETS!L25 -> 0 | E72: =0 -> 0 | F72: =IFERROR(E72/D72,0) -> 0 | G72: =D72*$H$40-E72 -> 0 | H72: =IFERROR(G72/$C$3,0) -> 0 | I72: =D72*$J$40-E72 -> 0 | J72: =IFERROR(I72/$C$3,0) -> 0 | K72: =D72*$L$40-E72 -> 0 | L72: =IFERROR(K72/$C$3,0) -> 0
B73: NP - 5 | C73: - | D73: =TARGETS!L26 -> 0 | E73: =0 -> 0 | F73: =IFERROR(E73/D73,0) -> 0 | G73: =D73*$H$40-E73 -> 0 | H73: =IFERROR(G73/$C$3,0) -> 0 | I73: =D73*$J$40-E73 -> 0 | J73: =IFERROR(I73/$C$3,0) -> 0 | K73: =D73*$L$40-E73 -> 0 | L73: =IFERROR(K73/$C$3,0) -> 0
B74: GRAND TOTAL | D74: =SUM(D69:D73) -> 1.7404255e+09 | E74: =SUM(E69:E73) -> 1.8024289e+09 | F74: =IFERROR(E74/D74,0) -> 1.0356254 | G74: =SUM(G69:G73) -> -1.4902463e+08 | H74: =IFERROR(G74/$C$3,0) -> 0 | I74: =SUM(I69:I73) -> -62003358 | J74: =IFERROR(I74/$C$3,0) -> 0 | K74: =SUM(K69:K73) -> -62003358 | L74: =IFERROR(K74/$C$3,0) -> 0
B77: BALIAN
B78: AREA | C78: SALES | D78: ACHIEVEMENT
D79: Balian | T79: KEY 1 (Nama_Kry) | U79: KEY 2 (opsional)
B80: UBUD | C80: PICROM | D80: =SUMIF($B$10:$B$26,$T80,$F$10:$F$26)+SUMIF($B$10:$B$26,$U80,$F$10:$F$26) -> 4.4095854e+08 | T80: =T51 -> Picrom Stalyon | U80: =U51 -> n/a
B81: DENPASAR - SANUR | C81: I MADE LUIH | D81: =SUMIF($B$10:$B$26,$T81,$F$10:$F$26)+SUMIF($B$10:$B$26,$U81,$F$10:$F$26) -> 1.6574366e+08 | T81: =T52 -> I MADE LUIH | U81: =U52 -> I Made Luih (Sanur)
B82: NAUGHTY NURIS | C82: NN MADE LUIH | D82: =SUMIF($B$10:$B$26,$T82,$F$10:$F$26)+SUMIF($B$10:$B$26,$U82,$F$10:$F$26) -> 9945945.7 | T82: =T53 -> NN Made Luih | U82: =U53 -> n/a
B83: KUTA SELATAN - ULUWATU | C83: JUNI | D83: =SUMIF($B$10:$B$26,$T83,$F$10:$F$26)+SUMIF($B$10:$B$26,$U83,$F$10:$F$26) -> 4.351825e+08 | T83: =T54 -> Juni | U83: =U54 -> n/a
B84: KUTA - INDUSTRI | C84: WAHYU FIB | D84: =SUMIF($B$10:$B$26,$T84,$F$10:$F$26)+SUMIF($B$10:$B$26,$U84,$F$10:$F$26) -> 0 | T84: =T55 -> FIB | U84: =U55 -> n/a
B85: KUTA - HOTEL | C85: RONALD | D85: =SUMIF($B$10:$B$26,$T85,$F$10:$F$26)+SUMIF($B$10:$B$26,$U85,$F$10:$F$26) -> 65793423 | T85: =T56 -> Ronald | U85: =U56 -> n/a
B86: KUTA SELATAN - NUSA DUA (HOTEL) | C86: MONICA | D86: =SUMIF($B$10:$B$26,$T86,$F$10:$F$26)+SUMIF($B$10:$B$26,$U86,$F$10:$F$26) -> 1.0859958e+09 | T86: =T57 -> Monica | U86: =U57 -> n/a
B87: SEMINYAK | C87: SUJANA | D87: =SUMIF($B$10:$B$26,$T87,$F$10:$F$26)+SUMIF($B$10:$B$26,$U87,$F$10:$F$26) -> 3.4709853e+08 | T87: =T58 -> Sujana | U87: =U58 -> n/a
B88: NAUGHTY NURIS | C88: NN SUJANA | D88: =SUMIF($B$10:$B$26,$T88,$F$10:$F$26)+SUMIF($B$10:$B$26,$U88,$F$10:$F$26) -> 13579549 | T88: =T59 -> NN Sujana | U88: =U59 -> n/a
B89: KUTA - LEGIAN | C89: EKA | D89: =SUMIF($B$10:$B$26,$T89,$F$10:$F$26)+SUMIF($B$10:$B$26,$U89,$F$10:$F$26) -> 50324325 | T89: =T60 -> Wahyu | U89: =U60 -> n/a
B90: CANGGU 1 | C90: TAUFIK | D90: =SUMIF($B$10:$B$26,$T90,$F$10:$F$26)+SUMIF($B$10:$B$26,$U90,$F$10:$F$26) -> 6.3707636e+08 | T90: =T61 -> Taufik | U90: =U61 -> n/a
B91: CANGGU 2 | C91: DEWI KRISTIANI | D91: =SUMIF($B$10:$B$26,$T91,$F$10:$F$26)+SUMIF($B$10:$B$26,$U91,$F$10:$F$26) -> 1.6702082e+08 | T91: =T62 -> Dewi Kristiani | U91: =U62 -> n/a
... B93: MODERN TRADE + GENERAL TRADE | C93: SRIASIH | D93: =SUMIF($B$10:$B$26,$T93,$F$10:$F$26)+SUMIF($B$10:$B$26,$U93,$F$10:$F$26) -> 1.6028811e+08 | T93: =T64 -> Ni Ketut Sriasih (GT) | U93: =U64 -> Ni Ketut Sriasih (MT)
B94: GRAND TOTAL | D94: =SUM(D80:D93) -> 3.6009342e+09

Sheet OKT
B1: DATA PENCAPAIAN — OKTOBER 2026 | G1: ⚙️ KALENDER KERJA — INPUT MANUAL
G2: Total hari kalender bulan ini (auto) | J2: =E3 -> 31
B3: HARI TERSISA (auto): | C3: =IF($J$5<>"",$J$5,MAX(0,NETWORKDAYS.INTL(MAX(TODAY(),DATE(YEAR(TODAY()),10,1)),EOMONTH(DATE(YEAR(TODAY()),10,1),0),11)-MAX(0,$J$3-$J$4))) -> 3 | D3: Hari kerja tersisa bulan ini (Sab s/d akhir bulan) — otomatis | E3: =DAY(EOMONTH(DATE(YEAR(TODAY()),10,1),0)) -> 31 | G3: Total hari LIBUR / OFF bulan ini | J3: 1
G4: Libur yang SUDAH lewat | J4: 0
G5: Override HARI TERSISA (kosong = auto)
B6: 📥 INPUT DATA HARIAN — Paste dari file sistem di sini | M6: FOOD_ACHIV (calc) | N6: BEV_ACHIV (calc) | O6: BAK_ACHIV (calc)
B7: INPUT: DATA MKS (FOOD & BEVERAGES) | M7: =SUM(C9) -> 0 | N7: =SUM(D9) -> 0 | O7: =SUM(E9) -> 0
B8: Nama_Kry | C8: FOOD | D8: BEVERAGE | E8: BAKERY | F8: Balian | G8: Grand Total
C9: 0 | D9: 0
B10: Dewi Kristiani | C10: 1.8183888e+08 | D10: 48782899 | E10: 2.090424e+08 | F10: 1.5078559e+08 | G10: 5.9331127e+08
B11: FIB | C11: 3670270.3 | D11: 37900456 | E11: 3.2790091e+08 | F11: 0 | G11: 3.6947163e+08
B12: I MADE LUIH | C12: 1.7688448e+08 | D12: 53497044 | E12: 1.5217936e+08 | F12: 1.1433513e+08 | G12: 5.0871852e+08
B13: I Made Luih (Sanur) | C13: 26230284 | D13: 45465020 | E13: 2.3074977e+08 | F13: 82572976 | G13: 3.8695805e+08
B14: Juni | C14: 4.3458189e+08 | D14: 34283176 | E14: 1.4906367e+08 | F14: 3.0563028e+08 | G14: 9.2157301e+08
B15: Management Bali | C15: 1.3157949e+09 | D15: 8412923.6 | E15: 27680309 | F15: 15262703 | G15: 1.3671509e+09
B16: Monica | C16: 5.0244865e+08 | D16: 67632213 | E16: 3.3225036e+08 | F16: 1.1013631e+09 | G16: 2.1885343e+09
B17: Ni Ketut Sriasih (GT) | C17: 1.4136397e+08 | D17: 22741586 | E17: 96799554 | F17: 32257298 | G17: 2.931624e+08
B18: Ni Ketut Sriasih (MT) | C18: 17516336 | D18: 83059959 | E18: 51785245 | F18: 1.2222703e+08 | G18: 2.7458857e+08
B19: NN Made Luih | C19: 19889996 | D19: 0 | E19: 0 | F19: 13405405 | G19: 36495401
B20: NN Sujana | C20: 1.4385957e+08 | D20: 0 | E20: 0 | F20: 13729729 | G20: 1.575893e+08 | M20: =SUM(C31,C36)+M7 -> 0 | N20: NP5_calc = baris kosong (C30) + NP5 raw (C35) + KA dari MKS (M7)
B21: Picrom Stalyon | C21: 2.6130807e+08 | D21: 39705698 | E21: 1.3209194e+08 | F21: 3.9373298e+08 | G21: 8.7138269e+08 | M21: =SUM(C34,C35)+M20 -> 7.5314633e+08 | N21: NP3_final = NP3 raw (C33) + NP4 (C34) + NP5_calc (M20)
B22: Ronald | C22: 1.9658878e+08 | D22: 62156569 | E22: 1.3363452e+08 | F22: 98141442 | G22: 5.1090131e+08
B23: Sujana | C23: 2.7646669e+08 | D23: 61402480 | E23: 1.7373499e+08 | F23: 2.9415857e+08 | G23: 8.1082722e+08
B24: Taufik | C24: 4.2157395e+08 | D24: 65606920 | E24: 1.9784206e+08 | F24: 6.2796542e+08 | G24: 1.3406573e+09
B25: Wahyu | C25: 2.8926067e+08 | D25: 85225753 | E25: 1.0038896e+08 | F25: 75549351 | G25: 5.5178473e+08
B26: Wira | C26: 4.8395013e+08 | D26: 1.6756623e+08 | E26: 2.1469188e+08 | F26: 19107676 | G26: 8.8531592e+08
B27: Yuangga | C27: 0 | D27: 0 | E27: 0 | F27: 3405405.6 | G27: 5205405.6
B29: INPUT: DATA NESTLE
B30: Nama Kry | C30: Total
B32: NP1 | C32: 2.2071554e+08
B33: NP2 | C33: 3.9329365e+08
B34: NP3 | C34: 1.3461773e+08
B35: NP4 | C35: 6.185286e+08
B36: NP5 | C36: 0
S40: PILIHAN % TARGET
B41: DATA PENCAPAIAN — GLOBAL — 28 OKTOBER 2026 | E41: TARGET | F41: =IF(MONTH(TODAY())=10,DAY(TODAY())/DAY(EOMONTH(TODAY(),0)),IF(MONTH(TODAY())>10,1,0)) -> 0.90322581 | G41: PILIH TARGET % | H41: 1 | I41: PILIH TARGET % | J41: 1 | K41: PENUH | L41: 1 | S41: 0.7
B42: KATAGORI | C42: AREA | D42: TARGET | E42: ACHIEVEMENT | F42: % | G42: ="SELISIH"&CHAR(10)&TEXT($H$41,"0%") -> SELISIH 100% | H42: ="PER HARI"&CHAR(10)&TEXT($H$41,"0%") -> PER HARI 100% | I42: ="SELISIH"&CHAR(10)&TEXT($J$41,"0%") -> SELISIH 100% | J42: ="PER HARI"&CHAR(10)&TEXT($J$41,"0%") -> PER HARI 100% | K42: ="SELISIH"&CHAR(10)&TEXT($L$41,"0%") -> SELISIH 100% | L42: ="PER HARI"&CHAR(10)&TEXT($L$41,"0%") -> PER HARI 100% | S42: 0.75
B43: FOOD | C43: HORECA, GT, MT | D43: =SUM(TARGETS!AE5:AE18) -> 4.4645867e+09 | E43: =H66 -> 3.5774326e+09 | F43: =IFERROR(E43/D43,0) -> 0.80129088 | G43: =D43*$H$41-E43 -> 8.8715408e+08 | H43: =IFERROR(G43/$C$3,0) -> 2.9571803e+08 | I43: =D43*$J$41-E43 -> 8.8715408e+08 | J43: =IFERROR(I43/$C$3,0) -> 2.9571803e+08 | K43: =D43*$L$41-E43 -> 8.8715408e+08 | L43: =IFERROR(K43/$C$3,0) -> 2.9571803e+08 | S43: 0.8
B44: BEVERAGE | C44: HORECA, GT, MT | D44: =SUM(TARGETS!AF5:AF18) -> 1.2799081e+09 | E44: =I66 -> 8.75026e+08 | F44: =IFERROR(E44/D44,0) -> 0.68366317 | G44: =D44*$H$41-E44 -> 4.0488206e+08 | H44: =IFERROR(G44/$C$3,0) -> 1.3496069e+08 | I44: =D44*$J$41-E44 -> 4.0488206e+08 | J44: =IFERROR(I44/$C$3,0) -> 1.3496069e+08 | K44: =D44*$L$41-E44 -> 4.0488206e+08 | L44: =IFERROR(K44/$C$3,0) -> 1.3496069e+08 | S44: 0.85
B45: BAKERY | C45: HORECA, GT, MT | D45: =SUM(TARGETS!AG5:AG18) -> 2.9140075e+09 | E45: =J66 -> 2.5021556e+09 | F45: =IFERROR(E45/D45,0) -> 0.85866479 | G45: =IF(D45=0,0,D45*$H$41-E45) -> 4.1185185e+08 | H45: =IFERROR(G45/$C$3,0) -> 1.3728395e+08 | I45: =IF(D45=0,0,D45*$J$41-E45) -> 4.1185185e+08 | J45: =IFERROR(I45/$C$3,0) -> 1.3728395e+08 | K45: =IF(D45=0,0,D45*$L$41-E45) -> 4.1185185e+08 | L45: =IFERROR(K45/$C$3,0) -> 1.3728395e+08 | S45: 0.9
B46: NESTLE | C46: HORECA, GT, MT | D46: =SUM(TARGETS!M22:M26) -> 1.7797872e+09 | E46: =E75 -> 1.3671555e+09 | F46: =IFERROR(E46/D46,0) -> 0.76815672 | G46: =D46*$H$41-E46 -> 4.1263172e+08 | H46: =IFERROR(G46/$C$3,0) -> 1.3754391e+08 | I46: =D46*$J$41-E46 -> 4.1263172e+08 | J46: =IFERROR(I46/$C$3,0) -> 1.3754391e+08 | K46: =D46*$L$41-E46 -> 4.1263172e+08 | L46: =IFERROR(K46/$C$3,0) -> 1.3754391e+08 | S46: 0.95
B47: TOTAL | D47: =SUM(D43:D46) -> 1.0438289e+10 | E47: =SUM(E43:E46) -> 8.3217698e+09 | F47: =IFERROR(E47/D47,0) -> 0.79723501 | G47: =SUM(G43:G46) -> 2.1165197e+09 | H47: =IFERROR(G47/$C$3,0) -> 7.0550657e+08 | I47: =SUM(I43:I46) -> 2.1165197e+09 | J47: =IFERROR(I47/$C$3,0) -> 7.0550657e+08 | K47: =SUM(K43:K46) -> 2.1165197e+09 | L47: =IFERROR(K47/$C$3,0) -> 7.0550657e+08 | S47: 1
B49: FOOD, BEVERAGES & BAKERY | M49: SELISIH (Target x % - Achievement)
B50: AREA | C50: SALES | D50: TARGET | H50: ACHIEVEMENT | L50: % | M50: ="SELISIH"&CHAR(10)&TEXT($H$41,"0%") -> SELISIH 100% | N50: ="PER HARI"&CHAR(10)&TEXT($H$41,"0%") -> PER HARI 100% | O50: ="SELISIH"&CHAR(10)&TEXT($J$41,"0%") -> SELISIH 100% | P50: ="PER HARI"&CHAR(10)&TEXT($J$41,"0%") -> PER HARI 100% | Q50: ="SELISIH"&CHAR(10)&TEXT($L$41,"0%") -> SELISIH 100% | R50: ="PER HARI"&CHAR(10)&TEXT($L$41,"0%") -> PER HARI 100%
D51: Food | E51: Beverage | F51: Bakery | G51: Total | H51: Food | I51: Beverage | J51: Bakery | K51: Total | T51: KEY 1 (Nama_Kry) | U51: KEY 2 (opsional)
B52: UBUD | C52: PICROM | D52: =TARGETS!AE5 -> 2.6475695e+08 | E52: =TARGETS!AF5 -> 58508748 | F52: =TARGETS!AG5 -> 1.7296879e+08 | G52: =SUM(D52:F52) -> 4.9623449e+08 | H52: =SUMIF($B$10:$B$26,$T52,C$10:C$26)+SUMIF($B$10:$B$26,$U52,C$10:C$26) -> 2.6130807e+08 | I52: =SUMIF($B$10:$B$26,$T52,D$10:D$26)+SUMIF($B$10:$B$26,$U52,D$10:D$26) -> 39705698 | J52: =SUMIF($B$10:$B$26,$T52,E$10:E$26)+SUMIF($B$10:$B$26,$U52,E$10:E$26) -> 1.3209194e+08 | K52: =SUM(H52:J52) -> 4.3310571e+08 | L52: =IFERROR(K52/G52,0) -> 0.87278438 | M52: =G52*$H$41-K52 -> 63128781 | N52: =IFERROR(M52/$C$3,0) -> 21042927 | O52: =G52*$J$41-K52 -> 63128781 | P52: =IFERROR(O52/$C$3,0) -> 21042927 | Q52: =G52*$L$41-K52 -> 63128781 | R52: =IFERROR(Q52/$C$3,0) -> 21042927 | T52: Picrom Stalyon | U52: n/a
B53: DENPASAR - SANUR | C53: I MADE LUIH | D53: =TARGETS!AE6 -> 1.8005298e+08 | E53: =TARGETS!AF6 -> 1.6344513e+08 | F53: =TARGETS!AG6 -> 4.2389275e+08 | G53: =SUM(D53:F53) -> 7.6739085e+08 | H53: =SUMIF($B$10:$B$26,$T53,C$10:C$26)+SUMIF($B$10:$B$26,$U53,C$10:C$26) -> 2.0311476e+08 | I53: =SUMIF($B$10:$B$26,$T53,D$10:D$26)+SUMIF($B$10:$B$26,$U53,D$10:D$26) -> 98962064 | J53: =SUMIF($B$10:$B$26,$T53,E$10:E$26)+SUMIF($B$10:$B$26,$U53,E$10:E$26) -> 3.8292913e+08 | K53: =SUM(H53:J53) -> 6.8500596e+08 | L53: =IFERROR(K53/G53,0) -> 0.89264285 | M53: =G53*$H$41-K53 -> 82384898 | N53: =IFERROR(M53/$C$3,0) -> 27461633 | O53: =G53*$J$41-K53 -> 82384898 | P53: =IFERROR(O53/$C$3,0) -> 27461633 | Q53: =G53*$L$41-K53 -> 82384898 | R53: =IFERROR(Q53/$C$3,0) -> 27461633 | T53: I MADE LUIH | U53: I Made Luih (Sanur)
B54: NAUGHTY NURIS | C54: NN MADE LUIH | D54: =TARGETS!AE7 -> 2.6295311e+08 | E54: =TARGETS!AF7 -> 0 | F54: =TARGETS!AG7 -> 0 | G54: =SUM(D54:F54) -> 2.6295311e+08 | H54: =SUMIF($B$10:$B$26,$T54,C$10:C$26)+SUMIF($B$10:$B$26,$U54,C$10:C$26) -> 19889996 | I54: =SUMIF($B$10:$B$26,$T54,D$10:D$26)+SUMIF($B$10:$B$26,$U54,D$10:D$26) -> 0 | J54: =SUMIF($B$10:$B$26,$T54,E$10:E$26)+SUMIF($B$10:$B$26,$U54,E$10:E$26) -> 0 | K54: =SUM(H54:J54) -> 19889996 | L54: =IFERROR(K54/G54,0) -> 0.075640847 | M54: =G54*$H$41-K54 -> 2.4306311e+08 | N54: =IFERROR(M54/$C$3,0) -> 81021036 | O54: =G54*$J$41-K54 -> 2.4306311e+08 | P54: =IFERROR(O54/$C$3,0) -> 81021036 | Q54: =G54*$L$41-K54 -> 2.4306311e+08 | R54: =IFERROR(Q54/$C$3,0) -> 81021036 | T54: NN Made Luih | U54: n/a
B55: KUTA SELATAN - ULUWATU | C55: JUNI | D55: =TARGETS!AE8 -> 5.9095425e+08 | E55: =TARGETS!AF8 -> 33662937 | F55: =TARGETS!AG8 -> 83921592 | G55: =SUM(D55:F55) -> 7.0853878e+08 | H55: =SUMIF($B$10:$B$26,$T55,C$10:C$26)+SUMIF($B$10:$B$26,$U55,C$10:C$26) -> 4.3458189e+08 | I55: =SUMIF($B$10:$B$26,$T55,D$10:D$26)+SUMIF($B$10:$B$26,$U55,D$10:D$26) -> 34283176 | J55: =SUMIF($B$10:$B$26,$T55,E$10:E$26)+SUMIF($B$10:$B$26,$U55,E$10:E$26) -> 1.4906367e+08 | K55: =SUM(H55:J55) -> 6.1792873e+08 | L55: =IFERROR(K55/G55,0) -> 0.87211703 | M55: =G55*$H$41-K55 -> 90610046 | N55: =IFERROR(M55/$C$3,0) -> 30203349 | O55: =G55*$J$41-K55 -> 90610046 | P55: =IFERROR(O55/$C$3,0) -> 30203349 | Q55: =G55*$L$41-K55 -> 90610046 | R55: =IFERROR(Q55/$C$3,0) -> 30203349 | T55: Juni | U55: n/a
B56: KUTA - INDUSTRI | C56: WAHYU FIB | D56: =TARGETS!AE9 -> 5575802 | E56: =TARGETS!AF9 -> 63507750 | F56: =TARGETS!AG9 -> 4.6811745e+08 | G56: =SUM(D56:F56) -> 5.37201e+08 | H56: =SUMIF($B$10:$B$26,$T56,C$10:C$26)+SUMIF($B$10:$B$26,$U56,C$10:C$26) -> 3670270.3 | I56: =SUMIF($B$10:$B$26,$T56,D$10:D$26)+SUMIF($B$10:$B$26,$U56,D$10:D$26) -> 37900456 | J56: =SUMIF($B$10:$B$26,$T56,E$10:E$26)+SUMIF($B$10:$B$26,$U56,E$10:E$26) -> 3.2790091e+08 | K56: =SUM(H56:J56) -> 3.6947163e+08 | L56: =IFERROR(K56/G56,0) -> 0.68777168 | M56: =G56*$H$41-K56 -> 1.6772937e+08 | N56: =IFERROR(M56/$C$3,0) -> 55909788 | O56: =G56*$J$41-K56 -> 1.6772937e+08 | P56: =IFERROR(O56/$C$3,0) -> 55909788 | Q56: =G56*$L$41-K56 -> 1.6772937e+08 | R56: =IFERROR(Q56/$C$3,0) -> 55909788 | T56: FIB | U56: n/a
B57: KUTA - HOTEL | C57: RONALD | D57: =TARGETS!AE10 -> 2.6752087e+08 | E57: =TARGETS!AF10 -> 1.0513239e+08 | F57: =TARGETS!AG10 -> 1.841597e+08 | G57: =SUM(D57:F57) -> 5.5681296e+08 | H57: =SUMIF($B$10:$B$26,$T57,C$10:C$26)+SUMIF($B$10:$B$26,$U57,C$10:C$26) -> 1.9658878e+08 | I57: =SUMIF($B$10:$B$26,$T57,D$10:D$26)+SUMIF($B$10:$B$26,$U57,D$10:D$26) -> 62156569 | J57: =SUMIF($B$10:$B$26,$T57,E$10:E$26)+SUMIF($B$10:$B$26,$U57,E$10:E$26) -> 1.3363452e+08 | K57: =SUM(H57:J57) -> 3.9237987e+08 | L57: =IFERROR(K57/G57,0) -> 0.70468883 | M57: =G57*$H$41-K57 -> 1.6443309e+08 | N57: =IFERROR(M57/$C$3,0) -> 54811030 | O57: =G57*$J$41-K57 -> 1.6443309e+08 | P57: =IFERROR(O57/$C$3,0) -> 54811030 | Q57: =G57*$L$41-K57 -> 1.6443309e+08 | R57: =IFERROR(Q57/$C$3,0) -> 54811030 | T57: Ronald | U57: n/a
B58: KUTA SELATAN - NUSA DUA (HOTEL) | C58: MONICA | D58: =TARGETS!AE11 -> 6.6460015e+08 | E58: =TARGETS!AF11 -> 83317068 | F58: =TARGETS!AG11 -> 3.4313382e+08 | G58: =SUM(D58:F58) -> 1.091051e+09 | H58: =SUMIF($B$10:$B$26,$T58,C$10:C$26)+SUMIF($B$10:$B$26,$U58,C$10:C$26) -> 5.0244865e+08 | I58: =SUMIF($B$10:$B$26,$T58,D$10:D$26)+SUMIF($B$10:$B$26,$U58,D$10:D$26) -> 67632213 | J58: =SUMIF($B$10:$B$26,$T58,E$10:E$26)+SUMIF($B$10:$B$26,$U58,E$10:E$26) -> 3.3225036e+08 | K58: =SUM(H58:J58) -> 9.0233123e+08 | L58: =IFERROR(K58/G58,0) -> 0.82702935 | M58: =G58*$H$41-K58 -> 1.8871981e+08 | N58: =IFERROR(M58/$C$3,0) -> 62906604 | O58: =G58*$J$41-K58 -> 1.8871981e+08 | P58: =IFERROR(O58/$C$3,0) -> 62906604 | Q58: =G58*$L$41-K58 -> 1.8871981e+08 | R58: =IFERROR(Q58/$C$3,0) -> 62906604 | T58: Monica | U58: n/a
B59: SEMINYAK | C59: SUJANA | D59: =TARGETS!AE12 -> 2.5999308e+08 | E59: =TARGETS!AF12 -> 86845105 | F59: =TARGETS!AG12 -> 2.4960966e+08 | G59: =SUM(D59:F59) -> 5.9644784e+08 | H59: =SUMIF($B$10:$B$26,$T59,C$10:C$26)+SUMIF($B$10:$B$26,$U59,C$10:C$26) -> 2.7646669e+08 | I59: =SUMIF($B$10:$B$26,$T59,D$10:D$26)+SUMIF($B$10:$B$26,$U59,D$10:D$26) -> 61402480 | J59: =SUMIF($B$10:$B$26,$T59,E$10:E$26)+SUMIF($B$10:$B$26,$U59,E$10:E$26) -> 1.7373499e+08 | K59: =SUM(H59:J59) -> 5.1160416e+08 | L59: =IFERROR(K59/G59,0) -> 0.85775171 | M59: =G59*$H$41-K59 -> 84843685 | N59: =IFERROR(M59/$C$3,0) -> 28281228 | O59: =G59*$J$41-K59 -> 84843685 | P59: =IFERROR(O59/$C$3,0) -> 28281228 | Q59: =G59*$L$41-K59 -> 84843685 | R59: =IFERROR(Q59/$C$3,0) -> 28281228 | T59: Sujana | U59: n/a
B60: NAUGHTY NURIS | C60: NN SUJANA | D60: =TARGETS!AE13 -> 4.4384672e+08 | E60: =TARGETS!AF13 -> 0 | F60: =TARGETS!AG13 -> 0 | G60: =SUM(D60:F60) -> 4.4384672e+08 | H60: =SUMIF($B$10:$B$26,$T60,C$10:C$26)+SUMIF($B$10:$B$26,$U60,C$10:C$26) -> 1.4385957e+08 | I60: =SUMIF($B$10:$B$26,$T60,D$10:D$26)+SUMIF($B$10:$B$26,$U60,D$10:D$26) -> 0 | J60: =SUMIF($B$10:$B$26,$T60,E$10:E$26)+SUMIF($B$10:$B$26,$U60,E$10:E$26) -> 0 | K60: =SUM(H60:J60) -> 1.4385957e+08 | L60: =IFERROR(K60/G60,0) -> 0.32411995 | M60: =G60*$H$41-K60 -> 2.9998714e+08 | N60: =IFERROR(M60/$C$3,0) -> 99995714 | O60: =G60*$J$41-K60 -> 2.9998714e+08 | P60: =IFERROR(O60/$C$3,0) -> 99995714 | Q60: =G60*$L$41-K60 -> 2.9998714e+08 | R60: =IFERROR(Q60/$C$3,0) -> 99995714 | T60: NN Sujana | U60: n/a
B61: KUTA - LEGIAN | C61: WAHYU | D61: =TARGETS!AE14 -> 3.4573724e+08 | E61: =TARGETS!AF14 -> 99843502 | F61: =TARGETS!AG14 -> 1.1547244e+08 | G61: =SUM(D61:F61) -> 5.6105318e+08 | H61: =SUMIF($B$10:$B$26,$T61,C$10:C$26)+SUMIF($B$10:$B$26,$U61,C$10:C$26) -> 2.8926067e+08 | I61: =SUMIF($B$10:$B$26,$T61,D$10:D$26)+SUMIF($B$10:$B$26,$U61,D$10:D$26) -> 85225753 | J61: =SUMIF($B$10:$B$26,$T61,E$10:E$26)+SUMIF($B$10:$B$26,$U61,E$10:E$26) -> 1.0038896e+08 | K61: =SUM(H61:J61) -> 4.7487538e+08 | L61: =IFERROR(K61/G61,0) -> 0.84639995 | M61: =G61*$H$41-K61 -> 86177799 | N61: =IFERROR(M61/$C$3,0) -> 28725933 | O61: =G61*$J$41-K61 -> 86177799 | P61: =IFERROR(O61/$C$3,0) -> 28725933 | Q61: =G61*$L$41-K61 -> 86177799 | R61: =IFERROR(Q61/$C$3,0) -> 28725933 | T61: Wahyu | U61: n/a
B62: CANGGU 1 | C62: TAUFIK | D62: =TARGETS!AE15 -> 4.7679614e+08 | E62: =TARGETS!AF15 -> 53126031 | F62: =TARGETS!AG15 -> 1.685376e+08 | G62: =SUM(D62:F62) -> 6.9845977e+08 | H62: =SUMIF($B$10:$B$26,$T62,C$10:C$26)+SUMIF($B$10:$B$26,$U62,C$10:C$26) -> 4.2157395e+08 | I62: =SUMIF($B$10:$B$26,$T62,D$10:D$26)+SUMIF($B$10:$B$26,$U62,D$10:D$26) -> 65606920 | J62: =SUMIF($B$10:$B$26,$T62,E$10:E$26)+SUMIF($B$10:$B$26,$U62,E$10:E$26) -> 1.9784206e+08 | K62: =SUM(H62:J62) -> 6.8502293e+08 | L62: =IFERROR(K62/G62,0) -> 0.98076218 | M62: =G62*$H$41-K62 -> 13436845 | N62: =IFERROR(M62/$C$3,0) -> 4478948.4 | O62: =G62*$J$41-K62 -> 13436845 | P62: =IFERROR(O62/$C$3,0) -> 4478948.4 | Q62: =G62*$L$41-K62 -> 13436845 | R62: =IFERROR(Q62/$C$3,0) -> 4478948.4 | T62: Taufik | U62: n/a
B63: CANGGU 2 | C63: DEWI KRISTIANI | D63: =TARGETS!AE16 -> 1.6850715e+08 | E63: =TARGETS!AF16 -> 30531299 | F63: =TARGETS!AG16 -> 2.5985178e+08 | G63: =SUM(D63:F63) -> 4.5889023e+08 | H63: =SUMIF($B$10:$B$26,$T63,C$10:C$26)+SUMIF($B$10:$B$26,$U63,C$10:C$26) -> 1.8183888e+08 | I63: =SUMIF($B$10:$B$26,$T63,D$10:D$26)+SUMIF($B$10:$B$26,$U63,D$10:D$26) -> 48782899 | J63: =SUMIF($B$10:$B$26,$T63,E$10:E$26)+SUMIF($B$10:$B$26,$U63,E$10:E$26) -> 2.090424e+08 | K63: =SUM(H63:J63) -> 4.3966418e+08 | L63: =IFERROR(K63/G63,0) -> 0.95810317 | M63: =G63*$H$41-K63 -> 19226046 | N63: =IFERROR(M63/$C$3,0) -> 6408682.1 | O63: =G63*$J$41-K63 -> 19226046 | P63: =IFERROR(O63/$C$3,0) -> 6408682.1 | Q63: =G63*$L$41-K63 -> 19226046 | R63: =IFERROR(Q63/$C$3,0) -> 6408682.1 | T63: Dewi Kristiani | U63: n/a
... B65: MODERN TRADE + GENERAL TRADE | C65: SRIASIH | D65: =TARGETS!AE18 -> 1.2332341e+08 | E65: =TARGETS!AF18 -> 1.9369063e+08 | F65: =TARGETS!AG18 -> 2.0176725e+08 | G65: =SUM(D65:F65) -> 5.1878129e+08 | H65: =SUMIF($B$10:$B$26,$T65,C$10:C$26)+SUMIF($B$10:$B$26,$U65,C$10:C$26) -> 1.588803e+08 | I65: =SUMIF($B$10:$B$26,$T65,D$10:D$26)+SUMIF($B$10:$B$26,$U65,D$10:D$26) -> 1.0580154e+08 | J65: =SUMIF($B$10:$B$26,$T65,E$10:E$26)+SUMIF($B$10:$B$26,$U65,E$10:E$26) -> 1.485848e+08 | K65: =SUM(H65:J65) -> 4.1326665e+08 | L65: =IFERROR(K65/G65,0) -> 0.79661054 | M65: =G65*$H$41-K65 -> 1.0551465e+08 | N65: =IFERROR(M65/$C$3,0) -> 35171549 | O65: =G65*$J$41-K65 -> 1.0551465e+08 | P65: =IFERROR(O65/$C$3,0) -> 35171549 | Q65: =G65*$L$41-K65 -> 1.0551465e+08 | R65: =IFERROR(Q65/$C$3,0) -> 35171549 | T65: Ni Ketut Sriasih (GT) | U65: Ni Ketut Sriasih (MT)
B66: GRAND TOTAL | D66: =SUM(D52:D65) -> 4.4645867e+09 | E66: =SUM(E52:E65) -> 1.2799081e+09 | F66: =SUM(F52:F65) -> 2.9140075e+09 | G66: =SUM(G52:G65) -> 8.6585022e+09 | H66: =SUM(H52:H65) -> 3.5774326e+09 | I66: =SUM(I52:I65) -> 8.75026e+08 | J66: =SUM(J52:J65) -> 2.5021556e+09 | K66: =SUM(K52:K65) -> 6.9546142e+09 | L66: =IFERROR(K66/G66,0) -> 0.80321216 | M66: =SUM(M52:M65) -> 1.703888e+09 | N66: =IFERROR(M66/$C$3,0) -> 5.6796266e+08 | O66: =SUM(O52:O65) -> 1.703888e+09 | P66: =IFERROR(O66/$C$3,0) -> 5.6796266e+08 | Q66: =SUM(Q52:Q65) -> 1.703888e+09 | R66: =IFERROR(Q66/$C$3,0) -> 5.6796266e+08
B68: NESTLE | G68: SELISIH (Target x % - Achievement)
B69: CHANNEL / AREA | C69: SALES | D69: TARGET | E69: ACHIEVEMENT | F69: % | G69: ="SELISIH"&CHAR(10)&TEXT($H$41,"0%") -> SELISIH 100% | H69: ="PER HARI"&CHAR(10)&TEXT($H$41,"0%") -> PER HARI 100% | I69: ="SELISIH"&CHAR(10)&TEXT($J$41,"0%") -> SELISIH 100% | J69: ="PER HARI"&CHAR(10)&TEXT($J$41,"0%") -> PER HARI 100% | K69: ="SELISIH"&CHAR(10)&TEXT($L$41,"0%") -> SELISIH 100% | L69: ="PER HARI"&CHAR(10)&TEXT($L$41,"0%") -> PER HARI 100%
B70: NP - 1 | C70: RIDWAN | D70: =TARGETS!M22 -> 2.6937807e+08 | E70: =IFERROR($C$32,0) -> 2.2071554e+08 | F70: =IFERROR(E70/D70,0) -> 0.8193523 | G70: =D70*$H$41-E70 -> 48662529 | H70: =IFERROR(G70/$C$3,0) -> 16220843 | I70: =D70*$J$41-E70 -> 48662529 | J70: =IFERROR(I70/$C$3,0) -> 16220843 | K70: =D70*$L$41-E70 -> 48662529 | L70: =IFERROR(K70/$C$3,0) -> 16220843
B71: NP - 2 | C71: VACANT | D71: =TARGETS!M23 -> 4.1267898e+08 | E71: =IFERROR($C$33,0) -> 3.9329365e+08 | F71: =IFERROR(E71/D71,0) -> 0.95302565 | G71: =D71*$H$41-E71 -> 19385328 | H71: =IFERROR(G71/$C$3,0) -> 6461776 | I71: =D71*$J$41-E71 -> 19385328 | J71: =IFERROR(I71/$C$3,0) -> 6461776 | K71: =D71*$L$41-E71 -> 19385328 | L71: =IFERROR(K71/$C$3,0) -> 6461776
B72: NP - 3 | C72: GEK MAS | D72: =TARGETS!M24 -> 1.0977302e+09 | E72: =M21 -> 7.5314633e+08 | F72: =IFERROR(E72/D72,0) -> 0.68609421 | G72: =D72*$H$41-E72 -> 3.4458386e+08 | H72: =IFERROR(G72/$C$3,0) -> 1.1486129e+08 | I72: =D72*$J$41-E72 -> 3.4458386e+08 | J72: =IFERROR(I72/$C$3,0) -> 1.1486129e+08 | K72: =D72*$L$41-E72 -> 3.4458386e+08 | L72: =IFERROR(K72/$C$3,0) -> 1.1486129e+08
B73: NP - 4 | C73: VACANT | D73: =TARGETS!M25 -> 0 | E73: =0 -> 0 | F73: =IFERROR(E73/D73,0) -> 0 | G73: =D73*$H$41-E73 -> 0 | H73: =IFERROR(G73/$C$3,0) -> 0 | I73: =D73*$J$41-E73 -> 0 | J73: =IFERROR(I73/$C$3,0) -> 0 | K73: =D73*$L$41-E73 -> 0 | L73: =IFERROR(K73/$C$3,0) -> 0
B74: NP - 5 | C74: - | D74: =TARGETS!M26 -> 0 | E74: =0 -> 0 | F74: =IFERROR(E74/D74,0) -> 0 | G74: =D74*$H$41-E74 -> 0 | H74: =IFERROR(G74/$C$3,0) -> 0 | I74: =D74*$J$41-E74 -> 0 | J74: =IFERROR(I74/$C$3,0) -> 0 | K74: =D74*$L$41-E74 -> 0 | L74: =IFERROR(K74/$C$3,0) -> 0
B75: GRAND TOTAL | D75: =SUM(D70:D74) -> 1.7797872e+09 | E75: =SUM(E70:E74) -> 1.3671555e+09 | F75: =IFERROR(E75/D75,0) -> 0.76815672 | G75: =SUM(G70:G74) -> 4.1263172e+08 | H75: =IFERROR(G75/$C$3,0) -> 1.3754391e+08 | I75: =SUM(I70:I74) -> 4.1263172e+08 | J75: =IFERROR(I75/$C$3,0) -> 1.3754391e+08 | K75: =SUM(K70:K74) -> 4.1263172e+08 | L75: =IFERROR(K75/$C$3,0) -> 1.3754391e+08
B78: BALIAN
B79: AREA | C79: SALES | D79: ACHIEVEMENT
D80: Balian | T80: KEY 1 (Nama_Kry) | U80: KEY 2 (opsional)
B81: UBUD | C81: PICROM | D81: =SUMIF($B$10:$B$26,$T81,$F$10:$F$26)+SUMIF($B$10:$B$26,$U81,$F$10:$F$26) -> 3.9373298e+08 | T81: =T52 -> Picrom Stalyon | U81: =U52 -> n/a
B82: DENPASAR - SANUR | C82: I MADE LUIH | D82: =SUMIF($B$10:$B$26,$T82,$F$10:$F$26)+SUMIF($B$10:$B$26,$U82,$F$10:$F$26) -> 1.9690811e+08 | T82: =T53 -> I MADE LUIH | U82: =U53 -> I Made Luih (Sanur)
B83: NAUGHTY NURIS | C83: NN MADE LUIH | D83: =SUMIF($B$10:$B$26,$T83,$F$10:$F$26)+SUMIF($B$10:$B$26,$U83,$F$10:$F$26) -> 13405405 | T83: =T54 -> NN Made Luih | U83: =U54 -> n/a
B84: KUTA SELATAN - ULUWATU | C84: JUNI | D84: =SUMIF($B$10:$B$26,$T84,$F$10:$F$26)+SUMIF($B$10:$B$26,$U84,$F$10:$F$26) -> 3.0563028e+08 | T84: =T55 -> Juni | U84: =U55 -> n/a
B85: KUTA - INDUSTRI | C85: WAHYU FIB | D85: =SUMIF($B$10:$B$26,$T85,$F$10:$F$26)+SUMIF($B$10:$B$26,$U85,$F$10:$F$26) -> 0 | T85: =T56 -> FIB | U85: =U56 -> n/a
B86: KUTA - HOTEL | C86: RONALD | D86: =SUMIF($B$10:$B$26,$T86,$F$10:$F$26)+SUMIF($B$10:$B$26,$U86,$F$10:$F$26) -> 98141442 | T86: =T57 -> Ronald | U86: =U57 -> n/a
B87: KUTA SELATAN - NUSA DUA (HOTEL) | C87: MONICA | D87: =SUMIF($B$10:$B$26,$T87,$F$10:$F$26)+SUMIF($B$10:$B$26,$U87,$F$10:$F$26) -> 1.1013631e+09 | T87: =T58 -> Monica | U87: =U58 -> n/a
B88: SEMINYAK | C88: SUJANA | D88: =SUMIF($B$10:$B$26,$T88,$F$10:$F$26)+SUMIF($B$10:$B$26,$U88,$F$10:$F$26) -> 2.9415857e+08 | T88: =T59 -> Sujana | U88: =U59 -> n/a
B89: NAUGHTY NURIS | C89: NN SUJANA | D89: =SUMIF($B$10:$B$26,$T89,$F$10:$F$26)+SUMIF($B$10:$B$26,$U89,$F$10:$F$26) -> 13729729 | T89: =T60 -> NN Sujana | U89: =U60 -> n/a
B90: KUTA - LEGIAN | C90: EKA | D90: =SUMIF($B$10:$B$26,$T90,$F$10:$F$26)+SUMIF($B$10:$B$26,$U90,$F$10:$F$26) -> 75549351 | T90: =T61 -> Wahyu | U90: =U61 -> n/a
B91: CANGGU 1 | C91: TAUFIK | D91: =SUMIF($B$10:$B$26,$T91,$F$10:$F$26)+SUMIF($B$10:$B$26,$U91,$F$10:$F$26) -> 6.2796542e+08 | T91: =T62 -> Taufik | U91: =U62 -> n/a
B92: CANGGU 2 | C92: DEWI KRISTIANI | D92: =SUMIF($B$10:$B$26,$T92,$F$10:$F$26)+SUMIF($B$10:$B$26,$U92,$F$10:$F$26) -> 1.5078559e+08 | T92: =T63 -> Dewi Kristiani | U92: =U63 -> n/a
... B94: MODERN TRADE + GENERAL TRADE | C94: SRIASIH | D94: =SUMIF($B$10:$B$26,$T94,$F$10:$F$26)+SUMIF($B$10:$B$26,$U94,$F$10:$F$26) -> 1.5448433e+08 | T94: =T65 -> Ni Ketut Sriasih (GT) | U94: =U65 -> Ni Ketut Sriasih (MT)
B95: BALIAN ALL AREA | C95: YUANGGA | D95: =SUMIF($B$10:$B$27,$T95,$F$10:$F$27)+SUMIF($B$10:$B$27,$U95,$F$10:$F$27) -> 3405405.6 | T95: YUANGGA | U95: n/a
B96: GRAND TOTAL | D96: =SUM(D81:D95) -> 3.4483673e+09

Sheet NOV
B1: DATA PENCAPAIAN — NOVEMBER 2026 | G1: ⚙️ KALENDER KERJA — INPUT MANUAL
G2: Total hari kalender bulan ini (auto) | J2: =E3 -> 30
B3: HARI TERSISA (auto): | C3: =IF($J$5<>"",$J$5,MAX(0,NETWORKDAYS.INTL(MAX(TODAY(),DATE(YEAR(TODAY()),11,1)),EOMONTH(DATE(YEAR(TODAY()),11,1),0),11)-MAX(0,$J$3-$J$4))) -> 25 | D3: Hari kerja tersisa bulan ini (Sab s/d akhir bulan) — otomatis | E3: =DAY(EOMONTH(DATE(YEAR(TODAY()),11,1),0)) -> 30 | G3: Total hari LIBUR / OFF bulan ini | J3: 0
G4: Libur yang SUDAH lewat | J4: 0
G5: Override HARI TERSISA (kosong = auto)
B6: 📥 INPUT DATA HARIAN — Paste dari file sistem di sini | M6: FOOD_ACHIV (calc) | N6: BEV_ACHIV (calc) | O6: BAK_ACHIV (calc)
B7: INPUT: DATA MKS (FOOD & BEVERAGES) | M7: =SUM(C9) -> 0 | N7: =SUM(D9) -> 0 | O7: =SUM(E9) -> 0
B8: Nama_Kry | C8: FOOD | D8: BEVERAGE | E8: BAKERY | F8: Balian | G8: Grand Total
C9: 0 | D9: 0
B10: Dewi Kristiani | G10: =SUM(C10:F10) -> 0
B11: Wahyu | G11: =SUM(C11:F11) -> 0
B12: FIB | G12: =SUM(C12:F12) -> 0
B13: I MADE LUIH | G13: =SUM(C13:F13) -> 0
B14: I Made Luih (Sanur) | G14: =SUM(C14:F14) -> 0
B15: Juni | G15: =SUM(C15:F15) -> 0
B16: Management Bali | G16: =SUM(C16:F16) -> 0
B17: Monica | G17: =SUM(C17:F17) -> 0
B18: Ni Ketut Sriasih (GT) | G18: =SUM(C18:F18) -> 0
B19: Ni Ketut Sriasih (MT) | G19: =SUM(C19:F19) -> 0
B20: NN Made Luih | G20: =SUM(C20:F20) -> 0 | M20: =SUM(C30,C35)+M7 -> 0 | N20: NP5_calc = baris kosong (C30) + NP5 raw (C35) + KA dari MKS (M7)
B21: NN Sujana | G21: =SUM(C21:F21) -> 0 | M21: =SUM(C33,C34)+M20 -> 0 | N21: NP3_final = NP3 raw (C33) + NP4 (C34) + NP5_calc (M20)
B22: Picrom Stalyon | G22: =SUM(C22:F22) -> 0
B23: Sujana | G23: =SUM(C23:F23) -> 0
B24: Taufik | G24: =SUM(C24:F24) -> 0
B25: Ronald | G25: =SUM(C25:F25) -> 0
B26: Wira | G26: =SUM(C26:F26) -> 0
B28: INPUT: DATA NESTLE
B29: Nama Kry | C29: Total
B31: NP1 | C31: 0
B32: NP2 | C32: 0
B33: NP3 | C33: 0
B34: NP4 | C34: 0
B35: NP5 | C35: 0
S39: PILIHAN % TARGET
B40: DATA PENCAPAIAN — GLOBAL — NOVEMBER 2026 | E40: TARGET | F40: =IF(MONTH(TODAY())=11,DAY(TODAY())/DAY(EOMONTH(TODAY(),0)),IF(MONTH(TODAY())>11,1,0)) -> 0 | G40: PILIH TARGET % | H40: 0.9 | I40: PILIH TARGET % | J40: 0.95 | K40: PENUH | L40: 1 | S40: 0.7
B41: KATAGORI | C41: AREA | D41: TARGET | E41: ACHIEVEMENT | F41: % | G41: ="SELISIH"&CHAR(10)&TEXT($H$40,"0%") -> SELISIH 90% | H41: ="PER HARI"&CHAR(10)&TEXT($H$40,"0%") -> PER HARI 90% | I41: ="SELISIH"&CHAR(10)&TEXT($J$40,"0%") -> SELISIH 95% | J41: ="PER HARI"&CHAR(10)&TEXT($J$40,"0%") -> PER HARI 95% | K41: ="SELISIH"&CHAR(10)&TEXT($L$40,"0%") -> SELISIH 100% | L41: ="PER HARI"&CHAR(10)&TEXT($L$40,"0%") -> PER HARI 100% | S41: 0.75
B42: FOOD | C42: HORECA, GT, MT | D42: =SUM(TARGETS!AH5:AH18) -> 0 | E42: =H65 -> 0 | F42: =IFERROR(E42/D42,0) -> 0 | G42: =D42*$H$40-E42 -> 0 | H42: =IFERROR(G42/$C$3,0) -> 0 | I42: =D42*$J$40-E42 -> 0 | J42: =IFERROR(I42/$C$3,0) -> 0 | K42: =D42*$L$40-E42 -> 0 | L42: =IFERROR(K42/$C$3,0) -> 0 | S42: 0.8
B43: BEVERAGE | C43: HORECA, GT, MT | D43: =SUM(TARGETS!AI5:AI18) -> 0 | E43: =I65 -> 0 | F43: =IFERROR(E43/D43,0) -> 0 | G43: =D43*$H$40-E43 -> 0 | H43: =IFERROR(G43/$C$3,0) -> 0 | I43: =D43*$J$40-E43 -> 0 | J43: =IFERROR(I43/$C$3,0) -> 0 | K43: =D43*$L$40-E43 -> 0 | L43: =IFERROR(K43/$C$3,0) -> 0 | S43: 0.85
B44: BAKERY | C44: HORECA, GT, MT | D44: =SUM(TARGETS!AJ5:AJ18) -> 0 | E44: =J65 -> 0 | F44: =IFERROR(E44/D44,0) -> 0 | G44: =IF(D44=0,0,D44*$H$40-E44) -> 0 | H44: =IFERROR(G44/$C$3,0) -> 0 | I44: =IF(D44=0,0,D44*$J$40-E44) -> 0 | J44: =IFERROR(I44/$C$3,0) -> 0 | K44: =IF(D44=0,0,D44*$L$40-E44) -> 0 | L44: =IFERROR(K44/$C$3,0) -> 0 | S44: 0.9
B45: NESTLE | C45: HORECA, GT, MT | D45: =SUM(TARGETS!N22:N26) -> 0 | E45: =E74 -> 0 | F45: =IFERROR(E45/D45,0) -> 0 | G45: =D45*$H$40-E45 -> 0 | H45: =IFERROR(G45/$C$3,0) -> 0 | I45: =D45*$J$40-E45 -> 0 | J45: =IFERROR(I45/$C$3,0) -> 0 | K45: =D45*$L$40-E45 -> 0 | L45: =IFERROR(K45/$C$3,0) -> 0 | S45: 0.95
B46: TOTAL | D46: =SUM(D42:D45) -> 0 | E46: =SUM(E42:E45) -> 0 | F46: =IFERROR(E46/D46,0) -> 0 | G46: =SUM(G42:G45) -> 0 | H46: =IFERROR(G46/$C$3,0) -> 0 | I46: =SUM(I42:I45) -> 0 | J46: =IFERROR(I46/$C$3,0) -> 0 | K46: =SUM(K42:K45) -> 0 | L46: =IFERROR(K46/$C$3,0) -> 0 | S46: 1
B48: FOOD & BEVERAGES | M48: SELISIH (Target x % - Achievement)
B49: AREA | C49: SALES | D49: TARGET | H49: ACHIEVEMENT | L49: % | M49: ="SELISIH"&CHAR(10)&TEXT($H$40,"0%") -> SELISIH 90% | N49: ="PER HARI"&CHAR(10)&TEXT($H$40,"0%") -> PER HARI 90% | O49: ="SELISIH"&CHAR(10)&TEXT($J$40,"0%") -> SELISIH 95% | P49: ="PER HARI"&CHAR(10)&TEXT($J$40,"0%") -> PER HARI 95% | Q49: ="SELISIH"&CHAR(10)&TEXT($L$40,"0%") -> SELISIH 100% | R49: ="PER HARI"&CHAR(10)&TEXT($L$40,"0%") -> PER HARI 100%
D50: Food | E50: Beverage | F50: Bakery | G50: Total | H50: Food | I50: Beverage | J50: Bakery | K50: Total | T50: KEY 1 (Nama_Kry) | U50: KEY 2 (opsional)
B51: UBUD | C51: PICROM | D51: =TARGETS!AH5 -> 0 | E51: =TARGETS!AI5 -> 0 | F51: =TARGETS!AJ5 -> 0 | G51: =SUM(D51:F51) -> 0 | H51: =SUMIF($B$10:$B$26,$T51,C$10:C$26)+SUMIF($B$10:$B$26,$U51,C$10:C$26) -> 0 | I51: =SUMIF($B$10:$B$26,$T51,D$10:D$26)+SUMIF($B$10:$B$26,$U51,D$10:D$26) -> 0 | J51: =SUMIF($B$10:$B$26,$T51,E$10:E$26)+SUMIF($B$10:$B$26,$U51,E$10:E$26) -> 0 | K51: =SUM(H51:J51) -> 0 | L51: =IFERROR(K51/G51,0) -> 0 | M51: =G51*$H$40-K51 -> 0 | N51: =IFERROR(M51/$C$3,0) -> 0 | O51: =G51*$J$40-K51 -> 0 | P51: =IFERROR(O51/$C$3,0) -> 0 | Q51: =G51*$L$40-K51 -> 0 | R51: =IFERROR(Q51/$C$3,0) -> 0 | T51: Picrom Stalyon | U51: n/a
B52: DENPASAR - SANUR | C52: I MADE LUIH | D52: =TARGETS!AH6 -> 0 | E52: =TARGETS!AI6 -> 0 | F52: =TARGETS!AJ6 -> 0 | G52: =SUM(D52:F52) -> 0 | H52: =SUMIF($B$10:$B$26,$T52,C$10:C$26)+SUMIF($B$10:$B$26,$U52,C$10:C$26) -> 0 | I52: =SUMIF($B$10:$B$26,$T52,D$10:D$26)+SUMIF($B$10:$B$26,$U52,D$10:D$26) -> 0 | J52: =SUMIF($B$10:$B$26,$T52,E$10:E$26)+SUMIF($B$10:$B$26,$U52,E$10:E$26) -> 0 | K52: =SUM(H52:J52) -> 0 | L52: =IFERROR(K52/G52,0) -> 0 | M52: =G52*$H$40-K52 -> 0 | N52: =IFERROR(M52/$C$3,0) -> 0 | O52: =G52*$J$40-K52 -> 0 | P52: =IFERROR(O52/$C$3,0) -> 0 | Q52: =G52*$L$40-K52 -> 0 | R52: =IFERROR(Q52/$C$3,0) -> 0 | T52: I MADE LUIH | U52: I Made Luih (Sanur)
B53: NAUGHTY NURIS | C53: NN MADE LUIH | D53: =TARGETS!AH7 -> 0 | E53: =TARGETS!AI7 -> 0 | F53: =TARGETS!AJ7 -> 0 | G53: =SUM(D53:F53) -> 0 | H53: =SUMIF($B$10:$B$26,$T53,C$10:C$26)+SUMIF($B$10:$B$26,$U53,C$10:C$26) -> 0 | I53: =SUMIF($B$10:$B$26,$T53,D$10:D$26)+SUMIF($B$10:$B$26,$U53,D$10:D$26) -> 0 | J53: =SUMIF($B$10:$B$26,$T53,E$10:E$26)+SUMIF($B$10:$B$26,$U53,E$10:E$26) -> 0 | K53: =SUM(H53:J53) -> 0 | L53: =IFERROR(K53/G53,0) -> 0 | M53: =G53*$H$40-K53 -> 0 | N53: =IFERROR(M53/$C$3,0) -> 0 | O53: =G53*$J$40-K53 -> 0 | P53: =IFERROR(O53/$C$3,0) -> 0 | Q53: =G53*$L$40-K53 -> 0 | R53: =IFERROR(Q53/$C$3,0) -> 0 | T53: NN Made Luih | U53: n/a
B54: KUTA SELATAN - ULUWATU | C54: JUNI | D54: =TARGETS!AH8 -> 0 | E54: =TARGETS!AI8 -> 0 | F54: =TARGETS!AJ8 -> 0 | G54: =SUM(D54:F54) -> 0 | H54: =SUMIF($B$10:$B$26,$T54,C$10:C$26)+SUMIF($B$10:$B$26,$U54,C$10:C$26) -> 0 | I54: =SUMIF($B$10:$B$26,$T54,D$10:D$26)+SUMIF($B$10:$B$26,$U54,D$10:D$26) -> 0 | J54: =SUMIF($B$10:$B$26,$T54,E$10:E$26)+SUMIF($B$10:$B$26,$U54,E$10:E$26) -> 0 | K54: =SUM(H54:J54) -> 0 | L54: =IFERROR(K54/G54,0) -> 0 | M54: =G54*$H$40-K54 -> 0 | N54: =IFERROR(M54/$C$3,0) -> 0 | O54: =G54*$J$40-K54 -> 0 | P54: =IFERROR(O54/$C$3,0) -> 0 | Q54: =G54*$L$40-K54 -> 0 | R54: =IFERROR(Q54/$C$3,0) -> 0 | T54: Juni | U54: n/a
B55: KUTA - INDUSTRI | C55: WAHYU FIB | D55: =TARGETS!AH9 -> 0 | E55: =TARGETS!AI9 -> 0 | F55: =TARGETS!AJ9 -> 0 | G55: =SUM(D55:F55) -> 0 | H55: =SUMIF($B$10:$B$26,$T55,C$10:C$26)+SUMIF($B$10:$B$26,$U55,C$10:C$26) -> 0 | I55: =SUMIF($B$10:$B$26,$T55,D$10:D$26)+SUMIF($B$10:$B$26,$U55,D$10:D$26) -> 0 | J55: =SUMIF($B$10:$B$26,$T55,E$10:E$26)+SUMIF($B$10:$B$26,$U55,E$10:E$26) -> 0 | K55: =SUM(H55:J55) -> 0 | L55: =IFERROR(K55/G55,0) -> 0 | M55: =G55*$H$40-K55 -> 0 | N55: =IFERROR(M55/$C$3,0) -> 0 | O55: =G55*$J$40-K55 -> 0 | P55: =IFERROR(O55/$C$3,0) -> 0 | Q55: =G55*$L$40-K55 -> 0 | R55: =IFERROR(Q55/$C$3,0) -> 0 | T55: FIB | U55: n/a
B56: KUTA - HOTEL | C56: RONALD | D56: =TARGETS!AH10 -> 0 | E56: =TARGETS!AI10 -> 0 | F56: =TARGETS!AJ10 -> 0 | G56: =SUM(D56:F56) -> 0 | H56: =SUMIF($B$10:$B$26,$T56,C$10:C$26)+SUMIF($B$10:$B$26,$U56,C$10:C$26) -> 0 | I56: =SUMIF($B$10:$B$26,$T56,D$10:D$26)+SUMIF($B$10:$B$26,$U56,D$10:D$26) -> 0 | J56: =SUMIF($B$10:$B$26,$T56,E$10:E$26)+SUMIF($B$10:$B$26,$U56,E$10:E$26) -> 0 | K56: =SUM(H56:J56) -> 0 | L56: =IFERROR(K56/G56,0) -> 0 | M56: =G56*$H$40-K56 -> 0 | N56: =IFERROR(M56/$C$3,0) -> 0 | O56: =G56*$J$40-K56 -> 0 | P56: =IFERROR(O56/$C$3,0) -> 0 | Q56: =G56*$L$40-K56 -> 0 | R56: =IFERROR(Q56/$C$3,0) -> 0 | T56: Ronald | U56: n/a
B57: KUTA SELATAN - NUSA DUA (HOTEL) | C57: MONICA | D57: =TARGETS!AH11 -> 0 | E57: =TARGETS!AI11 -> 0 | F57: =TARGETS!AJ11 -> 0 | G57: =SUM(D57:F57) -> 0 | H57: =SUMIF($B$10:$B$26,$T57,C$10:C$26)+SUMIF($B$10:$B$26,$U57,C$10:C$26) -> 0 | I57: =SUMIF($B$10:$B$26,$T57,D$10:D$26)+SUMIF($B$10:$B$26,$U57,D$10:D$26) -> 0 | J57: =SUMIF($B$10:$B$26,$T57,E$10:E$26)+SUMIF($B$10:$B$26,$U57,E$10:E$26) -> 0 | K57: =SUM(H57:J57) -> 0 | L57: =IFERROR(K57/G57,0) -> 0 | M57: =G57*$H$40-K57 -> 0 | N57: =IFERROR(M57/$C$3,0) -> 0 | O57: =G57*$J$40-K57 -> 0 | P57: =IFERROR(O57/$C$3,0) -> 0 | Q57: =G57*$L$40-K57 -> 0 | R57: =IFERROR(Q57/$C$3,0) -> 0 | T57: Monica | U57: n/a
B58: SEMINYAK | C58: SUJANA | D58: =TARGETS!AH12 -> 0 | E58: =TARGETS!AI12 -> 0 | F58: =TARGETS!AJ12 -> 0 | G58: =SUM(D58:F58) -> 0 | H58: =SUMIF($B$10:$B$26,$T58,C$10:C$26)+SUMIF($B$10:$B$26,$U58,C$10:C$26) -> 0 | I58: =SUMIF($B$10:$B$26,$T58,D$10:D$26)+SUMIF($B$10:$B$26,$U58,D$10:D$26) -> 0 | J58: =SUMIF($B$10:$B$26,$T58,E$10:E$26)+SUMIF($B$10:$B$26,$U58,E$10:E$26) -> 0 | K58: =SUM(H58:J58) -> 0 | L58: =IFERROR(K58/G58,0) -> 0 | M58: =G58*$H$40-K58 -> 0 | N58: =IFERROR(M58/$C$3,0) -> 0 | O58: =G58*$J$40-K58 -> 0 | P58: =IFERROR(O58/$C$3,0) -> 0 | Q58: =G58*$L$40-K58 -> 0 | R58: =IFERROR(Q58/$C$3,0) -> 0 | T58: Sujana | U58: n/a
B59: NAUGHTY NURIS | C59: NN SUJANA | D59: =TARGETS!AH13 -> 0 | E59: =TARGETS!AI13 -> 0 | F59: =TARGETS!AJ13 -> 0 | G59: =SUM(D59:F59) -> 0 | H59: =SUMIF($B$10:$B$26,$T59,C$10:C$26)+SUMIF($B$10:$B$26,$U59,C$10:C$26) -> 0 | I59: =SUMIF($B$10:$B$26,$T59,D$10:D$26)+SUMIF($B$10:$B$26,$U59,D$10:D$26) -> 0 | J59: =SUMIF($B$10:$B$26,$T59,E$10:E$26)+SUMIF($B$10:$B$26,$U59,E$10:E$26) -> 0 | K59: =SUM(H59:J59) -> 0 | L59: =IFERROR(K59/G59,0) -> 0 | M59: =G59*$H$40-K59 -> 0 | N59: =IFERROR(M59/$C$3,0) -> 0 | O59: =G59*$J$40-K59 -> 0 | P59: =IFERROR(O59/$C$3,0) -> 0 | Q59: =G59*$L$40-K59 -> 0 | R59: =IFERROR(Q59/$C$3,0) -> 0 | T59: NN Sujana | U59: n/a
B60: KUTA - LEGIAN | C60: WAHYU | D60: =TARGETS!AH14 -> 0 | E60: =TARGETS!AI14 -> 0 | F60: =TARGETS!AJ14 -> 0 | G60: =SUM(D60:F60) -> 0 | H60: =SUMIF($B$10:$B$26,$T60,C$10:C$26)+SUMIF($B$10:$B$26,$U60,C$10:C$26) -> 0 | I60: =SUMIF($B$10:$B$26,$T60,D$10:D$26)+SUMIF($B$10:$B$26,$U60,D$10:D$26) -> 0 | J60: =SUMIF($B$10:$B$26,$T60,E$10:E$26)+SUMIF($B$10:$B$26,$U60,E$10:E$26) -> 0 | K60: =SUM(H60:J60) -> 0 | L60: =IFERROR(K60/G60,0) -> 0 | M60: =G60*$H$40-K60 -> 0 | N60: =IFERROR(M60/$C$3,0) -> 0 | O60: =G60*$J$40-K60 -> 0 | P60: =IFERROR(O60/$C$3,0) -> 0 | Q60: =G60*$L$40-K60 -> 0 | R60: =IFERROR(Q60/$C$3,0) -> 0 | T60: Wahyu | U60: n/a
B61: CANGGU 1 | C61: TAUFIK | D61: =TARGETS!AH15 -> 0 | E61: =TARGETS!AI15 -> 0 | F61: =TARGETS!AJ15 -> 0 | G61: =SUM(D61:F61) -> 0 | H61: =SUMIF($B$10:$B$26,$T61,C$10:C$26)+SUMIF($B$10:$B$26,$U61,C$10:C$26) -> 0 | I61: =SUMIF($B$10:$B$26,$T61,D$10:D$26)+SUMIF($B$10:$B$26,$U61,D$10:D$26) -> 0 | J61: =SUMIF($B$10:$B$26,$T61,E$10:E$26)+SUMIF($B$10:$B$26,$U61,E$10:E$26) -> 0 | K61: =SUM(H61:J61) -> 0 | L61: =IFERROR(K61/G61,0) -> 0 | M61: =G61*$H$40-K61 -> 0 | N61: =IFERROR(M61/$C$3,0) -> 0 | O61: =G61*$J$40-K61 -> 0 | P61: =IFERROR(O61/$C$3,0) -> 0 | Q61: =G61*$L$40-K61 -> 0 | R61: =IFERROR(Q61/$C$3,0) -> 0 | T61: Taufik | U61: n/a
B62: CANGGU 2 | C62: DEWI KRISTIANI | D62: =TARGETS!AH16 -> 0 | E62: =TARGETS!AI16 -> 0 | F62: =TARGETS!AJ16 -> 0 | G62: =SUM(D62:F62) -> 0 | H62: =SUMIF($B$10:$B$26,$T62,C$10:C$26)+SUMIF($B$10:$B$26,$U62,C$10:C$26) -> 0 | I62: =SUMIF($B$10:$B$26,$T62,D$10:D$26)+SUMIF($B$10:$B$26,$U62,D$10:D$26) -> 0 | J62: =SUMIF($B$10:$B$26,$T62,E$10:E$26)+SUMIF($B$10:$B$26,$U62,E$10:E$26) -> 0 | K62: =SUM(H62:J62) -> 0 | L62: =IFERROR(K62/G62,0) -> 0 | M62: =G62*$H$40-K62 -> 0 | N62: =IFERROR(M62/$C$3,0) -> 0 | O62: =G62*$J$40-K62 -> 0 | P62: =IFERROR(O62/$C$3,0) -> 0 | Q62: =G62*$L$40-K62 -> 0 | R62: =IFERROR(Q62/$C$3,0) -> 0 | T62: Dewi Kristiani | U62: n/a
... B64: MODERN TRADE + GENERAL TRADE | C64: SRIASIH | D64: =TARGETS!AH18 -> 0 | E64: =TARGETS!AI18 -> 0 | F64: =TARGETS!AJ18 -> 0 | G64: =SUM(D64:F64) -> 0 | H64: =SUMIF($B$10:$B$26,$T64,C$10:C$26)+SUMIF($B$10:$B$26,$U64,C$10:C$26) -> 0 | I64: =SUMIF($B$10:$B$26,$T64,D$10:D$26)+SUMIF($B$10:$B$26,$U64,D$10:D$26) -> 0 | J64: =SUMIF($B$10:$B$26,$T64,E$10:E$26)+SUMIF($B$10:$B$26,$U64,E$10:E$26) -> 0 | K64: =SUM(H64:J64) -> 0 | L64: =IFERROR(K64/G64,0) -> 0 | M64: =G64*$H$40-K64 -> 0 | N64: =IFERROR(M64/$C$3,0) -> 0 | O64: =G64*$J$40-K64 -> 0 | P64: =IFERROR(O64/$C$3,0) -> 0 | Q64: =G64*$L$40-K64 -> 0 | R64: =IFERROR(Q64/$C$3,0) -> 0 | T64: Ni Ketut Sriasih (GT) | U64: Ni Ketut Sriasih (MT)
B65: GRAND TOTAL | D65: =SUM(D51:D64) -> 0 | E65: =SUM(E51:E64) -> 0 | F65: =SUM(F51:F64) -> 0 | G65: =SUM(G51:G64) -> 0 | H65: =SUM(H51:H64) -> 0 | I65: =SUM(I51:I64) -> 0 | J65: =SUM(J51:J64) -> 0 | K65: =SUM(K51:K64) -> 0 | L65: =IFERROR(K65/G65,0) -> 0 | M65: =SUM(M51:M64) -> 0 | N65: =IFERROR(M65/$C$3,0) -> 0 | O65: =SUM(O51:O64) -> 0 | P65: =IFERROR(O65/$C$3,0) -> 0 | Q65: =SUM(Q51:Q64) -> 0 | R65: =IFERROR(Q65/$C$3,0) -> 0
B67: NESTLE | G67: SELISIH (Target x % - Achievement)
B68: CHANNEL / AREA | C68: SALES | D68: TARGET | E68: ACHIEVEMENT | F68: % | G68: ="SELISIH"&CHAR(10)&TEXT($H$40,"0%") -> SELISIH 90% | H68: ="PER HARI"&CHAR(10)&TEXT($H$40,"0%") -> PER HARI 90% | I68: ="SELISIH"&CHAR(10)&TEXT($J$40,"0%") -> SELISIH 95% | J68: ="PER HARI"&CHAR(10)&TEXT($J$40,"0%") -> PER HARI 95% | K68: ="SELISIH"&CHAR(10)&TEXT($L$40,"0%") -> SELISIH 100% | L68: ="PER HARI"&CHAR(10)&TEXT($L$40,"0%") -> PER HARI 100%
B69: NP - 1 | C69: RIDWAN | D69: =TARGETS!N22 -> 0 | E69: =IFERROR($C$31,0) -> 0 | F69: =IFERROR(E69/D69,0) -> 0 | G69: =D69*$H$40-E69 -> 0 | H69: =IFERROR(G69/$C$3,0) -> 0 | I69: =D69*$J$40-E69 -> 0 | J69: =IFERROR(I69/$C$3,0) -> 0 | K69: =D69*$L$40-E69 -> 0 | L69: =IFERROR(K69/$C$3,0) -> 0
B70: NP - 2 | C70: VACANT | D70: =TARGETS!N23 -> 0 | E70: =IFERROR($C$32,0) -> 0 | F70: =IFERROR(E70/D70,0) -> 0 | G70: =D70*$H$40-E70 -> 0 | H70: =IFERROR(G70/$C$3,0) -> 0 | I70: =D70*$J$40-E70 -> 0 | J70: =IFERROR(I70/$C$3,0) -> 0 | K70: =D70*$L$40-E70 -> 0 | L70: =IFERROR(K70/$C$3,0) -> 0
B71: NP - 3 | C71: GEK MAS | D71: =TARGETS!N24 -> 0 | E71: =M21 -> 0 | F71: =IFERROR(E71/D71,0) -> 0 | G71: =D71*$H$40-E71 -> 0 | H71: =IFERROR(G71/$C$3,0) -> 0 | I71: =D71*$J$40-E71 -> 0 | J71: =IFERROR(I71/$C$3,0) -> 0 | K71: =D71*$L$40-E71 -> 0 | L71: =IFERROR(K71/$C$3,0) -> 0
B72: NP - 4 | C72: VACANT | D72: =TARGETS!N25 -> 0 | E72: =0 -> 0 | F72: =IFERROR(E72/D72,0) -> 0 | G72: =D72*$H$40-E72 -> 0 | H72: =IFERROR(G72/$C$3,0) -> 0 | I72: =D72*$J$40-E72 -> 0 | J72: =IFERROR(I72/$C$3,0) -> 0 | K72: =D72*$L$40-E72 -> 0 | L72: =IFERROR(K72/$C$3,0) -> 0
B73: NP - 5 | C73: - | D73: =TARGETS!N26 -> 0 | E73: =0 -> 0 | F73: =IFERROR(E73/D73,0) -> 0 | G73: =D73*$H$40-E73 -> 0 | H73: =IFERROR(G73/$C$3,0) -> 0 | I73: =D73*$J$40-E73 -> 0 | J73: =IFERROR(I73/$C$3,0) -> 0 | K73: =D73*$L$40-E73 -> 0 | L73: =IFERROR(K73/$C$3,0) -> 0
B74: GRAND TOTAL | D74: =SUM(D69:D73) -> 0 | E74: =SUM(E69:E73) -> 0 | F74: =IFERROR(E74/D74,0) -> 0 | G74: =SUM(G69:G73) -> 0 | H74: =IFERROR(G74/$C$3,0) -> 0 | I74: =SUM(I69:I73) -> 0 | J74: =IFERROR(I74/$C$3,0) -> 0 | K74: =SUM(K69:K73) -> 0 | L74: =IFERROR(K74/$C$3,0) -> 0
B77: BALIAN
B78: AREA | C78: SALES | D78: ACHIEVEMENT
D79: Balian | T79: KEY 1 (Nama_Kry) | U79: KEY 2 (opsional)
B80: UBUD | C80: PICROM | D80: =SUMIF($B$10:$B$26,$T80,$F$10:$F$26)+SUMIF($B$10:$B$26,$U80,$F$10:$F$26) -> 0 | T80: =T51 -> Picrom Stalyon | U80: =U51 -> n/a
B81: DENPASAR - SANUR | C81: I MADE LUIH | D81: =SUMIF($B$10:$B$26,$T81,$F$10:$F$26)+SUMIF($B$10:$B$26,$U81,$F$10:$F$26) -> 0 | T81: =T52 -> I MADE LUIH | U81: =U52 -> I Made Luih (Sanur)
B82: NAUGHTY NURIS | C82: NN MADE LUIH | D82: =SUMIF($B$10:$B$26,$T82,$F$10:$F$26)+SUMIF($B$10:$B$26,$U82,$F$10:$F$26) -> 0 | T82: =T53 -> NN Made Luih | U82: =U53 -> n/a
B83: KUTA SELATAN - ULUWATU | C83: JUNI | D83: =SUMIF($B$10:$B$26,$T83,$F$10:$F$26)+SUMIF($B$10:$B$26,$U83,$F$10:$F$26) -> 0 | T83: =T54 -> Juni | U83: =U54 -> n/a
B84: KUTA - INDUSTRI | C84: WAHYU FIB | D84: =SUMIF($B$10:$B$26,$T84,$F$10:$F$26)+SUMIF($B$10:$B$26,$U84,$F$10:$F$26) -> 0 | T84: =T55 -> FIB | U84: =U55 -> n/a
B85: KUTA - HOTEL | C85: RONALD | D85: =SUMIF($B$10:$B$26,$T85,$F$10:$F$26)+SUMIF($B$10:$B$26,$U85,$F$10:$F$26) -> 0 | T85: =T56 -> Ronald | U85: =U56 -> n/a
B86: KUTA SELATAN - NUSA DUA (HOTEL) | C86: MONICA | D86: =SUMIF($B$10:$B$26,$T86,$F$10:$F$26)+SUMIF($B$10:$B$26,$U86,$F$10:$F$26) -> 0 | T86: =T57 -> Monica | U86: =U57 -> n/a
B87: SEMINYAK | C87: SUJANA | D87: =SUMIF($B$10:$B$26,$T87,$F$10:$F$26)+SUMIF($B$10:$B$26,$U87,$F$10:$F$26) -> 0 | T87: =T58 -> Sujana | U87: =U58 -> n/a
B88: NAUGHTY NURIS | C88: NN SUJANA | D88: =SUMIF($B$10:$B$26,$T88,$F$10:$F$26)+SUMIF($B$10:$B$26,$U88,$F$10:$F$26) -> 0 | T88: =T59 -> NN Sujana | U88: =U59 -> n/a
B89: KUTA - LEGIAN | C89: EKA | D89: =SUMIF($B$10:$B$26,$T89,$F$10:$F$26)+SUMIF($B$10:$B$26,$U89,$F$10:$F$26) -> 0 | T89: =T60 -> Wahyu | U89: =U60 -> n/a
B90: CANGGU 1 | C90: TAUFIK | D90: =SUMIF($B$10:$B$26,$T90,$F$10:$F$26)+SUMIF($B$10:$B$26,$U90,$F$10:$F$26) -> 0 | T90: =T61 -> Taufik | U90: =U61 -> n/a
B91: CANGGU 2 | C91: DEWI KRISTIANI | D91: =SUMIF($B$10:$B$26,$T91,$F$10:$F$26)+SUMIF($B$10:$B$26,$U91,$F$10:$F$26) -> 0 | T91: =T62 -> Dewi Kristiani | U91: =U62 -> n/a
... B93: MODERN TRADE + GENERAL TRADE | C93: SRIASIH | D93: =SUMIF($B$10:$B$26,$T93,$F$10:$F$26)+SUMIF($B$10:$B$26,$U93,$F$10:$F$26) -> 0 | T93: =T64 -> Ni Ketut Sriasih (GT) | U93: =U64 -> Ni Ketut Sriasih (MT)
B94: BALIAN ALL AREA | C94: YUANGGA | D94: =SUMIF($B$10:$B$27,$T94,$F$10:$F$27)+SUMIF($B$10:$B$27,$U94,$F$10:$F$27) -> 0 | T94: YUANGGA | U94: n/a
B95: GRAND TOTAL | D95: =SUM(D80:D94) -> 0

Sheet DES
B1: DATA PENCAPAIAN — DESEMBER 2026 | G1: ⚙️ KALENDER KERJA — INPUT MANUAL
G2: Total hari kalender bulan ini (auto) | J2: =E3 -> 31
B3: HARI TERSISA (auto): | C3: =IF($J$5<>"",$J$5,MAX(0,NETWORKDAYS.INTL(MAX(TODAY(),DATE(YEAR(TODAY()),12,1)),EOMONTH(DATE(YEAR(TODAY()),12,1),0),11)-MAX(0,$J$3-$J$4))) -> 27 | D3: Hari kerja tersisa bulan ini (Sab s/d akhir bulan) — otomatis | E3: =DAY(EOMONTH(DATE(YEAR(TODAY()),12,1),0)) -> 31 | G3: Total hari LIBUR / OFF bulan ini | J3: 0
G4: Libur yang SUDAH lewat | J4: 0
G5: Override HARI TERSISA (kosong = auto)
B6: 📥 INPUT DATA HARIAN — Paste dari file sistem di sini | M6: FOOD_ACHIV (calc) | N6: BEV_ACHIV (calc) | O6: BAK_ACHIV (calc)
B7: INPUT: DATA MKS (FOOD & BEVERAGES) | M7: =SUM(C9) -> 0 | N7: =SUM(D9) -> 0 | O7: =SUM(E9) -> 0
B8: Nama_Kry | C8: FOOD | D8: BEVERAGE | E8: BAKERY | F8: Balian | G8: Grand Total
C9: 0 | D9: 0
B10: Dewi Kristiani | G10: =SUM(C10:F10) -> 0
B11: Wahyu | G11: =SUM(C11:F11) -> 0
B12: FIB | G12: =SUM(C12:F12) -> 0
B13: I MADE LUIH | G13: =SUM(C13:F13) -> 0
B14: I Made Luih (Sanur) | G14: =SUM(C14:F14) -> 0
B15: Juni | G15: =SUM(C15:F15) -> 0
B16: Management Bali | G16: =SUM(C16:F16) -> 0
B17: Monica | G17: =SUM(C17:F17) -> 0
B18: Ni Ketut Sriasih (GT) | G18: =SUM(C18:F18) -> 0
B19: Ni Ketut Sriasih (MT) | G19: =SUM(C19:F19) -> 0
B20: NN Made Luih | G20: =SUM(C20:F20) -> 0 | M20: =SUM(C30,C35)+M7 -> 0 | N20: NP5_calc = baris kosong (C30) + NP5 raw (C35) + KA dari MKS (M7)
B21: NN Sujana | G21: =SUM(C21:F21) -> 0 | M21: =SUM(C33,C34)+M20 -> 0 | N21: NP3_final = NP3 raw (C33) + NP4 (C34) + NP5_calc (M20)
B22: Picrom Stalyon | G22: =SUM(C22:F22) -> 0
B23: Sujana | G23: =SUM(C23:F23) -> 0
B24: Taufik | G24: =SUM(C24:F24) -> 0
B25: Ronald | G25: =SUM(C25:F25) -> 0
B26: Wira | G26: =SUM(C26:F26) -> 0
B28: INPUT: DATA NESTLE
B29: Nama Kry | C29: Total
B31: NP1 | C31: 0
B32: NP2 | C32: 0
B33: NP3 | C33: 0
B34: NP4 | C34: 0
B35: NP5 | C35: 0
S39: PILIHAN % TARGET
B40: DATA PENCAPAIAN — GLOBAL — DESEMBER 2026 | E40: TARGET | F40: =IF(MONTH(TODAY())=12,DAY(TODAY())/DAY(EOMONTH(TODAY(),0)),IF(MONTH(TODAY())>12,1,0)) -> 0 | G40: PILIH TARGET % | H40: 0.9 | I40: PILIH TARGET % | J40: 0.95 | K40: PENUH | L40: 1 | S40: 0.7
B41: KATAGORI | C41: AREA | D41: TARGET | E41: ACHIEVEMENT | F41: % | G41: ="SELISIH"&CHAR(10)&TEXT($H$40,"0%") -> SELISIH 90% | H41: ="PER HARI"&CHAR(10)&TEXT($H$40,"0%") -> PER HARI 90% | I41: ="SELISIH"&CHAR(10)&TEXT($J$40,"0%") -> SELISIH 95% | J41: ="PER HARI"&CHAR(10)&TEXT($J$40,"0%") -> PER HARI 95% | K41: ="SELISIH"&CHAR(10)&TEXT($L$40,"0%") -> SELISIH 100% | L41: ="PER HARI"&CHAR(10)&TEXT($L$40,"0%") -> PER HARI 100% | S41: 0.75
B42: FOOD | C42: HORECA, GT, MT | D42: =SUM(TARGETS!AK5:AK18) -> 0 | E42: =H65 -> 0 | F42: =IFERROR(E42/D42,0) -> 0 | G42: =D42*$H$40-E42 -> 0 | H42: =IFERROR(G42/$C$3,0) -> 0 | I42: =D42*$J$40-E42 -> 0 | J42: =IFERROR(I42/$C$3,0) -> 0 | K42: =D42*$L$40-E42 -> 0 | L42: =IFERROR(K42/$C$3,0) -> 0 | S42: 0.8
B43: BEVERAGE | C43: HORECA, GT, MT | D43: =SUM(TARGETS!AL5:AL18) -> 0 | E43: =I65 -> 0 | F43: =IFERROR(E43/D43,0) -> 0 | G43: =D43*$H$40-E43 -> 0 | H43: =IFERROR(G43/$C$3,0) -> 0 | I43: =D43*$J$40-E43 -> 0 | J43: =IFERROR(I43/$C$3,0) -> 0 | K43: =D43*$L$40-E43 -> 0 | L43: =IFERROR(K43/$C$3,0) -> 0 | S43: 0.85
B44: BAKERY | C44: HORECA, GT, MT | D44: =SUM(TARGETS!AM5:AM18) -> 0 | E44: =J65 -> 0 | F44: =IFERROR(E44/D44,0) -> 0 | G44: =IF(D44=0,0,D44*$H$40-E44) -> 0 | H44: =IFERROR(G44/$C$3,0) -> 0 | I44: =IF(D44=0,0,D44*$J$40-E44) -> 0 | J44: =IFERROR(I44/$C$3,0) -> 0 | K44: =IF(D44=0,0,D44*$L$40-E44) -> 0 | L44: =IFERROR(K44/$C$3,0) -> 0 | S44: 0.9
B45: NESTLE | C45: HORECA, GT, MT | D45: =SUM(TARGETS!O22:O26) -> 0 | E45: =E74 -> 0 | F45: =IFERROR(E45/D45,0) -> 0 | G45: =D45*$H$40-E45 -> 0 | H45: =IFERROR(G45/$C$3,0) -> 0 | I45: =D45*$J$40-E45 -> 0 | J45: =IFERROR(I45/$C$3,0) -> 0 | K45: =D45*$L$40-E45 -> 0 | L45: =IFERROR(K45/$C$3,0) -> 0 | S45: 0.95
B46: TOTAL | D46: =SUM(D42:D45) -> 0 | E46: =SUM(E42:E45) -> 0 | F46: =IFERROR(E46/D46,0) -> 0 | G46: =SUM(G42:G45) -> 0 | H46: =IFERROR(G46/$C$3,0) -> 0 | I46: =SUM(I42:I45) -> 0 | J46: =IFERROR(I46/$C$3,0) -> 0 | K46: =SUM(K42:K45) -> 0 | L46: =IFERROR(K46/$C$3,0) -> 0 | S46: 1
B48: FOOD & BEVERAGES | M48: SELISIH (Target x % - Achievement)
B49: AREA | C49: SALES | D49: TARGET | H49: ACHIEVEMENT | L49: % | M49: ="SELISIH"&CHAR(10)&TEXT($H$40,"0%") -> SELISIH 90% | N49: ="PER HARI"&CHAR(10)&TEXT($H$40,"0%") -> PER HARI 90% | O49: ="SELISIH"&CHAR(10)&TEXT($J$40,"0%") -> SELISIH 95% | P49: ="PER HARI"&CHAR(10)&TEXT($J$40,"0%") -> PER HARI 95% | Q49: ="SELISIH"&CHAR(10)&TEXT($L$40,"0%") -> SELISIH 100% | R49: ="PER HARI"&CHAR(10)&TEXT($L$40,"0%") -> PER HARI 100%
D50: Food | E50: Beverage | F50: Bakery | G50: Total | H50: Food | I50: Beverage | J50: Bakery | K50: Total | T50: KEY 1 (Nama_Kry) | U50: KEY 2 (opsional)
B51: UBUD | C51: PICROM | D51: =TARGETS!AK5 -> 0 | E51: 0 | F51: =TARGETS!AM5 -> 0 | G51: =SUM(D51:F51) -> 0 | H51: =SUMIF($B$10:$B$26,$T51,C$10:C$26)+SUMIF($B$10:$B$26,$U51,C$10:C$26) -> 0 | I51: =SUMIF($B$10:$B$26,$T51,D$10:D$26)+SUMIF($B$10:$B$26,$U51,D$10:D$26) -> 0 | J51: =SUMIF($B$10:$B$26,$T51,E$10:E$26)+SUMIF($B$10:$B$26,$U51,E$10:E$26) -> 0 | K51: =SUM(H51:J51) -> 0 | L51: =IFERROR(K51/G51,0) -> 0 | M51: =G51*$H$40-K51 -> 0 | N51: =IFERROR(M51/$C$3,0) -> 0 | O51: =G51*$J$40-K51 -> 0 | P51: =IFERROR(O51/$C$3,0) -> 0 | Q51: =G51*$L$40-K51 -> 0 | R51: =IFERROR(Q51/$C$3,0) -> 0 | T51: Picrom Stalyon | U51: n/a
B52: DENPASAR - SANUR | C52: I MADE LUIH | D52: =TARGETS!AK6 -> 0 | E52: 0 | F52: =TARGETS!AM6 -> 0 | G52: =SUM(D52:F52) -> 0 | H52: =SUMIF($B$10:$B$26,$T52,C$10:C$26)+SUMIF($B$10:$B$26,$U52,C$10:C$26) -> 0 | I52: =SUMIF($B$10:$B$26,$T52,D$10:D$26)+SUMIF($B$10:$B$26,$U52,D$10:D$26) -> 0 | J52: =SUMIF($B$10:$B$26,$T52,E$10:E$26)+SUMIF($B$10:$B$26,$U52,E$10:E$26) -> 0 | K52: =SUM(H52:J52) -> 0 | L52: =IFERROR(K52/G52,0) -> 0 | M52: =G52*$H$40-K52 -> 0 | N52: =IFERROR(M52/$C$3,0) -> 0 | O52: =G52*$J$40-K52 -> 0 | P52: =IFERROR(O52/$C$3,0) -> 0 | Q52: =G52*$L$40-K52 -> 0 | R52: =IFERROR(Q52/$C$3,0) -> 0 | T52: I MADE LUIH | U52: I Made Luih (Sanur)
B53: NAUGHTY NURIS | C53: NN MADE LUIH | D53: =TARGETS!AK7 -> 0 | E53: 0 | F53: =TARGETS!AM7 -> 0 | G53: =SUM(D53:F53) -> 0 | H53: =SUMIF($B$10:$B$26,$T53,C$10:C$26)+SUMIF($B$10:$B$26,$U53,C$10:C$26) -> 0 | I53: =SUMIF($B$10:$B$26,$T53,D$10:D$26)+SUMIF($B$10:$B$26,$U53,D$10:D$26) -> 0 | J53: =SUMIF($B$10:$B$26,$T53,E$10:E$26)+SUMIF($B$10:$B$26,$U53,E$10:E$26) -> 0 | K53: =SUM(H53:J53) -> 0 | L53: =IFERROR(K53/G53,0) -> 0 | M53: =G53*$H$40-K53 -> 0 | N53: =IFERROR(M53/$C$3,0) -> 0 | O53: =G53*$J$40-K53 -> 0 | P53: =IFERROR(O53/$C$3,0) -> 0 | Q53: =G53*$L$40-K53 -> 0 | R53: =IFERROR(Q53/$C$3,0) -> 0 | T53: NN Made Luih | U53: n/a
B54: KUTA SELATAN - ULUWATU | C54: JUNI | D54: =TARGETS!AK8 -> 0 | E54: 0 | F54: =TARGETS!AM8 -> 0 | G54: =SUM(D54:F54) -> 0 | H54: =SUMIF($B$10:$B$26,$T54,C$10:C$26)+SUMIF($B$10:$B$26,$U54,C$10:C$26) -> 0 | I54: =SUMIF($B$10:$B$26,$T54,D$10:D$26)+SUMIF($B$10:$B$26,$U54,D$10:D$26) -> 0 | J54: =SUMIF($B$10:$B$26,$T54,E$10:E$26)+SUMIF($B$10:$B$26,$U54,E$10:E$26) -> 0 | K54: =SUM(H54:J54) -> 0 | L54: =IFERROR(K54/G54,0) -> 0 | M54: =G54*$H$40-K54 -> 0 | N54: =IFERROR(M54/$C$3,0) -> 0 | O54: =G54*$J$40-K54 -> 0 | P54: =IFERROR(O54/$C$3,0) -> 0 | Q54: =G54*$L$40-K54 -> 0 | R54: =IFERROR(Q54/$C$3,0) -> 0 | T54: Juni | U54: n/a
B55: KUTA - INDUSTRI | C55: WAHYU FIB | D55: =TARGETS!AK9 -> 0 | E55: 0 | F55: =TARGETS!AM9 -> 0 | G55: =SUM(D55:F55) -> 0 | H55: =SUMIF($B$10:$B$26,$T55,C$10:C$26)+SUMIF($B$10:$B$26,$U55,C$10:C$26) -> 0 | I55: =SUMIF($B$10:$B$26,$T55,D$10:D$26)+SUMIF($B$10:$B$26,$U55,D$10:D$26) -> 0 | J55: =SUMIF($B$10:$B$26,$T55,E$10:E$26)+SUMIF($B$10:$B$26,$U55,E$10:E$26) -> 0 | K55: =SUM(H55:J55) -> 0 | L55: =IFERROR(K55/G55,0) -> 0 | M55: =G55*$H$40-K55 -> 0 | N55: =IFERROR(M55/$C$3,0) -> 0 | O55: =G55*$J$40-K55 -> 0 | P55: =IFERROR(O55/$C$3,0) -> 0 | Q55: =G55*$L$40-K55 -> 0 | R55: =IFERROR(Q55/$C$3,0) -> 0 | T55: FIB | U55: n/a
B56: KUTA - HOTEL | C56: RONALD | D56: =TARGETS!AK10 -> 0 | E56: 0 | F56: =TARGETS!AM10 -> 0 | G56: =SUM(D56:F56) -> 0 | H56: =SUMIF($B$10:$B$26,$T56,C$10:C$26)+SUMIF($B$10:$B$26,$U56,C$10:C$26) -> 0 | I56: =SUMIF($B$10:$B$26,$T56,D$10:D$26)+SUMIF($B$10:$B$26,$U56,D$10:D$26) -> 0 | J56: =SUMIF($B$10:$B$26,$T56,E$10:E$26)+SUMIF($B$10:$B$26,$U56,E$10:E$26) -> 0 | K56: =SUM(H56:J56) -> 0 | L56: =IFERROR(K56/G56,0) -> 0 | M56: =G56*$H$40-K56 -> 0 | N56: =IFERROR(M56/$C$3,0) -> 0 | O56: =G56*$J$40-K56 -> 0 | P56: =IFERROR(O56/$C$3,0) -> 0 | Q56: =G56*$L$40-K56 -> 0 | R56: =IFERROR(Q56/$C$3,0) -> 0 | T56: Ronald | U56: n/a
B57: KUTA SELATAN - NUSA DUA (HOTEL) | C57: MONICA | D57: =TARGETS!AK11 -> 0 | E57: 0 | F57: =TARGETS!AM11 -> 0 | G57: =SUM(D57:F57) -> 0 | H57: =SUMIF($B$10:$B$26,$T57,C$10:C$26)+SUMIF($B$10:$B$26,$U57,C$10:C$26) -> 0 | I57: =SUMIF($B$10:$B$26,$T57,D$10:D$26)+SUMIF($B$10:$B$26,$U57,D$10:D$26) -> 0 | J57: =SUMIF($B$10:$B$26,$T57,E$10:E$26)+SUMIF($B$10:$B$26,$U57,E$10:E$26) -> 0 | K57: =SUM(H57:J57) -> 0 | L57: =IFERROR(K57/G57,0) -> 0 | M57: =G57*$H$40-K57 -> 0 | N57: =IFERROR(M57/$C$3,0) -> 0 | O57: =G57*$J$40-K57 -> 0 | P57: =IFERROR(O57/$C$3,0) -> 0 | Q57: =G57*$L$40-K57 -> 0 | R57: =IFERROR(Q57/$C$3,0) -> 0 | T57: Monica | U57: n/a
