Workbook

Sheet Read Me
A1: HOW TO USE THIS FILE / CARA PAKAI FILE INI
A2: 1. Paste the new day's raw export into the 'Data' tab, starting at cell A2, columns A through R. | B2: Tempel data harian baru ke tab 'Data', mulai dari sel A2, kolom A sampai R.
A3: 2. Do NOT delete or edit columns S onward on 'Data' — those are hidden helper formulas that power every other tab. | B3: JANGAN hapus atau ubah kolom S dst di 'Data' — itu rumus bantu tersembunyi yang menggerakkan semua tab lain.
A4: 3. All other tabs (Butter, Pristine, O Sole, Osterberg, Agristo & Maestro, Soejasch Product, IQF, Masterista, Mikol, Savis, Stok Kosong) update automatically. Nothing else to do. | B4: Semua tab lain (Butter, Pristine, O Sole, Osterberg, Agristo & Maestro, Soejasch Product, IQF, Masterista, Mikol, Savis, Stok Kosong) otomatis ter-update. Tidak perlu tindakan lain.
A5: 4. If a NEW product code should belong to a specific brand tab but doesn't show up there, add its code to the matching column on the 'CategoryLists' tab. | B5: Jika ada KODE PRODUK BARU yang seharusnya masuk tab tertentu tapi tidak muncul, tambahkan kodenya di kolom yang sesuai pada tab 'CategoryLists'.
A6: 5. Capacity: formulas cover up to 5,000 product rows. If the list grows beyond that, ask for the formulas to be extended. | B6: Kapasitas: rumus mendukung hingga 5.000 baris produk. Jika daftar produk melebihi itu, minta rumus diperpanjang.

Sheet Data
A1: Kode_Brg | B1: Nama_Brg | C1: Kode_sat_Std | D1: Saldo Akhir (Std) | E1: Penjualan 3 Bulan (June 2026) | F1: Penjualan 3 Bulan (July 2026) | G1: Penjualan 3 Bulan (August 2026) | H1: Rata - Rata 3 Bulan | I1: Buffer Month (3 Bulan) | J1: Buffer Day (3 Bulan) | K1: Penjualan Bulan Sama Tahun lalu | L1: Buffer Month (Bulan Sama Tahun Lalu) | M1: Buffer Day (Bulan Sama Tahun Lalu) | N1: Penjualan Tgl 1 sd 02 Sep 2026 | O1: Buffer Month (Tgl 1 sd 02 Sep 2026) | P1: Buffer Day (Tgl 1 sd 02 Sep 2026) | Q1: Tgl_LPB | R1: Qty_LPB | S1: Qty PO yg belum LPB | T1: Is_Pristine | U1: Is_OSole | V1: Is_Osterberg | W1: Is_AgristoMaestro | X1: Is_Soejasch | Y1: Is_IQF | Z1: Is_Masterista | AA1: Is_Mikol | AB1: Is_Savis | AC1: Is_StokKosong | AD1: Is_Butter
A2: ASS-PE-TC30 | B2: Pappermint@30g/Tincan | C2: TIN | D2: 0 | E2: 0 | F2: 0 | G2: 0 | H2: 0 | I2: 0 | J2: 0 | K2: 0 | L2: 0 | M2: 0 | N2: 0 | O2: 0 | P2: 0 | T2: =COUNTIF(CategoryLists!$B:$B,A2)>0 -> FALSE | U2: =COUNTIF(CategoryLists!$C:$C,A2)>0 -> FALSE | V2: =COUNTIF(CategoryLists!$D:$D,A2)>0 -> FALSE | W2: =COUNTIF(CategoryLists!$E:$E,A2)>0 -> FALSE | X2: =COUNTIF(CategoryLists!$F:$F,A2)>0 -> FALSE | Y2: =COUNTIF(CategoryLists!$G:$G,A2)>0 -> FALSE | Z2: =LEFT(A2,3)="PMS" -> FALSE | AA2: =OR(LEFT(A2,3)="CKP",LEFT(A2,3)="PNL",COUNTIF(CategoryLists!$I:$I,A2)>0) -> FALSE | AB2: =COUNTIF(CategoryLists!$H:$H,A2)>0 -> FALSE | AC2: =AND(A2<>"",D2=0) -> TRUE | AD2: =COUNTIF(CategoryLists!$A:$A,A2)>0 -> FALSE
A3: 010244 | B3: Beer Hoegaarden White 330ML | C3: BTL | D3: 0 | E3: 0 | F3: 0 | G3: 0 | H3: 0 | I3: 0 | J3: 0 | K3: 0 | L3: 0 | M3: 0 | N3: 0 | O3: 0 | P3: 0 | Q3: 44888 | R3: 144 | T3: =COUNTIF(CategoryLists!$B:$B,A3)>0 -> FALSE | U3: =COUNTIF(CategoryLists!$C:$C,A3)>0 -> FALSE | V3: =COUNTIF(CategoryLists!$D:$D,A3)>0 -> FALSE | W3: =COUNTIF(CategoryLists!$E:$E,A3)>0 -> FALSE | X3: =COUNTIF(CategoryLists!$F:$F,A3)>0 -> FALSE | Y3: =COUNTIF(CategoryLists!$G:$G,A3)>0 -> FALSE | Z3: =LEFT(A3,3)="PMS" -> FALSE | AA3: =OR(LEFT(A3,3)="CKP",LEFT(A3,3)="PNL",COUNTIF(CategoryLists!$I:$I,A3)>0) -> TRUE | AB3: =COUNTIF(CategoryLists!$H:$H,A3)>0 -> FALSE | AC3: =AND(A3<>"",D3=0) -> TRUE | AD3: =COUNTIF(CategoryLists!$A:$A,A3)>0 -> FALSE
A4: 010245 | B4: Beer Hoegaarden Rosee 248ML | C4: BTL | D4: 0 | E4: 0 | F4: 0 | G4: 0 | H4: 0 | I4: 0 | J4: 0 | K4: 0 | L4: 0 | M4: 0 | N4: 0 | O4: 0 | P4: 0 | Q4: 44897 | R4: 24 | T4: =COUNTIF(CategoryLists!$B:$B,A4)>0 -> FALSE | U4: =COUNTIF(CategoryLists!$C:$C,A4)>0 -> FALSE | V4: =COUNTIF(CategoryLists!$D:$D,A4)>0 -> FALSE | W4: =COUNTIF(CategoryLists!$E:$E,A4)>0 -> FALSE | X4: =COUNTIF(CategoryLists!$F:$F,A4)>0 -> FALSE | Y4: =COUNTIF(CategoryLists!$G:$G,A4)>0 -> FALSE | Z4: =LEFT(A4,3)="PMS" -> FALSE | AA4: =OR(LEFT(A4,3)="CKP",LEFT(A4,3)="PNL",COUNTIF(CategoryLists!$I:$I,A4)>0) -> TRUE | AB4: =COUNTIF(CategoryLists!$H:$H,A4)>0 -> FALSE | AC4: =AND(A4<>"",D4=0) -> TRUE | AD4: =COUNTIF(CategoryLists!$A:$A,A4)>0 -> FALSE
A5: 10071179043386 | B5: Simplot Conquest Delivery+ 3/8 Straight Cut (13.61/Box) | C5: KTN | D5: 0 | E5: 0 | F5: 0 | G5: 0 | H5: 0 | I5: 0 | J5: 0 | K5: 0 | L5: 0 | M5: 0 | N5: 0 | O5: 0 | P5: 0 | T5: =COUNTIF(CategoryLists!$B:$B,A5)>0 -> FALSE | U5: =COUNTIF(CategoryLists!$C:$C,A5)>0 -> FALSE | V5: =COUNTIF(CategoryLists!$D:$D,A5)>0 -> FALSE | W5: =COUNTIF(CategoryLists!$E:$E,A5)>0 -> FALSE | X5: =COUNTIF(CategoryLists!$F:$F,A5)>0 -> FALSE | Y5: =COUNTIF(CategoryLists!$G:$G,A5)>0 -> FALSE | Z5: =LEFT(A5,3)="PMS" -> FALSE | AA5: =OR(LEFT(A5,3)="CKP",LEFT(A5,3)="PNL",COUNTIF(CategoryLists!$I:$I,A5)>0) -> FALSE | AB5: =COUNTIF(CategoryLists!$H:$H,A5)>0 -> FALSE | AC5: =AND(A5<>"",D5=0) -> TRUE | AD5: =COUNTIF(CategoryLists!$A:$A,A5)>0 -> FALSE
A6: 150226 | B6: Belly Skinless Premium (2.5Kg/Pack) | C6: KG | D6: 121.5305 | E6: 305.799 | F6: 347.2292 | G6: 253.5798 | H6: 302.2026 | I6: 0.4021 | J6: 12.0644 | K6: 626.3896 | L6: 0.194 | M6: 5.8205 | N6: 10.25 | O6: 0.7896 | P6: 23.7132 | Q6: 46265 | R6: 126.56 | S6: 5997.59 | T6: =COUNTIF(CategoryLists!$B:$B,A6)>0 -> FALSE | U6: =COUNTIF(CategoryLists!$C:$C,A6)>0 -> FALSE | V6: =COUNTIF(CategoryLists!$D:$D,A6)>0 -> FALSE | W6: =COUNTIF(CategoryLists!$E:$E,A6)>0 -> FALSE | X6: =COUNTIF(CategoryLists!$F:$F,A6)>0 -> FALSE | Y6: =COUNTIF(CategoryLists!$G:$G,A6)>0 -> FALSE | Z6: =LEFT(A6,3)="PMS" -> FALSE | AA6: =OR(LEFT(A6,3)="CKP",LEFT(A6,3)="PNL",COUNTIF(CategoryLists!$I:$I,A6)>0) -> FALSE | AB6: =COUNTIF(CategoryLists!$H:$H,A6)>0 -> FALSE | AC6: =AND(A6<>"",D6=0) -> FALSE | AD6: =COUNTIF(CategoryLists!$A:$A,A6)>0 -> FALSE
A7: 160072 | B7: Davinci Pump Syrup 10Ml | C7: PCS | D7: 22 | E7: 0 | F7: 0 | G7: 0 | H7: 0 | I7: 0 | J7: 0 | K7: 0 | L7: 0 | M7: 0 | N7: 0 | O7: 0 | P7: 0 | Q7: 44793 | R7: 30 | T7: =COUNTIF(CategoryLists!$B:$B,A7)>0 -> FALSE | U7: =COUNTIF(CategoryLists!$C:$C,A7)>0 -> FALSE | V7: =COUNTIF(CategoryLists!$D:$D,A7)>0 -> FALSE | W7: =COUNTIF(CategoryLists!$E:$E,A7)>0 -> FALSE | X7: =COUNTIF(CategoryLists!$F:$F,A7)>0 -> FALSE | Y7: =COUNTIF(CategoryLists!$G:$G,A7)>0 -> FALSE | Z7: =LEFT(A7,3)="PMS" -> FALSE | AA7: =OR(LEFT(A7,3)="CKP",LEFT(A7,3)="PNL",COUNTIF(CategoryLists!$I:$I,A7)>0) -> FALSE | AB7: =COUNTIF(CategoryLists!$H:$H,A7)>0 -> FALSE | AC7: =AND(A7<>"",D7=0) -> FALSE | AD7: =COUNTIF(CategoryLists!$A:$A,A7)>0 -> FALSE
A8: 160073 | B8: Davinci Pump Syrup 30Ml | C8: PCS | D8: 20 | E8: 0 | F8: 0 | G8: 0 | H8: 0 | I8: 0 | J8: 0 | K8: 0 | L8: 0 | M8: 0 | N8: 0 | O8: 0 | P8: 0 | Q8: 44793 | R8: 30 | T8: =COUNTIF(CategoryLists!$B:$B,A8)>0 -> FALSE | U8: =COUNTIF(CategoryLists!$C:$C,A8)>0 -> FALSE | V8: =COUNTIF(CategoryLists!$D:$D,A8)>0 -> FALSE | W8: =COUNTIF(CategoryLists!$E:$E,A8)>0 -> FALSE | X8: =COUNTIF(CategoryLists!$F:$F,A8)>0 -> FALSE | Y8: =COUNTIF(CategoryLists!$G:$G,A8)>0 -> FALSE | Z8: =LEFT(A8,3)="PMS" -> FALSE | AA8: =OR(LEFT(A8,3)="CKP",LEFT(A8,3)="PNL",COUNTIF(CategoryLists!$I:$I,A8)>0) -> FALSE | AB8: =COUNTIF(CategoryLists!$H:$H,A8)>0 -> FALSE | AC8: =AND(A8<>"",D8=0) -> FALSE | AD8: =COUNTIF(CategoryLists!$A:$A,A8)>0 -> FALSE
A9: 230107 | B9: Davinci Caramel Sauce 2L | C9: BTL | D9: 0 | E9: 0 | F9: 0 | G9: 0 | H9: 0 | I9: 0 | J9: 0 | K9: 0 | L9: 0 | M9: 0 | N9: 0 | O9: 0 | P9: 0 | Q9: 44936 | R9: 1 | S9: 6 | T9: =COUNTIF(CategoryLists!$B:$B,A9)>0 -> FALSE | U9: =COUNTIF(CategoryLists!$C:$C,A9)>0 -> FALSE | V9: =COUNTIF(CategoryLists!$D:$D,A9)>0 -> FALSE | W9: =COUNTIF(CategoryLists!$E:$E,A9)>0 -> FALSE | X9: =COUNTIF(CategoryLists!$F:$F,A9)>0 -> FALSE | Y9: =COUNTIF(CategoryLists!$G:$G,A9)>0 -> FALSE | Z9: =LEFT(A9,3)="PMS" -> FALSE | AA9: =OR(LEFT(A9,3)="CKP",LEFT(A9,3)="PNL",COUNTIF(CategoryLists!$I:$I,A9)>0) -> FALSE | AB9: =COUNTIF(CategoryLists!$H:$H,A9)>0 -> FALSE | AC9: =AND(A9<>"",D9=0) -> TRUE | AD9: =COUNTIF(CategoryLists!$A:$A,A9)>0 -> FALSE
A10: 300271 | B10: Hengstenberg Raspberry Vinegar 500ml/Btl | C10: BTL | D10: 0 | E10: 0 | F10: 0 | G10: 0 | H10: 0 | I10: 0 | J10: 0 | K10: 0 | L10: 0 | M10: 0 | N10: 0 | O10: 0 | P10: 0 | T10: =COUNTIF(CategoryLists!$B:$B,A10)>0 -> FALSE | U10: =COUNTIF(CategoryLists!$C:$C,A10)>0 -> FALSE | V10: =COUNTIF(CategoryLists!$D:$D,A10)>0 -> FALSE | W10: =COUNTIF(CategoryLists!$E:$E,A10)>0 -> FALSE | X10: =COUNTIF(CategoryLists!$F:$F,A10)>0 -> FALSE | Y10: =COUNTIF(CategoryLists!$G:$G,A10)>0 -> FALSE | Z10: =LEFT(A10,3)="PMS" -> FALSE | AA10: =OR(LEFT(A10,3)="CKP",LEFT(A10,3)="PNL",COUNTIF(CategoryLists!$I:$I,A10)>0) -> FALSE | AB10: =COUNTIF(CategoryLists!$H:$H,A10)>0 -> FALSE | AC10: =AND(A10<>"",D10=0) -> TRUE | AD10: =COUNTIF(CategoryLists!$A:$A,A10)>0 -> FALSE
A11: AS-CH-TB50-G | B11: Chamomile Dream @50Tb/Box - Grand Hyatt | C11: BOX | D11: 0 | E11: 0 | F11: 0 | G11: 0 | H11: 0 | I11: 0 | J11: 0 | K11: 0 | L11: 0 | M11: 0 | N11: 0 | O11: 0 | P11: 0 | Q11: 45510 | R11: 150 | T11: =COUNTIF(CategoryLists!$B:$B,A11)>0 -> FALSE | U11: =COUNTIF(CategoryLists!$C:$C,A11)>0 -> FALSE | V11: =COUNTIF(CategoryLists!$D:$D,A11)>0 -> FALSE | W11: =COUNTIF(CategoryLists!$E:$E,A11)>0 -> FALSE | X11: =COUNTIF(CategoryLists!$F:$F,A11)>0 -> FALSE | Y11: =COUNTIF(CategoryLists!$G:$G,A11)>0 -> FALSE | Z11: =LEFT(A11,3)="PMS" -> FALSE | AA11: =OR(LEFT(A11,3)="CKP",LEFT(A11,3)="PNL",COUNTIF(CategoryLists!$I:$I,A11)>0) -> FALSE | AB11: =COUNTIF(CategoryLists!$H:$H,A11)>0 -> FALSE | AC11: =AND(A11<>"",D11=0) -> TRUE | AD11: =COUNTIF(CategoryLists!$A:$A,A11)>0 -> FALSE
A12: ASS-001 | B12: SAVIS TEA BREWER | C12: PCS | D12: 0 | E12: 0 | F12: 0 | G12: 0 | H12: 0 | I12: 0 | J12: 0 | K12: 0 | L12: 0 | M12: 0 | N12: 0 | O12: 0 | P12: 0 | T12: =COUNTIF(CategoryLists!$B:$B,A12)>0 -> FALSE | U12: =COUNTIF(CategoryLists!$C:$C,A12)>0 -> FALSE | V12: =COUNTIF(CategoryLists!$D:$D,A12)>0 -> FALSE | W12: =COUNTIF(CategoryLists!$E:$E,A12)>0 -> FALSE | X12: =COUNTIF(CategoryLists!$F:$F,A12)>0 -> FALSE | Y12: =COUNTIF(CategoryLists!$G:$G,A12)>0 -> FALSE | Z12: =LEFT(A12,3)="PMS" -> FALSE | AA12: =OR(LEFT(A12,3)="CKP",LEFT(A12,3)="PNL",COUNTIF(CategoryLists!$I:$I,A12)>0) -> FALSE | AB12: =COUNTIF(CategoryLists!$H:$H,A12)>0 -> FALSE | AC12: =AND(A12<>"",D12=0) -> TRUE | AD12: =COUNTIF(CategoryLists!$A:$A,A12)>0 -> FALSE
A13: ASS-B-ORTC40 | B13: Halimun Red (Organic)@50g/Tincan | C13: TIN | D13: 0 | E13: 0 | F13: 0 | G13: 0 | H13: 0 | I13: 0 | J13: 0 | K13: 0 | L13: 0 | M13: 0 | N13: 0 | O13: 0 | P13: 0 | T13: =COUNTIF(CategoryLists!$B:$B,A13)>0 -> FALSE | U13: =COUNTIF(CategoryLists!$C:$C,A13)>0 -> FALSE | V13: =COUNTIF(CategoryLists!$D:$D,A13)>0 -> FALSE | W13: =COUNTIF(CategoryLists!$E:$E,A13)>0 -> FALSE | X13: =COUNTIF(CategoryLists!$F:$F,A13)>0 -> FALSE | Y13: =COUNTIF(CategoryLists!$G:$G,A13)>0 -> FALSE | Z13: =LEFT(A13,3)="PMS" -> FALSE | AA13: =OR(LEFT(A13,3)="CKP",LEFT(A13,3)="PNL",COUNTIF(CategoryLists!$I:$I,A13)>0) -> FALSE | AB13: =COUNTIF(CategoryLists!$H:$H,A13)>0 -> FALSE | AC13: =AND(A13<>"",D13=0) -> TRUE | AD13: =COUNTIF(CategoryLists!$A:$A,A13)>0 -> FALSE
A14: ASS-BC-B10 | B14: Blackcurrant Tea @10TB/Box | C14: BOX | D14: 0 | E14: 0 | F14: 0 | G14: 0 | H14: 0 | I14: 0 | J14: 0 | K14: 0 | L14: 0 | M14: 0 | N14: 0 | O14: 0 | P14: 0 | T14: =COUNTIF(CategoryLists!$B:$B,A14)>0 -> FALSE | U14: =COUNTIF(CategoryLists!$C:$C,A14)>0 -> FALSE | V14: =COUNTIF(CategoryLists!$D:$D,A14)>0 -> FALSE | W14: =COUNTIF(CategoryLists!$E:$E,A14)>0 -> FALSE | X14: =COUNTIF(CategoryLists!$F:$F,A14)>0 -> FALSE | Y14: =COUNTIF(CategoryLists!$G:$G,A14)>0 -> FALSE | Z14: =LEFT(A14,3)="PMS" -> FALSE | AA14: =OR(LEFT(A14,3)="CKP",LEFT(A14,3)="PNL",COUNTIF(CategoryLists!$I:$I,A14)>0) -> FALSE | AB14: =COUNTIF(CategoryLists!$H:$H,A14)>0 -> FALSE | AC14: =AND(A14<>"",D14=0) -> TRUE | AD14: =COUNTIF(CategoryLists!$A:$A,A14)>0 -> FALSE
A15: ASS-BC-TB50 | B15: Blackcurrant Tea @50TB/Box | C15: BOX | D15: 2 | E15: 9 | F15: 12 | G15: 16 | H15: 12.3333 | I15: 0.1621 | J15: 4.8649 | K15: 9 | L15: 0.2222 | M15: 6.6666 | N15: 0 | O15: 0 | P15: 0 | Q15: 46248 | R15: 7 | T15: =COUNTIF(CategoryLists!$B:$B,A15)>0 -> FALSE | U15: =COUNTIF(CategoryLists!$C:$C,A15)>0 -> FALSE | V15: =COUNTIF(CategoryLists!$D:$D,A15)>0 -> FALSE | W15: =COUNTIF(CategoryLists!$E:$E,A15)>0 -> FALSE | X15: =COUNTIF(CategoryLists!$F:$F,A15)>0 -> FALSE | Y15: =COUNTIF(CategoryLists!$G:$G,A15)>0 -> FALSE | Z15: =LEFT(A15,3)="PMS" -> FALSE | AA15: =OR(LEFT(A15,3)="CKP",LEFT(A15,3)="PNL",COUNTIF(CategoryLists!$I:$I,A15)>0) -> FALSE | AB15: =COUNTIF(CategoryLists!$H:$H,A15)>0 -> FALSE | AC15: =AND(A15<>"",D15=0) -> FALSE | AD15: =COUNTIF(CategoryLists!$A:$A,A15)>0 -> FALSE
A16: ASS-BG-LP250 | B16: Ginger Blue Telang Tea @250gr/Pouch | C16: POU | D16: 0 | E16: 0 | F16: 0 | G16: 0 | H16: 0 | I16: 0 | J16: 0 | K16: 0 | L16: 0 | M16: 0 | N16: 0 | O16: 0 | P16: 0 | Q16: 44749 | R16: 1 | T16: =COUNTIF(CategoryLists!$B:$B,A16)>0 -> FALSE | U16: =COUNTIF(CategoryLists!$C:$C,A16)>0 -> FALSE | V16: =COUNTIF(CategoryLists!$D:$D,A16)>0 -> FALSE | W16: =COUNTIF(CategoryLists!$E:$E,A16)>0 -> FALSE | X16: =COUNTIF(CategoryLists!$F:$F,A16)>0 -> FALSE | Y16: =COUNTIF(CategoryLists!$G:$G,A16)>0 -> FALSE | Z16: =LEFT(A16,3)="PMS" -> FALSE | AA16: =OR(LEFT(A16,3)="CKP",LEFT(A16,3)="PNL",COUNTIF(CategoryLists!$I:$I,A16)>0) -> FALSE | AB16: =COUNTIF(CategoryLists!$H:$H,A16)>0 -> FALSE | AC16: =AND(A16<>"",D16=0) -> TRUE | AD16: =COUNTIF(CategoryLists!$A:$A,A16)>0 -> FALSE
A17: ASS-BO-LP250 | B17: Halimun Red (Organic)@250gr | C17: PACK | D17: 0 | E17: 0 | F17: 0 | G17: 0 | H17: 0 | I17: 0 | J17: 0 | K17: 0 | L17: 0 | M17: 0 | N17: 0 | O17: 0 | P17: 0 | T17: =COUNTIF(CategoryLists!$B:$B,A17)>0 -> FALSE | U17: =COUNTIF(CategoryLists!$C:$C,A17)>0 -> FALSE | V17: =COUNTIF(CategoryLists!$D:$D,A17)>0 -> FALSE | W17: =COUNTIF(CategoryLists!$E:$E,A17)>0 -> FALSE | X17: =COUNTIF(CategoryLists!$F:$F,A17)>0 -> FALSE | Y17: =COUNTIF(CategoryLists!$G:$G,A17)>0 -> FALSE | Z17: =LEFT(A17,3)="PMS" -> FALSE | AA17: =OR(LEFT(A17,3)="CKP",LEFT(A17,3)="PNL",COUNTIF(CategoryLists!$I:$I,A17)>0) -> FALSE | AB17: =COUNTIF(CategoryLists!$H:$H,A17)>0 -> FALSE | AC17: =AND(A17<>"",D17=0) -> TRUE | AD17: =COUNTIF(CategoryLists!$A:$A,A17)>0 -> FALSE
A18: ASS-BOP-L501 | B18: Golden Ring (BOP) @500gr | C18: PACK | D18: 0 | E18: 0 | F18: 0 | G18: 0 | H18: 0 | I18: 0 | J18: 0 | K18: 0 | L18: 0 | M18: 0 | N18: 0 | O18: 0 | P18: 0 | T18: =COUNTIF(CategoryLists!$B:$B,A18)>0 -> FALSE | U18: =COUNTIF(CategoryLists!$C:$C,A18)>0 -> FALSE | V18: =COUNTIF(CategoryLists!$D:$D,A18)>0 -> FALSE | W18: =COUNTIF(CategoryLists!$E:$E,A18)>0 -> FALSE | X18: =COUNTIF(CategoryLists!$F:$F,A18)>0 -> FALSE | Y18: =COUNTIF(CategoryLists!$G:$G,A18)>0 -> FALSE | Z18: =LEFT(A18,3)="PMS" -> FALSE | AA18: =OR(LEFT(A18,3)="CKP",LEFT(A18,3)="PNL",COUNTIF(CategoryLists!$I:$I,A18)>0) -> FALSE | AB18: =COUNTIF(CategoryLists!$H:$H,A18)>0 -> FALSE | AC18: =AND(A18<>"",D18=0) -> TRUE | AD18: =COUNTIF(CategoryLists!$A:$A,A18)>0 -> FALSE
A19: ASS-BT-100TB | B19: Black Tea @100TB/Box | C19: BOX | D19: 14 | E19: 12 | F19: 12 | G19: 0 | H19: 12 | I19: 1.1666 | J19: 35 | K19: 0 | L19: 0 | M19: 0 | N19: 0 | O19: 0 | P19: 0 | Q19: 46244 | R19: 11 | S19: 20 | T19: =COUNTIF(CategoryLists!$B:$B,A19)>0 -> FALSE | U19: =COUNTIF(CategoryLists!$C:$C,A19)>0 -> FALSE | V19: =COUNTIF(CategoryLists!$D:$D,A19)>0 -> FALSE | W19: =COUNTIF(CategoryLists!$E:$E,A19)>0 -> FALSE | X19: =COUNTIF(CategoryLists!$F:$F,A19)>0 -> FALSE | Y19: =COUNTIF(CategoryLists!$G:$G,A19)>0 -> FALSE | Z19: =LEFT(A19,3)="PMS" -> FALSE | AA19: =OR(LEFT(A19,3)="CKP",LEFT(A19,3)="PNL",COUNTIF(CategoryLists!$I:$I,A19)>0) -> FALSE | AB19: =COUNTIF(CategoryLists!$H:$H,A19)>0 -> FALSE | AC19: =AND(A19<>"",D19=0) -> FALSE | AD19: =COUNTIF(CategoryLists!$A:$A,A19)>0 -> FALSE
A20: ASS-BT-L1001 | B20: Bunaken Blue Tea @250g | C20: PACK | D20: 0 | E20: 0 | F20: 0 | G20: 0 | H20: 0 | I20: 0 | J20: 0 | K20: 0 | L20: 0 | M20: 0 | N20: 0 | O20: 0 | P20: 0 | Q20: 45014 | R20: 5 | T20: =COUNTIF(CategoryLists!$B:$B,A20)>0 -> FALSE | U20: =COUNTIF(CategoryLists!$C:$C,A20)>0 -> FALSE | V20: =COUNTIF(CategoryLists!$D:$D,A20)>0 -> FALSE | W20: =COUNTIF(CategoryLists!$E:$E,A20)>0 -> FALSE | X20: =COUNTIF(CategoryLists!$F:$F,A20)>0 -> FALSE | Y20: =COUNTIF(CategoryLists!$G:$G,A20)>0 -> FALSE | Z20: =LEFT(A20,3)="PMS" -> FALSE | AA20: =OR(LEFT(A20,3)="CKP",LEFT(A20,3)="PNL",COUNTIF(CategoryLists!$I:$I,A20)>0) -> FALSE | AB20: =COUNTIF(CategoryLists!$H:$H,A20)>0 -> FALSE | AC20: =AND(A20<>"",D20=0) -> TRUE | AD20: =COUNTIF(CategoryLists!$A:$A,A20)>0 -> FALSE
A21: ASS-BT-TC30 | B21: Bunaken Blue Tea@30g/Tincan | C21: TIN | D21: 0 | E21: 0 | F21: 0 | G21: 0 | H21: 0 | I21: 0 | J21: 0 | K21: 0 | L21: 0 | M21: 0 | N21: 0 | O21: 0 | P21: 0 | T21: =COUNTIF(CategoryLists!$B:$B,A21)>0 -> FALSE | U21: =COUNTIF(CategoryLists!$C:$C,A21)>0 -> FALSE | V21: =COUNTIF(CategoryLists!$D:$D,A21)>0 -> FALSE | W21: =COUNTIF(CategoryLists!$E:$E,A21)>0 -> FALSE | X21: =COUNTIF(CategoryLists!$F:$F,A21)>0 -> FALSE | Y21: =COUNTIF(CategoryLists!$G:$G,A21)>0 -> FALSE | Z21: =LEFT(A21,3)="PMS" -> FALSE | AA21: =OR(LEFT(A21,3)="CKP",LEFT(A21,3)="PNL",COUNTIF(CategoryLists!$I:$I,A21)>0) -> FALSE | AB21: =COUNTIF(CategoryLists!$H:$H,A21)>0 -> FALSE | AC21: =AND(A21<>"",D21=0) -> TRUE | AD21: =COUNTIF(CategoryLists!$A:$A,A21)>0 -> FALSE
A22: ASS-BT-TP15 | B22: Bunaken Blue Tea@10PBx1.5g/Tincan | C22: TIN | D22: 0 | E22: 0 | F22: 0 | G22: 0 | H22: 0 | I22: 0 | J22: 0 | K22: 0 | L22: 0 | M22: 0 | N22: 0 | O22: 0 | P22: 0 | T22: =COUNTIF(CategoryLists!$B:$B,A22)>0 -> FALSE | U22: =COUNTIF(CategoryLists!$C:$C,A22)>0 -> FALSE | V22: =COUNTIF(CategoryLists!$D:$D,A22)>0 -> FALSE | W22: =COUNTIF(CategoryLists!$E:$E,A22)>0 -> FALSE | X22: =COUNTIF(CategoryLists!$F:$F,A22)>0 -> FALSE | Y22: =COUNTIF(CategoryLists!$G:$G,A22)>0 -> FALSE | Z22: =LEFT(A22,3)="PMS" -> FALSE | AA22: =OR(LEFT(A22,3)="CKP",LEFT(A22,3)="PNL",COUNTIF(CategoryLists!$I:$I,A22)>0) -> FALSE | AB22: =COUNTIF(CategoryLists!$H:$H,A22)>0 -> FALSE | AC22: =AND(A22<>"",D22=0) -> TRUE | AD22: =COUNTIF(CategoryLists!$A:$A,A22)>0 -> FALSE
A23: ASS-CBT | B23: Classic Black Tea @50TB/Box | C23: BOX | D23: 11 | E23: 3 | F23: 2 | G23: 3 | H23: 2.6666 | I23: 4.1251 | J23: 123.8738 | K23: 0 | L23: 0 | M23: 0 | N23: 0 | O23: 0 | P23: 0 | Q23: 46248 | R23: 7 | S23: 4 | T23: =COUNTIF(CategoryLists!$B:$B,A23)>0 -> FALSE | U23: =COUNTIF(CategoryLists!$C:$C,A23)>0 -> FALSE | V23: =COUNTIF(CategoryLists!$D:$D,A23)>0 -> FALSE | W23: =COUNTIF(CategoryLists!$E:$E,A23)>0 -> FALSE | X23: =COUNTIF(CategoryLists!$F:$F,A23)>0 -> FALSE | Y23: =COUNTIF(CategoryLists!$G:$G,A23)>0 -> FALSE | Z23: =LEFT(A23,3)="PMS" -> FALSE | AA23: =OR(LEFT(A23,3)="CKP",LEFT(A23,3)="PNL",COUNTIF(CategoryLists!$I:$I,A23)>0) -> FALSE | AB23: =COUNTIF(CategoryLists!$H:$H,A23)>0 -> FALSE | AC23: =AND(A23<>"",D23=0) -> FALSE | AD23: =COUNTIF(CategoryLists!$A:$A,A23)>0 -> FALSE
A24: ASS-CBT10 | B24: Classic Black Tea@10TB/Box | C24: BOX | D24: 0 | E24: 0 | F24: 0 | G24: 0 | H24: 0 | I24: 0 | J24: 0 | K24: 0 | L24: 0 | M24: 0 | N24: 0 | O24: 0 | P24: 0 | T24: =COUNTIF(CategoryLists!$B:$B,A24)>0 -> FALSE | U24: =COUNTIF(CategoryLists!$C:$C,A24)>0 -> FALSE | V24: =COUNTIF(CategoryLists!$D:$D,A24)>0 -> FALSE | W24: =COUNTIF(CategoryLists!$E:$E,A24)>0 -> FALSE | X24: =COUNTIF(CategoryLists!$F:$F,A24)>0 -> FALSE | Y24: =COUNTIF(CategoryLists!$G:$G,A24)>0 -> FALSE | Z24: =LEFT(A24,3)="PMS" -> FALSE | AA24: =OR(LEFT(A24,3)="CKP",LEFT(A24,3)="PNL",COUNTIF(CategoryLists!$I:$I,A24)>0) -> FALSE | AB24: =COUNTIF(CategoryLists!$H:$H,A24)>0 -> FALSE | AC24: =AND(A24<>"",D24=0) -> TRUE | AD24: =COUNTIF(CategoryLists!$A:$A,A24)>0 -> FALSE
A25: ASS-CH-L250 | B25: Chamomile Dream @250gr | C25: PACK | D25: 7 | E25: 7 | F25: 7 | G25: 7 | H25: 7 | I25: 1 | J25: 30.0042 | K25: 14 | L25: 0.5 | M25: 15.0021 | N25: 0 | O25: 0 | P25: 0 | Q25: 46266 | R25: 4 | T25: =COUNTIF(CategoryLists!$B:$B,A25)>0 -> FALSE | U25: =COUNTIF(CategoryLists!$C:$C,A25)>0 -> FALSE | V25: =COUNTIF(CategoryLists!$D:$D,A25)>0 -> FALSE | W25: =COUNTIF(CategoryLists!$E:$E,A25)>0 -> FALSE | X25: =COUNTIF(CategoryLists!$F:$F,A25)>0 -> FALSE | Y25: =COUNTIF(CategoryLists!$G:$G,A25)>0 -> FALSE | Z25: =LEFT(A25,3)="PMS" -> FALSE | AA25: =OR(LEFT(A25,3)="CKP",LEFT(A25,3)="PNL",COUNTIF(CategoryLists!$I:$I,A25)>0) -> FALSE | AB25: =COUNTIF(CategoryLists!$H:$H,A25)>0 -> FALSE | AC25: =AND(A25<>"",D25=0) -> FALSE | AD25: =COUNTIF(CategoryLists!$A:$A,A25)>0 -> FALSE
A26: ASS-CH-LPPO | B26: Chamomile Dream @50Pbx3g | C26: POU | D26: 0 | E26: 0 | F26: 0 | G26: 0 | H26: 0 | I26: 0 | J26: 0 | K26: 0 | L26: 0 | M26: 0 | N26: 0 | O26: 0 | P26: 0 | T26: =COUNTIF(CategoryLists!$B:$B,A26)>0 -> FALSE | U26: =COUNTIF(CategoryLists!$C:$C,A26)>0 -> FALSE | V26: =COUNTIF(CategoryLists!$D:$D,A26)>0 -> FALSE | W26: =COUNTIF(CategoryLists!$E:$E,A26)>0 -> FALSE | X26: =COUNTIF(CategoryLists!$F:$F,A26)>0 -> FALSE | Y26: =COUNTIF(CategoryLists!$G:$G,A26)>0 -> FALSE | Z26: =LEFT(A26,3)="PMS" -> FALSE | AA26: =OR(LEFT(A26,3)="CKP",LEFT(A26,3)="PNL",COUNTIF(CategoryLists!$I:$I,A26)>0) -> FALSE | AB26: =COUNTIF(CategoryLists!$H:$H,A26)>0 -> FALSE | AC26: =AND(A26<>"",D26=0) -> TRUE | AD26: =COUNTIF(CategoryLists!$A:$A,A26)>0 -> FALSE
A27: ASS-CH-TB25 | B27: Chamomile Dream @25Tb/Tincan - Grand Hyatt | C27: TIN | D27: 0 | E27: 0 | F27: 0 | G27: 0 | H27: 0 | I27: 0 | J27: 0 | K27: 0 | L27: 0 | M27: 0 | N27: 0 | O27: 0 | P27: 0 | Q27: 44741 | R27: 18 | S27: 10 | T27: =COUNTIF(CategoryLists!$B:$B,A27)>0 -> FALSE | U27: =COUNTIF(CategoryLists!$C:$C,A27)>0 -> FALSE | V27: =COUNTIF(CategoryLists!$D:$D,A27)>0 -> FALSE | W27: =COUNTIF(CategoryLists!$E:$E,A27)>0 -> FALSE | X27: =COUNTIF(CategoryLists!$F:$F,A27)>0 -> FALSE | Y27: =COUNTIF(CategoryLists!$G:$G,A27)>0 -> FALSE | Z27: =LEFT(A27,3)="PMS" -> FALSE | AA27: =OR(LEFT(A27,3)="CKP",LEFT(A27,3)="PNL",COUNTIF(CategoryLists!$I:$I,A27)>0) -> FALSE | AB27: =COUNTIF(CategoryLists!$H:$H,A27)>0 -> FALSE | AC27: =AND(A27<>"",D27=0) -> TRUE | AD27: =COUNTIF(CategoryLists!$A:$A,A27)>0 -> FALSE
A28: ASS-CH-TB50 | B28: Chamomile Dream @50Tb/Box | C28: BOX | D28: 144 | E28: 151 | F28: 256 | G28: 110 | H28: 172.3333 | I28: 0.8355 | J28: 25.0678 | K28: 162 | L28: 0.8888 | M28: 26.6666 | N28: 14 | O28: 0.685 | P28: 20.5714 | Q28: 46248 | R28: 25 | T28: =COUNTIF(CategoryLists!$B:$B,A28)>0 -> FALSE | U28: =COUNTIF(CategoryLists!$C:$C,A28)>0 -> FALSE | V28: =COUNTIF(CategoryLists!$D:$D,A28)>0 -> FALSE | W28: =COUNTIF(CategoryLists!$E:$E,A28)>0 -> FALSE | X28: =COUNTIF(CategoryLists!$F:$F,A28)>0 -> FALSE | Y28: =COUNTIF(CategoryLists!$G:$G,A28)>0 -> FALSE | Z28: =LEFT(A28,3)="PMS" -> FALSE | AA28: =OR(LEFT(A28,3)="CKP",LEFT(A28,3)="PNL",COUNTIF(CategoryLists!$I:$I,A28)>0) -> FALSE | AB28: =COUNTIF(CategoryLists!$H:$H,A28)>0 -> FALSE | AC28: =AND(A28<>"",D28=0) -> FALSE | AD28: =COUNTIF(CategoryLists!$A:$A,A28)>0 -> FALSE
A29: ASS-CH-TP15 | B29: Chamomile Dream@10PBx1.5g/Tincan | C29: TIN | D29: 0 | E29: 0 | F29: 0 | G29: 0 | H29: 0 | I29: 0 | J29: 0 | K29: 0 | L29: 0 | M29: 0 | N29: 0 | O29: 0 | P29: 0 | T29: =COUNTIF(CategoryLists!$B:$B,A29)>0 -> FALSE | U29: =COUNTIF(CategoryLists!$C:$C,A29)>0 -> FALSE | V29: =COUNTIF(CategoryLists!$D:$D,A29)>0 -> FALSE | W29: =COUNTIF(CategoryLists!$E:$E,A29)>0 -> FALSE | X29: =COUNTIF(CategoryLists!$F:$F,A29)>0 -> FALSE | Y29: =COUNTIF(CategoryLists!$G:$G,A29)>0 -> FALSE | Z29: =LEFT(A29,3)="PMS" -> FALSE | AA29: =OR(LEFT(A29,3)="CKP",LEFT(A29,3)="PNL",COUNTIF(CategoryLists!$I:$I,A29)>0) -> FALSE | AB29: =COUNTIF(CategoryLists!$H:$H,A29)>0 -> FALSE | AC29: =AND(A29<>"",D29=0) -> TRUE | AD29: =COUNTIF(CategoryLists!$A:$A,A29)>0 -> FALSE
A30: ASS-CHTB10 | B30: Chamomile Dream @10Tb/Box | C30: BOX | D30: 16 | E30: 36 | F30: 37 | G30: 12 | H30: 28.3333 | I30: 0.5647 | J30: 16.9419 | K30: 30 | L30: 0.5333 | M30: 16 | N30: 25 | O30: 0.0426 | P30: 1.28 | Q30: 46266 | R30: 15 | S30: 356 | T30: =COUNTIF(CategoryLists!$B:$B,A30)>0 -> FALSE | U30: =COUNTIF(CategoryLists!$C:$C,A30)>0 -> FALSE | V30: =COUNTIF(CategoryLists!$D:$D,A30)>0 -> FALSE | W30: =COUNTIF(CategoryLists!$E:$E,A30)>0 -> FALSE | X30: =COUNTIF(CategoryLists!$F:$F,A30)>0 -> FALSE | Y30: =COUNTIF(CategoryLists!$G:$G,A30)>0 -> FALSE | Z30: =LEFT(A30,3)="PMS" -> FALSE | AA30: =OR(LEFT(A30,3)="CKP",LEFT(A30,3)="PNL",COUNTIF(CategoryLists!$I:$I,A30)>0) -> FALSE | AB30: =COUNTIF(CategoryLists!$H:$H,A30)>0 -> FALSE | AC30: =AND(A30<>"",D30=0) -> FALSE | AD30: =COUNTIF(CategoryLists!$A:$A,A30)>0 -> FALSE
A31: ASS-CM-LP250 | B31: Chamomile @250gr/Pouch | C31: POU | D31: 0 | E31: 0 | F31: 0 | G31: 0 | H31: 0 | I31: 0 | J31: 0 | K31: 0 | L31: 0 | M31: 0 | N31: 0 | O31: 0 | P31: 0 | Q31: 45306 | R31: 10 | T31: =COUNTIF(CategoryLists!$B:$B,A31)>0 -> FALSE | U31: =COUNTIF(CategoryLists!$C:$C,A31)>0 -> FALSE | V31: =COUNTIF(CategoryLists!$D:$D,A31)>0 -> FALSE | W31: =COUNTIF(CategoryLists!$E:$E,A31)>0 -> FALSE | X31: =COUNTIF(CategoryLists!$F:$F,A31)>0 -> FALSE | Y31: =COUNTIF(CategoryLists!$G:$G,A31)>0 -> FALSE | Z31: =LEFT(A31,3)="PMS" -> FALSE | AA31: =OR(LEFT(A31,3)="CKP",LEFT(A31,3)="PNL",COUNTIF(CategoryLists!$I:$I,A31)>0) -> FALSE | AB31: =COUNTIF(CategoryLists!$H:$H,A31)>0 -> FALSE | AC31: =AND(A31<>"",D31=0) -> TRUE | AD31: =COUNTIF(CategoryLists!$A:$A,A31)>0 -> FALSE
A32: ASS-EB-LP250 | B32: English Breakfast @250gr/Pouch | C32: POU | D32: 38 | E32: 63 | F32: 69 | G32: 58 | H32: 63.3333 | I32: 0.6 | J32: 18 | K32: 48 | L32: 0.7916 | M32: 23.75 | N32: 7 | O32: 0.3615 | P32: 10.8571 | Q32: 46266 | R32: 20 | S32: 2 | T32: =COUNTIF(CategoryLists!$B:$B,A32)>0 -> FALSE | U32: =COUNTIF(CategoryLists!$C:$C,A32)>0 -> FALSE | V32: =COUNTIF(CategoryLists!$D:$D,A32)>0 -> FALSE | W32: =COUNTIF(CategoryLists!$E:$E,A32)>0 -> FALSE | X32: =COUNTIF(CategoryLists!$F:$F,A32)>0 -> FALSE | Y32: =COUNTIF(CategoryLists!$G:$G,A32)>0 -> FALSE | Z32: =LEFT(A32,3)="PMS" -> FALSE | AA32: =OR(LEFT(A32,3)="CKP",LEFT(A32,3)="PNL",COUNTIF(CategoryLists!$I:$I,A32)>0) -> FALSE | AB32: =COUNTIF(CategoryLists!$H:$H,A32)>0 -> FALSE | AC32: =AND(A32<>"",D32=0) -> FALSE | AD32: =COUNTIF(CategoryLists!$A:$A,A32)>0 -> FALSE
A33: ASS-EBT | B33: English Breakfast@50TB/Box | C33: BOX | D33: 155 | E33: 392 | F33: 475 | G33: 506 | H33: 457.6666 | I33: 0.3386 | J33: 10.1602 | K33: 422 | L33: 0.3672 | M33: 11.019 | N33: 25 | O33: 0.4129 | P33: 12.4 | Q33: 46266 | R33: 30 | S33: 76 | T33: =COUNTIF(CategoryLists!$B:$B,A33)>0 -> FALSE | U33: =COUNTIF(CategoryLists!$C:$C,A33)>0 -> FALSE | V33: =COUNTIF(CategoryLists!$D:$D,A33)>0 -> FALSE | W33: =COUNTIF(CategoryLists!$E:$E,A33)>0 -> FALSE | X33: =COUNTIF(CategoryLists!$F:$F,A33)>0 -> FALSE | Y33: =COUNTIF(CategoryLists!$G:$G,A33)>0 -> FALSE | Z33: =LEFT(A33,3)="PMS" -> FALSE | AA33: =OR(LEFT(A33,3)="CKP",LEFT(A33,3)="PNL",COUNTIF(CategoryLists!$I:$I,A33)>0) -> FALSE | AB33: =COUNTIF(CategoryLists!$H:$H,A33)>0 -> FALSE | AC33: =AND(A33<>"",D33=0) -> FALSE | AD33: =COUNTIF(CategoryLists!$A:$A,A33)>0 -> FALSE
A34: ASS-EBT-20 | B34: English Breakfast@20tb/box | C34: BOX | D34: 15 | E34: 0 | F34: 0 | G34: 0 | H34: 0 | I34: 0 | J34: 0 | K34: 0 | L34: 0 | M34: 0 | N34: 0 | O34: 0 | P34: 0 | Q34: 46190 | R34: 15 | S34: 20 | T34: =COUNTIF(CategoryLists!$B:$B,A34)>0 -> FALSE | U34: =COUNTIF(CategoryLists!$C:$C,A34)>0 -> FALSE | V34: =COUNTIF(CategoryLists!$D:$D,A34)>0 -> FALSE | W34: =COUNTIF(CategoryLists!$E:$E,A34)>0 -> FALSE | X34: =COUNTIF(CategoryLists!$F:$F,A34)>0 -> FALSE | Y34: =COUNTIF(CategoryLists!$G:$G,A34)>0 -> FALSE | Z34: =LEFT(A34,3)="PMS" -> FALSE | AA34: =OR(LEFT(A34,3)="CKP",LEFT(A34,3)="PNL",COUNTIF(CategoryLists!$I:$I,A34)>0) -> FALSE | AB34: =COUNTIF(CategoryLists!$H:$H,A34)>0 -> FALSE | AC34: =AND(A34<>"",D34=0) -> FALSE | AD34: =COUNTIF(CategoryLists!$A:$A,A34)>0 -> FALSE
A35: ASS-EBT-G | B35: English Breakfast@50TB/Box - Grand Hyatt | C35: BOX | D35: 0 | E35: 0 | F35: 0 | G35: 0 | H35: 0 | I35: 0 | J35: 0 | K35: 0 | L35: 0 | M35: 0 | N35: 0 | O35: 0 | P35: 0 | Q35: 45482 | R35: 100 | S35: 400 | T35: =COUNTIF(CategoryLists!$B:$B,A35)>0 -> FALSE | U35: =COUNTIF(CategoryLists!$C:$C,A35)>0 -> FALSE | V35: =COUNTIF(CategoryLists!$D:$D,A35)>0 -> FALSE | W35: =COUNTIF(CategoryLists!$E:$E,A35)>0 -> FALSE | X35: =COUNTIF(CategoryLists!$F:$F,A35)>0 -> FALSE | Y35: =COUNTIF(CategoryLists!$G:$G,A35)>0 -> FALSE | Z35: =LEFT(A35,3)="PMS" -> FALSE | AA35: =OR(LEFT(A35,3)="CKP",LEFT(A35,3)="PNL",COUNTIF(CategoryLists!$I:$I,A35)>0) -> FALSE | AB35: =COUNTIF(CategoryLists!$H:$H,A35)>0 -> FALSE | AC35: =AND(A35<>"",D35=0) -> TRUE | AD35: =COUNTIF(CategoryLists!$A:$A,A35)>0 -> FALSE
A36: ASS-EBT10 | B36: English Breakfast @10TB/Box | C36: BOX | D36: 0 | E36: 0 | F36: 0 | G36: 0 | H36: 0 | I36: 0 | J36: 0 | K36: 0 | L36: 0 | M36: 0 | N36: 0 | O36: 0 | P36: 0 | T36: =COUNTIF(CategoryLists!$B:$B,A36)>0 -> FALSE | U36: =COUNTIF(CategoryLists!$C:$C,A36)>0 -> FALSE | V36: =COUNTIF(CategoryLists!$D:$D,A36)>0 -> FALSE | W36: =COUNTIF(CategoryLists!$E:$E,A36)>0 -> FALSE | X36: =COUNTIF(CategoryLists!$F:$F,A36)>0 -> FALSE | Y36: =COUNTIF(CategoryLists!$G:$G,A36)>0 -> FALSE | Z36: =LEFT(A36,3)="PMS" -> FALSE | AA36: =OR(LEFT(A36,3)="CKP",LEFT(A36,3)="PNL",COUNTIF(CategoryLists!$I:$I,A36)>0) -> FALSE | AB36: =COUNTIF(CategoryLists!$H:$H,A36)>0 -> FALSE | AC36: =AND(A36<>"",D36=0) -> TRUE | AD36: =COUNTIF(CategoryLists!$A:$A,A36)>0 -> FALSE
A37: ASS-EG-10 | B37: Earl Grey @10TB/Box | C37: BOX | D37: 7 | E37: 0 | F37: 13 | G37: 6 | H37: 9.5 | I37: 0.7368 | J37: 22.1099 | K37: 0 | L37: 0 | M37: 0 | N37: 8 | O37: 0.0582 | P37: 1.75 | Q37: 46266 | R37: 6 | S37: 195 | T37: =COUNTIF(CategoryLists!$B:$B,A37)>0 -> FALSE | U37: =COUNTIF(CategoryLists!$C:$C,A37)>0 -> FALSE | V37: =COUNTIF(CategoryLists!$D:$D,A37)>0 -> FALSE | W37: =COUNTIF(CategoryLists!$E:$E,A37)>0 -> FALSE | X37: =COUNTIF(CategoryLists!$F:$F,A37)>0 -> FALSE | Y37: =COUNTIF(CategoryLists!$G:$G,A37)>0 -> FALSE | Z37: =LEFT(A37,3)="PMS" -> FALSE | AA37: =OR(LEFT(A37,3)="CKP",LEFT(A37,3)="PNL",COUNTIF(CategoryLists!$I:$I,A37)>0) -> FALSE | AB37: =COUNTIF(CategoryLists!$H:$H,A37)>0 -> FALSE | AC37: =AND(A37<>"",D37=0) -> FALSE | AD37: =COUNTIF(CategoryLists!$A:$A,A37)>0 -> FALSE
A38: ASS-EG-LP250 | B38: Earl Grey @250gr | C38: PACK | D38: 6 | E38: 7 | F38: 12 | G38: 13 | H38: 10.6666 | I38: 0.5625 | J38: 16.8776 | K38: 16 | L38: 0.375 | M38: 11.2507 | N38: 2 | O38: 0.1998 | P38: 6 | Q38: 46266 | R38: 5 | S38: 10 | T38: =COUNTIF(CategoryLists!$B:$B,A38)>0 -> FALSE | U38: =COUNTIF(CategoryLists!$C:$C,A38)>0 -> FALSE | V38: =COUNTIF(CategoryLists!$D:$D,A38)>0 -> FALSE | W38: =COUNTIF(CategoryLists!$E:$E,A38)>0 -> FALSE | X38: =COUNTIF(CategoryLists!$F:$F,A38)>0 -> FALSE | Y38: =COUNTIF(CategoryLists!$G:$G,A38)>0 -> FALSE | Z38: =LEFT(A38,3)="PMS" -> FALSE | AA38: =OR(LEFT(A38,3)="CKP",LEFT(A38,3)="PNL",COUNTIF(CategoryLists!$I:$I,A38)>0) -> FALSE | AB38: =COUNTIF(CategoryLists!$H:$H,A38)>0 -> FALSE | AC38: =AND(A38<>"",D38=0) -> FALSE | AD38: =COUNTIF(CategoryLists!$A:$A,A38)>0 -> FALSE
A39: ASS-EG-LPP50 | B39: Earl Greay @50Pbx3g | C39: POU | D39: 0 | E39: 0 | F39: 0 | G39: 0 | H39: 0 | I39: 0 | J39: 0 | K39: 0 | L39: 0 | M39: 0 | N39: 0 | O39: 0 | P39: 0 | T39: =COUNTIF(CategoryLists!$B:$B,A39)>0 -> FALSE | U39: =COUNTIF(CategoryLists!$C:$C,A39)>0 -> FALSE | V39: =COUNTIF(CategoryLists!$D:$D,A39)>0 -> FALSE | W39: =COUNTIF(CategoryLists!$E:$E,A39)>0 -> FALSE | X39: =COUNTIF(CategoryLists!$F:$F,A39)>0 -> FALSE | Y39: =COUNTIF(CategoryLists!$G:$G,A39)>0 -> FALSE | Z39: =LEFT(A39,3)="PMS" -> FALSE | AA39: =OR(LEFT(A39,3)="CKP",LEFT(A39,3)="PNL",COUNTIF(CategoryLists!$I:$I,A39)>0) -> FALSE | AB39: =COUNTIF(CategoryLists!$H:$H,A39)>0 -> FALSE | AC39: =AND(A39<>"",D39=0) -> TRUE | AD39: =COUNTIF(CategoryLists!$A:$A,A39)>0 -> FALSE
A40: ASS-EG-TC60 | B40: Earl Grey @60g/Tincan | C40: TIN | D40: 0 | E40: 0 | F40: 0 | G40: 0 | H40: 0 | I40: 0 | J40: 0 | K40: 0 | L40: 0 | M40: 0 | N40: 0 | O40: 0 | P40: 0 | T40: =COUNTIF(CategoryLists!$B:$B,A40)>0 -> FALSE | U40: =COUNTIF(CategoryLists!$C:$C,A40)>0 -> FALSE | V40: =COUNTIF(CategoryLists!$D:$D,A40)>0 -> FALSE | W40: =COUNTIF(CategoryLists!$E:$E,A40)>0 -> FALSE | X40: =COUNTIF(CategoryLists!$F:$F,A40)>0 -> FALSE | Y40: =COUNTIF(CategoryLists!$G:$G,A40)>0 -> FALSE | Z40: =LEFT(A40,3)="PMS" -> FALSE | AA40: =OR(LEFT(A40,3)="CKP",LEFT(A40,3)="PNL",COUNTIF(CategoryLists!$I:$I,A40)>0) -> FALSE | AB40: =COUNTIF(CategoryLists!$H:$H,A40)>0 -> FALSE | AC40: =AND(A40<>"",D40=0) -> TRUE | AD40: =COUNTIF(CategoryLists!$A:$A,A40)>0 -> FALSE
A41: ASS-EGT | B41: Earl Grey @50TB/Box | C41: BOX | D41: 4 | E41: 26 | F41: 35 | G41: 40 | H41: 33.6666 | I41: 0.1188 | J41: 3.5644 | K41: 37 | L41: 0.1081 | M41: 3.2433 | N41: 8 | O41: 0.0333 | P41: 1 | Q41: 46266 | R41: 10 | S41: 115 | T41: =COUNTIF(CategoryLists!$B:$B,A41)>0 -> FALSE | U41: =COUNTIF(CategoryLists!$C:$C,A41)>0 -> FALSE | V41: =COUNTIF(CategoryLists!$D:$D,A41)>0 -> FALSE | W41: =COUNTIF(CategoryLists!$E:$E,A41)>0 -> FALSE | X41: =COUNTIF(CategoryLists!$F:$F,A41)>0 -> FALSE | Y41: =COUNTIF(CategoryLists!$G:$G,A41)>0 -> FALSE | Z41: =LEFT(A41,3)="PMS" -> FALSE | AA41: =OR(LEFT(A41,3)="CKP",LEFT(A41,3)="PNL",COUNTIF(CategoryLists!$I:$I,A41)>0) -> FALSE | AB41: =COUNTIF(CategoryLists!$H:$H,A41)>0 -> FALSE | AC41: =AND(A41<>"",D41=0) -> FALSE | AD41: =COUNTIF(CategoryLists!$A:$A,A41)>0 -> FALSE
A42: ASS-ES-MP50 | B42: Exotic Especia @50PB x 3gr | C42: PACK | D42: 0 | E42: 0 | F42: 0 | G42: 0 | H42: 0 | I42: 0 | J42: 0 | K42: 0 | L42: 0 | M42: 0 | N42: 0 | O42: 0 | P42: 0 | T42: =COUNTIF(CategoryLists!$B:$B,A42)>0 -> FALSE | U42: =COUNTIF(CategoryLists!$C:$C,A42)>0 -> FALSE | V42: =COUNTIF(CategoryLists!$D:$D,A42)>0 -> FALSE | W42: =COUNTIF(CategoryLists!$E:$E,A42)>0 -> FALSE | X42: =COUNTIF(CategoryLists!$F:$F,A42)>0 -> FALSE | Y42: =COUNTIF(CategoryLists!$G:$G,A42)>0 -> FALSE | Z42: =LEFT(A42,3)="PMS" -> FALSE | AA42: =OR(LEFT(A42,3)="CKP",LEFT(A42,3)="PNL",COUNTIF(CategoryLists!$I:$I,A42)>0) -> FALSE | AB42: =COUNTIF(CategoryLists!$H:$H,A42)>0 -> FALSE | AC42: =AND(A42<>"",D42=0) -> TRUE | AD42: =COUNTIF(CategoryLists!$A:$A,A42)>0 -> FALSE
A43: ASS-ES-TB20 | B43: Exotic Especia @20TB/Box | C43: BOX | D43: 7 | E43: 6 | F43: 0 | G43: 3 | H43: 4.5 | I43: 1.5555 | J43: 46.6666 | K43: 6 | L43: 1.1666 | M43: 35 | N43: 0 | O43: 0 | P43: 0 | Q43: 46248 | R43: 3 | S43: 6 | T43: =COUNTIF(CategoryLists!$B:$B,A43)>0 -> FALSE | U43: =COUNTIF(CategoryLists!$C:$C,A43)>0 -> FALSE | V43: =COUNTIF(CategoryLists!$D:$D,A43)>0 -> FALSE | W43: =COUNTIF(CategoryLists!$E:$E,A43)>0 -> FALSE | X43: =COUNTIF(CategoryLists!$F:$F,A43)>0 -> FALSE | Y43: =COUNTIF(CategoryLists!$G:$G,A43)>0 -> FALSE | Z43: =LEFT(A43,3)="PMS" -> FALSE | AA43: =OR(LEFT(A43,3)="CKP",LEFT(A43,3)="PNL",COUNTIF(CategoryLists!$I:$I,A43)>0) -> FALSE | AB43: =COUNTIF(CategoryLists!$H:$H,A43)>0 -> FALSE | AC43: =AND(A43<>"",D43=0) -> FALSE | AD43: =COUNTIF(CategoryLists!$A:$A,A43)>0 -> FALSE
A44: ASS-ES-TB25 | B44: Exotic Especia @25Tb/Tincan - Grand Hyatt | C44: TIN | D44: 0 | E44: 0 | F44: 0 | G44: 0 | H44: 0 | I44: 0 | J44: 0 | K44: 0 | L44: 0 | M44: 0 | N44: 0 | O44: 0 | P44: 0 | Q44: 44676 | R44: 10 | T44: =COUNTIF(CategoryLists!$B:$B,A44)>0 -> FALSE | U44: =COUNTIF(CategoryLists!$C:$C,A44)>0 -> FALSE | V44: =COUNTIF(CategoryLists!$D:$D,A44)>0 -> FALSE | W44: =COUNTIF(CategoryLists!$E:$E,A44)>0 -> FALSE | X44: =COUNTIF(CategoryLists!$F:$F,A44)>0 -> FALSE | Y44: =COUNTIF(CategoryLists!$G:$G,A44)>0 -> FALSE | Z44: =LEFT(A44,3)="PMS" -> FALSE | AA44: =OR(LEFT(A44,3)="CKP",LEFT(A44,3)="PNL",COUNTIF(CategoryLists!$I:$I,A44)>0) -> FALSE | AB44: =COUNTIF(CategoryLists!$H:$H,A44)>0 -> FALSE | AC44: =AND(A44<>"",D44=0) -> TRUE | AD44: =COUNTIF(CategoryLists!$A:$A,A44)>0 -> FALSE
A45: ASS-ES-TC60 | B45: Exotic Especia @60g/Tincan | C45: TIN | D45: 0 | E45: 0 | F45: 0 | G45: 0 | H45: 0 | I45: 0 | J45: 0 | K45: 0 | L45: 0 | M45: 0 | N45: 0 | O45: 0 | P45: 0 | T45: =COUNTIF(CategoryLists!$B:$B,A45)>0 -> FALSE | U45: =COUNTIF(CategoryLists!$C:$C,A45)>0 -> FALSE | V45: =COUNTIF(CategoryLists!$D:$D,A45)>0 -> FALSE | W45: =COUNTIF(CategoryLists!$E:$E,A45)>0 -> FALSE | X45: =COUNTIF(CategoryLists!$F:$F,A45)>0 -> FALSE | Y45: =COUNTIF(CategoryLists!$G:$G,A45)>0 -> FALSE | Z45: =LEFT(A45,3)="PMS" -> FALSE | AA45: =OR(LEFT(A45,3)="CKP",LEFT(A45,3)="PNL",COUNTIF(CategoryLists!$I:$I,A45)>0) -> FALSE | AB45: =COUNTIF(CategoryLists!$H:$H,A45)>0 -> FALSE | AC45: =AND(A45<>"",D45=0) -> TRUE | AD45: =COUNTIF(CategoryLists!$A:$A,A45)>0 -> FALSE
A46: ASS-ESP | B46: Exotic Especia@50TB/Box | C46: BOX | D46: 15 | E46: 3 | F46: 16 | G46: 4 | H46: 7.6666 | I46: 1.9565 | J46: 58.7084 | K46: 5 | L46: 3 | M46: 90.036 | N46: 0 | O46: 0 | P46: 0 | Q46: 46248 | R46: 8 | S46: 3 | T46: =COUNTIF(CategoryLists!$B:$B,A46)>0 -> FALSE | U46: =COUNTIF(CategoryLists!$C:$C,A46)>0 -> FALSE | V46: =COUNTIF(CategoryLists!$D:$D,A46)>0 -> FALSE | W46: =COUNTIF(CategoryLists!$E:$E,A46)>0 -> FALSE | X46: =COUNTIF(CategoryLists!$F:$F,A46)>0 -> FALSE | Y46: =COUNTIF(CategoryLists!$G:$G,A46)>0 -> FALSE | Z46: =LEFT(A46,3)="PMS" -> FALSE | AA46: =OR(LEFT(A46,3)="CKP",LEFT(A46,3)="PNL",COUNTIF(CategoryLists!$I:$I,A46)>0) -> FALSE | AB46: =COUNTIF(CategoryLists!$H:$H,A46)>0 -> FALSE | AC46: =AND(A46<>"",D46=0) -> FALSE | AD46: =COUNTIF(CategoryLists!$A:$A,A46)>0 -> FALSE
A47: ASS-ESP-M10 | B47: Exotic Especia@10TB/Box | C47: BOX | D47: 0 | E47: 0 | F47: 0 | G47: 0 | H47: 0 | I47: 0 | J47: 0 | K47: 0 | L47: 0 | M47: 0 | N47: 0 | O47: 0 | P47: 0 | T47: =COUNTIF(CategoryLists!$B:$B,A47)>0 -> FALSE | U47: =COUNTIF(CategoryLists!$C:$C,A47)>0 -> FALSE | V47: =COUNTIF(CategoryLists!$D:$D,A47)>0 -> FALSE | W47: =COUNTIF(CategoryLists!$E:$E,A47)>0 -> FALSE | X47: =COUNTIF(CategoryLists!$F:$F,A47)>0 -> FALSE | Y47: =COUNTIF(CategoryLists!$G:$G,A47)>0 -> FALSE | Z47: =LEFT(A47,3)="PMS" -> FALSE | AA47: =OR(LEFT(A47,3)="CKP",LEFT(A47,3)="PNL",COUNTIF(CategoryLists!$I:$I,A47)>0) -> FALSE | AB47: =COUNTIF(CategoryLists!$H:$H,A47)>0 -> FALSE | AC47: =AND(A47<>"",D47=0) -> TRUE | AD47: =COUNTIF(CategoryLists!$A:$A,A47)>0 -> FALSE
A48: ASS-G-ORTC40 | B48: Halimun Green (Organic)@50g/Tincan | C48: TIN | D48: 0 | E48: 0 | F48: 0 | G48: 0 | H48: 0 | I48: 0 | J48: 0 | K48: 0 | L48: 0 | M48: 0 | N48: 0 | O48: 0 | P48: 0 | T48: =COUNTIF(CategoryLists!$B:$B,A48)>0 -> FALSE | U48: =COUNTIF(CategoryLists!$C:$C,A48)>0 -> FALSE | V48: =COUNTIF(CategoryLists!$D:$D,A48)>0 -> FALSE | W48: =COUNTIF(CategoryLists!$E:$E,A48)>0 -> FALSE | X48: =COUNTIF(CategoryLists!$F:$F,A48)>0 -> FALSE | Y48: =COUNTIF(CategoryLists!$G:$G,A48)>0 -> FALSE | Z48: =LEFT(A48,3)="PMS" -> FALSE | AA48: =OR(LEFT(A48,3)="CKP",LEFT(A48,3)="PNL",COUNTIF(CategoryLists!$I:$I,A48)>0) -> FALSE | AB48: =COUNTIF(CategoryLists!$H:$H,A48)>0 -> FALSE | AC48: =AND(A48<>"",D48=0) -> TRUE | AD48: =COUNTIF(CategoryLists!$A:$A,A48)>0 -> FALSE
A49: ASS-GEN-L500 | B49: Genmaicha Tea @500gr/pack | C49: PACK | D49: 0 | E49: 0 | F49: 0 | G49: 0 | H49: 0 | I49: 0 | J49: 0 | K49: 0 | L49: 0 | M49: 0 | N49: 0 | O49: 0 | P49: 0 | T49: =COUNTIF(CategoryLists!$B:$B,A49)>0 -> FALSE | U49: =COUNTIF(CategoryLists!$C:$C,A49)>0 -> FALSE | V49: =COUNTIF(CategoryLists!$D:$D,A49)>0 -> FALSE | W49: =COUNTIF(CategoryLists!$E:$E,A49)>0 -> FALSE | X49: =COUNTIF(CategoryLists!$F:$F,A49)>0 -> FALSE | Y49: =COUNTIF(CategoryLists!$G:$G,A49)>0 -> FALSE | Z49: =LEFT(A49,3)="PMS" -> FALSE | AA49: =OR(LEFT(A49,3)="CKP",LEFT(A49,3)="PNL",COUNTIF(CategoryLists!$I:$I,A49)>0) -> FALSE | AB49: =COUNTIF(CategoryLists!$H:$H,A49)>0 -> FALSE | AC49: =AND(A49<>"",D49=0) -> TRUE | AD49: =COUNTIF(CategoryLists!$A:$A,A49)>0 -> FALSE
A50: ASS-GR-LP250 | B50: Black Tea (BOP) @250gr/Pouch | C50: POU | D50: 3 | E50: 0 | F50: 0 | G50: 0 | H50: 0 | I50: 0 | J50: 0 | K50: 0 | L50: 0 | M50: 0 | N50: 0 | O50: 0 | P50: 0 | Q50: 46266 | R50: 3 | T50: =COUNTIF(CategoryLists!$B:$B,A50)>0 -> FALSE | U50: =COUNTIF(CategoryLists!$C:$C,A50)>0 -> FALSE | V50: =COUNTIF(CategoryLists!$D:$D,A50)>0 -> FALSE | W50: =COUNTIF(CategoryLists!$E:$E,A50)>0 -> FALSE | X50: =COUNTIF(CategoryLists!$F:$F,A50)>0 -> FALSE | Y50: =COUNTIF(CategoryLists!$G:$G,A50)>0 -> FALSE | Z50: =LEFT(A50,3)="PMS" -> FALSE | AA50: =OR(LEFT(A50,3)="CKP",LEFT(A50,3)="PNL",COUNTIF(CategoryLists!$I:$I,A50)>0) -> FALSE | AB50: =COUNTIF(CategoryLists!$H:$H,A50)>0 -> FALSE | AC50: =AND(A50<>"",D50=0) -> FALSE | AD50: =COUNTIF(CategoryLists!$A:$A,A50)>0 -> FALSE
A51: ASS-GT-L1005 | B51: Genmaicha Tea @250gr | C51: PACK | D51: 0 | E51: 0 | F51: 0 | G51: 0 | H51: 0 | I51: 0 | J51: 0 | K51: 0 | L51: 0 | M51: 0 | N51: 0 | O51: 0 | P51: 0 | T51: =COUNTIF(CategoryLists!$B:$B,A51)>0 -> FALSE | U51: =COUNTIF(CategoryLists!$C:$C,A51)>0 -> FALSE | V51: =COUNTIF(CategoryLists!$D:$D,A51)>0 -> FALSE | W51: =COUNTIF(CategoryLists!$E:$E,A51)>0 -> FALSE | X51: =COUNTIF(CategoryLists!$F:$F,A51)>0 -> FALSE | Y51: =COUNTIF(CategoryLists!$G:$G,A51)>0 -> FALSE | Z51: =LEFT(A51,3)="PMS" -> FALSE | AA51: =OR(LEFT(A51,3)="CKP",LEFT(A51,3)="PNL",COUNTIF(CategoryLists!$I:$I,A51)>0) -> FALSE | AB51: =COUNTIF(CategoryLists!$H:$H,A51)>0 -> FALSE | AC51: =AND(A51<>"",D51=0) -> TRUE | AD51: =COUNTIF(CategoryLists!$A:$A,A51)>0 -> FALSE
A52: ASS-GT100TB | B52: Green Tea @100TB/Box | C52: BOX | D52: 0 | E52: 0 | F52: 0 | G52: 0 | H52: 0 | I52: 0 | J52: 0 | K52: 0 | L52: 0 | M52: 0 | N52: 0 | O52: 0 | P52: 0 | S52: 3 | T52: =COUNTIF(CategoryLists!$B:$B,A52)>0 -> FALSE | U52: =COUNTIF(CategoryLists!$C:$C,A52)>0 -> FALSE | V52: =COUNTIF(CategoryLists!$D:$D,A52)>0 -> FALSE | W52: =COUNTIF(CategoryLists!$E:$E,A52)>0 -> FALSE | X52: =COUNTIF(CategoryLists!$F:$F,A52)>0 -> FALSE | Y52: =COUNTIF(CategoryLists!$G:$G,A52)>0 -> FALSE | Z52: =LEFT(A52,3)="PMS" -> FALSE | AA52: =OR(LEFT(A52,3)="CKP",LEFT(A52,3)="PNL",COUNTIF(CategoryLists!$I:$I,A52)>0) -> FALSE | AB52: =COUNTIF(CategoryLists!$H:$H,A52)>0 -> FALSE | AC52: =AND(A52<>"",D52=0) -> TRUE | AD52: =COUNTIF(CategoryLists!$A:$A,A52)>0 -> FALSE
A53: ASS-JE-LP500 | B53: Jewel Of East (Gun Powder) 500Gr/Pack | C53: PACK | D53: 0 | E53: 0 | F53: 0 | G53: 0 | H53: 0 | I53: 0 | J53: 0 | K53: 0 | L53: 0 | M53: 0 | N53: 0 | O53: 0 | P53: 0 | T53: =COUNTIF(CategoryLists!$B:$B,A53)>0 -> FALSE | U53: =COUNTIF(CategoryLists!$C:$C,A53)>0 -> FALSE | V53: =COUNTIF(CategoryLists!$D:$D,A53)>0 -> FALSE | W53: =COUNTIF(CategoryLists!$E:$E,A53)>0 -> FALSE | X53: =COUNTIF(CategoryLists!$F:$F,A53)>0 -> FALSE | Y53: =COUNTIF(CategoryLists!$G:$G,A53)>0 -> FALSE | Z53: =LEFT(A53,3)="PMS" -> FALSE | AA53: =OR(LEFT(A53,3)="CKP",LEFT(A53,3)="PNL",COUNTIF(CategoryLists!$I:$I,A53)>0) -> FALSE | AB53: =COUNTIF(CategoryLists!$H:$H,A53)>0 -> FALSE | AC53: =AND(A53<>"",D53=0) -> TRUE | AD53: =COUNTIF(CategoryLists!$A:$A,A53)>0 -> FALSE
A54: ASS-JE-TC100 | B54: Jewel Of East @100g/Tincan | C54: TIN | D54: 0 | E54: 0 | F54: 0 | G54: 0 | H54: 0 | I54: 0 | J54: 0 | K54: 0 | L54: 0 | M54: 0 | N54: 0 | O54: 0 | P54: 0 | T54: =COUNTIF(CategoryLists!$B:$B,A54)>0 -> FALSE | U54: =COUNTIF(CategoryLists!$C:$C,A54)>0 -> FALSE | V54: =COUNTIF(CategoryLists!$D:$D,A54)>0 -> FALSE | W54: =COUNTIF(CategoryLists!$E:$E,A54)>0 -> FALSE | X54: =COUNTIF(CategoryLists!$F:$F,A54)>0 -> FALSE | Y54: =COUNTIF(CategoryLists!$G:$G,A54)>0 -> FALSE | Z54: =LEFT(A54,3)="PMS" -> FALSE | AA54: =OR(LEFT(A54,3)="CKP",LEFT(A54,3)="PNL",COUNTIF(CategoryLists!$I:$I,A54)>0) -> FALSE | AB54: =COUNTIF(CategoryLists!$H:$H,A54)>0 -> FALSE | AC54: =AND(A54<>"",D54=0) -> TRUE | AD54: =COUNTIF(CategoryLists!$A:$A,A54)>0 -> FALSE
A55: ASS-JEMP50 | B55: Jewel Of East (Gun Powder) @50PBx3g | C55: POU | D55: 0 | E55: 0 | F55: 0 | G55: 0 | H55: 0 | I55: 0 | J55: 0 | K55: 0 | L55: 0 | M55: 0 | N55: 0 | O55: 0 | P55: 0 | T55: =COUNTIF(CategoryLists!$B:$B,A55)>0 -> FALSE | U55: =COUNTIF(CategoryLists!$C:$C,A55)>0 -> FALSE | V55: =COUNTIF(CategoryLists!$D:$D,A55)>0 -> FALSE | W55: =COUNTIF(CategoryLists!$E:$E,A55)>0 -> FALSE | X55: =COUNTIF(CategoryLists!$F:$F,A55)>0 -> FALSE | Y55: =COUNTIF(CategoryLists!$G:$G,A55)>0 -> FALSE | Z55: =LEFT(A55,3)="PMS" -> FALSE | AA55: =OR(LEFT(A55,3)="CKP",LEFT(A55,3)="PNL",COUNTIF(CategoryLists!$I:$I,A55)>0) -> FALSE | AB55: =COUNTIF(CategoryLists!$H:$H,A55)>0 -> FALSE | AC55: =AND(A55<>"",D55=0) -> TRUE | AD55: =COUNTIF(CategoryLists!$A:$A,A55)>0 -> FALSE
A56: ASS-JG-TB20 | B56: Java Ginger @20TB/Box | C56: BOX | D56: 0 | E56: 6 | F56: 6 | G56: 6 | H56: 6 | I56: 0 | J56: 0 | K56: 6 | L56: 0 | M56: 0 | N56: 6 | O56: 0 | P56: 0 | Q56: 46248 | R56: 6 | S56: 149 | T56: =COUNTIF(CategoryLists!$B:$B,A56)>0 -> FALSE | U56: =COUNTIF(CategoryLists!$C:$C,A56)>0 -> FALSE | V56: =COUNTIF(CategoryLists!$D:$D,A56)>0 -> FALSE | W56: =COUNTIF(CategoryLists!$E:$E,A56)>0 -> FALSE | X56: =COUNTIF(CategoryLists!$F:$F,A56)>0 -> FALSE | Y56: =COUNTIF(CategoryLists!$G:$G,A56)>0 -> FALSE | Z56: =LEFT(A56,3)="PMS" -> FALSE | AA56: =OR(LEFT(A56,3)="CKP",LEFT(A56,3)="PNL",COUNTIF(CategoryLists!$I:$I,A56)>0) -> FALSE | AB56: =COUNTIF(CategoryLists!$H:$H,A56)>0 -> FALSE | AC56: =AND(A56<>"",D56=0) -> TRUE | AD56: =COUNTIF(CategoryLists!$A:$A,A56)>0 -> FALSE
A57: ASS-JG-TC60 | B57: Java Ginger @60g/Tincan | C57: TIN | D57: 0 | E57: 0 | F57: 0 | G57: 0 | H57: 0 | I57: 0 | J57: 0 | K57: 0 | L57: 0 | M57: 0 | N57: 0 | O57: 0 | P57: 0 | T57: =COUNTIF(CategoryLists!$B:$B,A57)>0 -> FALSE | U57: =COUNTIF(CategoryLists!$C:$C,A57)>0 -> FALSE | V57: =COUNTIF(CategoryLists!$D:$D,A57)>0 -> FALSE | W57: =COUNTIF(CategoryLists!$E:$E,A57)>0 -> FALSE | X57: =COUNTIF(CategoryLists!$F:$F,A57)>0 -> FALSE | Y57: =COUNTIF(CategoryLists!$G:$G,A57)>0 -> FALSE | Z57: =LEFT(A57,3)="PMS" -> FALSE | AA57: =OR(LEFT(A57,3)="CKP",LEFT(A57,3)="PNL",COUNTIF(CategoryLists!$I:$I,A57)>0) -> FALSE | AB57: =COUNTIF(CategoryLists!$H:$H,A57)>0 -> FALSE | AC57: =AND(A57<>"",D57=0) -> TRUE | AD57: =COUNTIF(CategoryLists!$A:$A,A57)>0 -> FALSE
A58: ASS-JT-100TB | B58: Jasmine Tea @100TB/Box | C58: BOX | D58: 0 | E58: 0 | F58: 0 | G58: 0 | H58: 0 | I58: 0 | J58: 0 | K58: 0 | L58: 0 | M58: 0 | N58: 0 | O58: 0 | P58: 0 | T58: =COUNTIF(CategoryLists!$B:$B,A58)>0 -> FALSE | U58: =COUNTIF(CategoryLists!$C:$C,A58)>0 -> FALSE | V58: =COUNTIF(CategoryLists!$D:$D,A58)>0 -> FALSE | W58: =COUNTIF(CategoryLists!$E:$E,A58)>0 -> FALSE | X58: =COUNTIF(CategoryLists!$F:$F,A58)>0 -> FALSE | Y58: =COUNTIF(CategoryLists!$G:$G,A58)>0 -> FALSE | Z58: =LEFT(A58,3)="PMS" -> FALSE | AA58: =OR(LEFT(A58,3)="CKP",LEFT(A58,3)="PNL",COUNTIF(CategoryLists!$I:$I,A58)>0) -> FALSE | AB58: =COUNTIF(CategoryLists!$H:$H,A58)>0 -> FALSE | AC58: =AND(A58<>"",D58=0) -> TRUE | AD58: =COUNTIF(CategoryLists!$A:$A,A58)>0 -> FALSE
A59: ASS-JT-LP250 | B59: Jasmine Tea @250gr/Pouch | C59: POU | D59: 15 | E59: 20 | F59: 15 | G59: 12 | H59: 15.6666 | I59: 0.9574 | J59: 28.7246 | K59: 15 | L59: 1 | M59: 30 | N59: 0 | O59: 0 | P59: 0 | Q59: 46266 | R59: 6 | T59: =COUNTIF(CategoryLists!$B:$B,A59)>0 -> FALSE | U59: =COUNTIF(CategoryLists!$C:$C,A59)>0 -> FALSE | V59: =COUNTIF(CategoryLists!$D:$D,A59)>0 -> FALSE | W59: =COUNTIF(CategoryLists!$E:$E,A59)>0 -> FALSE | X59: =COUNTIF(CategoryLists!$F:$F,A59)>0 -> FALSE | Y59: =COUNTIF(CategoryLists!$G:$G,A59)>0 -> FALSE | Z59: =LEFT(A59,3)="PMS" -> FALSE | AA59: =OR(LEFT(A59,3)="CKP",LEFT(A59,3)="PNL",COUNTIF(CategoryLists!$I:$I,A59)>0) -> FALSE | AB59: =COUNTIF(CategoryLists!$H:$H,A59)>0 -> FALSE | AC59: =AND(A59<>"",D59=0) -> FALSE | AD59: =COUNTIF(CategoryLists!$A:$A,A59)>0 -> FALSE
A60: ASS-JV-TB20 | B60: Javanese Jasmine Tea @20Tb/Box | C60: BOX | D60: 0 | E60: 0 | F60: 0 | G60: 0 | H60: 0 | I60: 0 | J60: 0 | K60: 0 | L60: 0 | M60: 0 | N60: 0 | O60: 0 | P60: 0 | T60: =COUNTIF(CategoryLists!$B:$B,A60)>0 -> FALSE | U60: =COUNTIF(CategoryLists!$C:$C,A60)>0 -> FALSE | V60: =COUNTIF(CategoryLists!$D:$D,A60)>0 -> FALSE | W60: =COUNTIF(CategoryLists!$E:$E,A60)>0 -> FALSE | X60: =COUNTIF(CategoryLists!$F:$F,A60)>0 -> FALSE | Y60: =COUNTIF(CategoryLists!$G:$G,A60)>0 -> FALSE | Z60: =LEFT(A60,3)="PMS" -> FALSE | AA60: =OR(LEFT(A60,3)="CKP",LEFT(A60,3)="PNL",COUNTIF(CategoryLists!$I:$I,A60)>0) -> FALSE | AB60: =COUNTIF(CategoryLists!$H:$H,A60)>0 -> FALSE | AC60: =AND(A60<>"",D60=0) -> TRUE | AD60: =COUNTIF(CategoryLists!$A:$A,A60)>0 -> FALSE
A61: ASS-JVG | B61: Java Ginger @50TB/Box | C61: BOX | D61: 11 | E61: 18 | F61: 31 | G61: 26 | H61: 25 | I61: 0.44 | J61: 13.2005 | K61: 36 | L61: 0.3055 | M61: 9.1666 | N61: 9 | O61: 0.0814 | P61: 2.4444 | Q61: 46266 | R61: 8 | S61: 6 | T61: =COUNTIF(CategoryLists!$B:$B,A61)>0 -> FALSE | U61: =COUNTIF(CategoryLists!$C:$C,A61)>0 -> FALSE | V61: =COUNTIF(CategoryLists!$D:$D,A61)>0 -> FALSE | W61: =COUNTIF(CategoryLists!$E:$E,A61)>0 -> FALSE | X61: =COUNTIF(CategoryLists!$F:$F,A61)>0 -> FALSE | Y61: =COUNTIF(CategoryLists!$G:$G,A61)>0 -> FALSE | Z61: =LEFT(A61,3)="PMS" -> FALSE | AA61: =OR(LEFT(A61,3)="CKP",LEFT(A61,3)="PNL",COUNTIF(CategoryLists!$I:$I,A61)>0) -> FALSE | AB61: =COUNTIF(CategoryLists!$H:$H,A61)>0 -> FALSE | AC61: =AND(A61<>"",D61=0) -> FALSE | AD61: =COUNTIF(CategoryLists!$A:$A,A61)>0 -> FALSE
A62: ASS-JVG10 | B62: Java Ginger@10TB/Box | C62: BOX | D62: 0 | E62: 0 | F62: 0 | G62: 0 | H62: 0 | I62: 0 | J62: 0 | K62: 0 | L62: 0 | M62: 0 | N62: 0 | O62: 0 | P62: 0 | T62: =COUNTIF(CategoryLists!$B:$B,A62)>0 -> FALSE | U62: =COUNTIF(CategoryLists!$C:$C,A62)>0 -> FALSE | V62: =COUNTIF(CategoryLists!$D:$D,A62)>0 -> FALSE | W62: =COUNTIF(CategoryLists!$E:$E,A62)>0 -> FALSE | X62: =COUNTIF(CategoryLists!$F:$F,A62)>0 -> FALSE | Y62: =COUNTIF(CategoryLists!$G:$G,A62)>0 -> FALSE | Z62: =LEFT(A62,3)="PMS" -> FALSE | AA62: =OR(LEFT(A62,3)="CKP",LEFT(A62,3)="PNL",COUNTIF(CategoryLists!$I:$I,A62)>0) -> FALSE | AB62: =COUNTIF(CategoryLists!$H:$H,A62)>0 -> FALSE | AC62: =AND(A62<>"",D62=0) -> TRUE | AD62: =COUNTIF(CategoryLists!$A:$A,A62)>0 -> FALSE
A63: ASS-JVJ | B63: Javanese Jasmine Tea @50TB/Box | C63: BOX | D63: 81 | E63: 80 | F63: 103 | G63: 39 | H63: 74 | I63: 1.0945 | J63: 32.8387 | K63: 39 | L63: 2.0769 | M63: 62.3076 | N63: 8 | O63: 0.6743 | P63: 20.25 | Q63: 46266 | R63: 10 | S63: 63 | T63: =COUNTIF(CategoryLists!$B:$B,A63)>0 -> FALSE | U63: =COUNTIF(CategoryLists!$C:$C,A63)>0 -> FALSE | V63: =COUNTIF(CategoryLists!$D:$D,A63)>0 -> FALSE | W63: =COUNTIF(CategoryLists!$E:$E,A63)>0 -> FALSE | X63: =COUNTIF(CategoryLists!$F:$F,A63)>0 -> FALSE | Y63: =COUNTIF(CategoryLists!$G:$G,A63)>0 -> FALSE | Z63: =LEFT(A63,3)="PMS" -> FALSE | AA63: =OR(LEFT(A63,3)="CKP",LEFT(A63,3)="PNL",COUNTIF(CategoryLists!$I:$I,A63)>0) -> FALSE | AB63: =COUNTIF(CategoryLists!$H:$H,A63)>0 -> FALSE | AC63: =AND(A63<>"",D63=0) -> FALSE | AD63: =COUNTIF(CategoryLists!$A:$A,A63)>0 -> FALSE
A64: ASS-JVJ-G | B64: Javanese Jasmine Tea @50TB/Box - Grand Hyatt | C64: BOX | D64: 0 | E64: 0 | F64: 0 | G64: 0 | H64: 0 | I64: 0 | J64: 0 | K64: 0 | L64: 0 | M64: 0 | N64: 0 | O64: 0 | P64: 0 | Q64: 45482 | R64: 50 | T64: =COUNTIF(CategoryLists!$B:$B,A64)>0 -> FALSE | U64: =COUNTIF(CategoryLists!$C:$C,A64)>0 -> FALSE | V64: =COUNTIF(CategoryLists!$D:$D,A64)>0 -> FALSE | W64: =COUNTIF(CategoryLists!$E:$E,A64)>0 -> FALSE | X64: =COUNTIF(CategoryLists!$F:$F,A64)>0 -> FALSE | Y64: =COUNTIF(CategoryLists!$G:$G,A64)>0 -> FALSE | Z64: =LEFT(A64,3)="PMS" -> FALSE | AA64: =OR(LEFT(A64,3)="CKP",LEFT(A64,3)="PNL",COUNTIF(CategoryLists!$I:$I,A64)>0) -> FALSE | AB64: =COUNTIF(CategoryLists!$H:$H,A64)>0 -> FALSE | AC64: =AND(A64<>"",D64=0) -> TRUE | AD64: =COUNTIF(CategoryLists!$A:$A,A64)>0 -> FALSE
A65: ASS-KRTB20 | B65: Teh Krampoel 20Tb/Box | C65: BOX | D65: 0 | E65: 0 | F65: 0 | G65: 0 | H65: 0 | I65: 0 | J65: 0 | K65: 0 | L65: 0 | M65: 0 | N65: 0 | O65: 0 | P65: 0 | T65: =COUNTIF(CategoryLists!$B:$B,A65)>0 -> FALSE | U65: =COUNTIF(CategoryLists!$C:$C,A65)>0 -> FALSE | V65: =COUNTIF(CategoryLists!$D:$D,A65)>0 -> FALSE | W65: =COUNTIF(CategoryLists!$E:$E,A65)>0 -> FALSE | X65: =COUNTIF(CategoryLists!$F:$F,A65)>0 -> FALSE | Y65: =COUNTIF(CategoryLists!$G:$G,A65)>0 -> FALSE | Z65: =LEFT(A65,3)="PMS" -> FALSE | AA65: =OR(LEFT(A65,3)="CKP",LEFT(A65,3)="PNL",COUNTIF(CategoryLists!$I:$I,A65)>0) -> FALSE | AB65: =COUNTIF(CategoryLists!$H:$H,A65)>0 -> FALSE | AC65: =AND(A65<>"",D65=0) -> TRUE | AD65: =COUNTIF(CategoryLists!$A:$A,A65)>0 -> FALSE
A66: ASS-LE-B | B66: Lemon Tea @50TB/Box | C66: BOX | D66: 0 | E66: 0 | F66: 0 | G66: 0 | H66: 0 | I66: 0 | J66: 0 | K66: 0 | L66: 0 | M66: 0 | N66: 0 | O66: 0 | P66: 0 | T66: =COUNTIF(CategoryLists!$B:$B,A66)>0 -> FALSE | U66: =COUNTIF(CategoryLists!$C:$C,A66)>0 -> FALSE | V66: =COUNTIF(CategoryLists!$D:$D,A66)>0 -> FALSE | W66: =COUNTIF(CategoryLists!$E:$E,A66)>0 -> FALSE | X66: =COUNTIF(CategoryLists!$F:$F,A66)>0 -> FALSE | Y66: =COUNTIF(CategoryLists!$G:$G,A66)>0 -> FALSE | Z66: =LEFT(A66,3)="PMS" -> FALSE | AA66: =OR(LEFT(A66,3)="CKP",LEFT(A66,3)="PNL",COUNTIF(CategoryLists!$I:$I,A66)>0) -> FALSE | AB66: =COUNTIF(CategoryLists!$H:$H,A66)>0 -> FALSE | AC66: =AND(A66<>"",D66=0) -> TRUE | AD66: =COUNTIF(CategoryLists!$A:$A,A66)>0 -> FALSE
A67: ASS-LE-B10 | B67: Lemon Tea @10TB/Box | C67: BOX | D67: 0 | E67: 0 | F67: 0 | G67: 0 | H67: 0 | I67: 0 | J67: 0 | K67: 0 | L67: 0 | M67: 0 | N67: 0 | O67: 0 | P67: 0 | T67: =COUNTIF(CategoryLists!$B:$B,A67)>0 -> FALSE | U67: =COUNTIF(CategoryLists!$C:$C,A67)>0 -> FALSE | V67: =COUNTIF(CategoryLists!$D:$D,A67)>0 -> FALSE | W67: =COUNTIF(CategoryLists!$E:$E,A67)>0 -> FALSE | X67: =COUNTIF(CategoryLists!$F:$F,A67)>0 -> FALSE | Y67: =COUNTIF(CategoryLists!$G:$G,A67)>0 -> FALSE | Z67: =LEFT(A67,3)="PMS" -> FALSE | AA67: =OR(LEFT(A67,3)="CKP",LEFT(A67,3)="PNL",COUNTIF(CategoryLists!$I:$I,A67)>0) -> FALSE | AB67: =COUNTIF(CategoryLists!$H:$H,A67)>0 -> FALSE | AC67: =AND(A67<>"",D67=0) -> TRUE | AD67: =COUNTIF(CategoryLists!$A:$A,A67)>0 -> FALSE
A68: ASS-LG-G | B68: Lemongrass Green Tea@50tb/box | C68: BOX | D68: 0 | E68: 0 | F68: 0 | G68: 0 | H68: 0 | I68: 0 | J68: 0 | K68: 0 | L68: 0 | M68: 0 | N68: 0 | O68: 0 | P68: 0 | T68: =COUNTIF(CategoryLists!$B:$B,A68)>0 -> FALSE | U68: =COUNTIF(CategoryLists!$C:$C,A68)>0 -> FALSE | V68: =COUNTIF(CategoryLists!$D:$D,A68)>0 -> FALSE | W68: =COUNTIF(CategoryLists!$E:$E,A68)>0 -> FALSE | X68: =COUNTIF(CategoryLists!$F:$F,A68)>0 -> FALSE | Y68: =COUNTIF(CategoryLists!$G:$G,A68)>0 -> FALSE | Z68: =LEFT(A68,3)="PMS" -> FALSE | AA68: =OR(LEFT(A68,3)="CKP",LEFT(A68,3)="PNL",COUNTIF(CategoryLists!$I:$I,A68)>0) -> FALSE | AB68: =COUNTIF(CategoryLists!$H:$H,A68)>0 -> FALSE | AC68: =AND(A68<>"",D68=0) -> TRUE | AD68: =COUNTIF(CategoryLists!$A:$A,A68)>0 -> FALSE
A69: ASS-LG-G10 | B69: Lemongrass Green Tea @10TB/Box | C69: BOX | D69: 0 | E69: 0 | F69: 0 | G69: 0 | H69: 0 | I69: 0 | J69: 0 | K69: 0 | L69: 0 | M69: 0 | N69: 0 | O69: 0 | P69: 0 | T69: =COUNTIF(CategoryLists!$B:$B,A69)>0 -> FALSE | U69: =COUNTIF(CategoryLists!$C:$C,A69)>0 -> FALSE | V69: =COUNTIF(CategoryLists!$D:$D,A69)>0 -> FALSE | W69: =COUNTIF(CategoryLists!$E:$E,A69)>0 -> FALSE | X69: =COUNTIF(CategoryLists!$F:$F,A69)>0 -> FALSE | Y69: =COUNTIF(CategoryLists!$G:$G,A69)>0 -> FALSE | Z69: =LEFT(A69,3)="PMS" -> FALSE | AA69: =OR(LEFT(A69,3)="CKP",LEFT(A69,3)="PNL",COUNTIF(CategoryLists!$I:$I,A69)>0) -> FALSE | AB69: =COUNTIF(CategoryLists!$H:$H,A69)>0 -> FALSE | AC69: =AND(A69<>"",D69=0) -> TRUE | AD69: =COUNTIF(CategoryLists!$A:$A,A69)>0 -> FALSE
A70: ASS-LR-LC50 | B70: Ginger Lemongrass @50gr/Tincan | C70: TIN | D70: 0 | E70: 0 | F70: 0 | G70: 0 | H70: 0 | I70: 0 | J70: 0 | K70: 0 | L70: 0 | M70: 0 | N70: 0 | O70: 0 | P70: 0 | T70: =COUNTIF(CategoryLists!$B:$B,A70)>0 -> FALSE | U70: =COUNTIF(CategoryLists!$C:$C,A70)>0 -> FALSE | V70: =COUNTIF(CategoryLists!$D:$D,A70)>0 -> FALSE | W70: =COUNTIF(CategoryLists!$E:$E,A70)>0 -> FALSE | X70: =COUNTIF(CategoryLists!$F:$F,A70)>0 -> FALSE | Y70: =COUNTIF(CategoryLists!$G:$G,A70)>0 -> FALSE | Z70: =LEFT(A70,3)="PMS" -> FALSE | AA70: =OR(LEFT(A70,3)="CKP",LEFT(A70,3)="PNL",COUNTIF(CategoryLists!$I:$I,A70)>0) -> FALSE | AB70: =COUNTIF(CategoryLists!$H:$H,A70)>0 -> FALSE | AC70: =AND(A70<>"",D70=0) -> TRUE | AD70: =COUNTIF(CategoryLists!$A:$A,A70)>0 -> FALSE
A71: ASS-LY-LP250 | B71: Lychee Tea @250gr/Pouch | C71: POU | D71: 0 | E71: 0 | F71: 0 | G71: 0 | H71: 0 | I71: 0 | J71: 0 | K71: 0 | L71: 0 | M71: 0 | N71: 0 | O71: 0 | P71: 0 | Q71: 44749 | R71: 1 | T71: =COUNTIF(CategoryLists!$B:$B,A71)>0 -> FALSE | U71: =COUNTIF(CategoryLists!$C:$C,A71)>0 -> FALSE | V71: =COUNTIF(CategoryLists!$D:$D,A71)>0 -> FALSE | W71: =COUNTIF(CategoryLists!$E:$E,A71)>0 -> FALSE | X71: =COUNTIF(CategoryLists!$F:$F,A71)>0 -> FALSE | Y71: =COUNTIF(CategoryLists!$G:$G,A71)>0 -> FALSE | Z71: =LEFT(A71,3)="PMS" -> FALSE | AA71: =OR(LEFT(A71,3)="CKP",LEFT(A71,3)="PNL",COUNTIF(CategoryLists!$I:$I,A71)>0) -> FALSE | AB71: =COUNTIF(CategoryLists!$H:$H,A71)>0 -> FALSE | AC71: =AND(A71<>"",D71=0) -> TRUE | AD71: =COUNTIF(CategoryLists!$A:$A,A71)>0 -> FALSE
A72: ASS-LY-TB10 | B72: Lychee Tea @10tb/pack | C72: BOX | D72: 14 | E72: 0 | F72: 10 | G72: 0 | H72: 10 | I72: 1.4 | J72: 42.0042 | K72: 0 | L72: 0 | M72: 0 | N72: 0 | O72: 0 | P72: 0 | Q72: 46244 | R72: 8 | T72: =COUNTIF(CategoryLists!$B:$B,A72)>0 -> FALSE | U72: =COUNTIF(CategoryLists!$C:$C,A72)>0 -> FALSE | V72: =COUNTIF(CategoryLists!$D:$D,A72)>0 -> FALSE | W72: =COUNTIF(CategoryLists!$E:$E,A72)>0 -> FALSE | X72: =COUNTIF(CategoryLists!$F:$F,A72)>0 -> FALSE | Y72: =COUNTIF(CategoryLists!$G:$G,A72)>0 -> FALSE | Z72: =LEFT(A72,3)="PMS" -> FALSE | AA72: =OR(LEFT(A72,3)="CKP",LEFT(A72,3)="PNL",COUNTIF(CategoryLists!$I:$I,A72)>0) -> FALSE | AB72: =COUNTIF(CategoryLists!$H:$H,A72)>0 -> FALSE | AC72: =AND(A72<>"",D72=0) -> FALSE | AD72: =COUNTIF(CategoryLists!$A:$A,A72)>0 -> FALSE
A73: ASS-LY-TB20 | B73: Lychee Tea @20tb/Box | C73: BOX | D73: 0 | E73: 0 | F73: 0 | G73: 0 | H73: 0 | I73: 0 | J73: 0 | K73: 0 | L73: 0 | M73: 0 | N73: 0 | O73: 0 | P73: 0 | T73: =COUNTIF(CategoryLists!$B:$B,A73)>0 -> FALSE | U73: =COUNTIF(CategoryLists!$C:$C,A73)>0 -> FALSE | V73: =COUNTIF(CategoryLists!$D:$D,A73)>0 -> FALSE | W73: =COUNTIF(CategoryLists!$E:$E,A73)>0 -> FALSE | X73: =COUNTIF(CategoryLists!$F:$F,A73)>0 -> FALSE | Y73: =COUNTIF(CategoryLists!$G:$G,A73)>0 -> FALSE | Z73: =LEFT(A73,3)="PMS" -> FALSE | AA73: =OR(LEFT(A73,3)="CKP",LEFT(A73,3)="PNL",COUNTIF(CategoryLists!$I:$I,A73)>0) -> FALSE | AB73: =COUNTIF(CategoryLists!$H:$H,A73)>0 -> FALSE | AC73: =AND(A73<>"",D73=0) -> TRUE | AD73: =COUNTIF(CategoryLists!$A:$A,A73)>0 -> FALSE
A74: ASS-LY-TB50 | B74: Lychee Tea @50TB/Box | C74: BOX | D74: 0 | E74: 6 | F74: 9 | G74: 13 | H74: 9.3333 | I74: 0 | J74: 0 | K74: 19 | L74: 0 | M74: 0 | N74: 0 | O74: 0 | P74: 0 | Q74: 46244 | R74: 10 | T74: =COUNTIF(CategoryLists!$B:$B,A74)>0 -> FALSE | U74: =COUNTIF(CategoryLists!$C:$C,A74)>0 -> FALSE | V74: =COUNTIF(CategoryLists!$D:$D,A74)>0 -> FALSE | W74: =COUNTIF(CategoryLists!$E:$E,A74)>0 -> FALSE | X74: =COUNTIF(CategoryLists!$F:$F,A74)>0 -> FALSE | Y74: =COUNTIF(CategoryLists!$G:$G,A74)>0 -> FALSE | Z74: =LEFT(A74,3)="PMS" -> FALSE | AA74: =OR(LEFT(A74,3)="CKP",LEFT(A74,3)="PNL",COUNTIF(CategoryLists!$I:$I,A74)>0) -> FALSE | AB74: =COUNTIF(CategoryLists!$H:$H,A74)>0 -> FALSE | AC74: =AND(A74<>"",D74=0) -> TRUE | AD74: =COUNTIF(CategoryLists!$A:$A,A74)>0 -> FALSE
A75: ASS-MC-LP250 | B75: Morrocan Mint @250gr | C75: PACK | D75: 0 | E75: 0 | F75: 0 | G75: 0 | H75: 0 | I75: 0 | J75: 0 | K75: 0 | L75: 0 | M75: 0 | N75: 0 | O75: 0 | P75: 0 | Q75: 45288 | R75: 10 | T75: =COUNTIF(CategoryLists!$B:$B,A75)>0 -> FALSE | U75: =COUNTIF(CategoryLists!$C:$C,A75)>0 -> FALSE | V75: =COUNTIF(CategoryLists!$D:$D,A75)>0 -> FALSE | W75: =COUNTIF(CategoryLists!$E:$E,A75)>0 -> FALSE | X75: =COUNTIF(CategoryLists!$F:$F,A75)>0 -> FALSE | Y75: =COUNTIF(CategoryLists!$G:$G,A75)>0 -> FALSE | Z75: =LEFT(A75,3)="PMS" -> FALSE | AA75: =OR(LEFT(A75,3)="CKP",LEFT(A75,3)="PNL",COUNTIF(CategoryLists!$I:$I,A75)>0) -> FALSE | AB75: =COUNTIF(CategoryLists!$H:$H,A75)>0 -> FALSE | AC75: =AND(A75<>"",D75=0) -> TRUE | AD75: =COUNTIF(CategoryLists!$A:$A,A75)>0 -> FALSE
A76: ASS-MC-TC50 | B76: Morrocan Mint@50g/Tincan | C76: TIN | D76: 0 | E76: 0 | F76: 0 | G76: 0 | H76: 0 | I76: 0 | J76: 0 | K76: 0 | L76: 0 | M76: 0 | N76: 0 | O76: 0 | P76: 0 | T76: =COUNTIF(CategoryLists!$B:$B,A76)>0 -> FALSE | U76: =COUNTIF(CategoryLists!$C:$C,A76)>0 -> FALSE | V76: =COUNTIF(CategoryLists!$D:$D,A76)>0 -> FALSE | W76: =COUNTIF(CategoryLists!$E:$E,A76)>0 -> FALSE | X76: =COUNTIF(CategoryLists!$F:$F,A76)>0 -> FALSE | Y76: =COUNTIF(CategoryLists!$G:$G,A76)>0 -> FALSE | Z76: =LEFT(A76,3)="PMS" -> FALSE | AA76: =OR(LEFT(A76,3)="CKP",LEFT(A76,3)="PNL",COUNTIF(CategoryLists!$I:$I,A76)>0) -> FALSE | AB76: =COUNTIF(CategoryLists!$H:$H,A76)>0 -> FALSE | AC76: =AND(A76<>"",D76=0) -> TRUE | AD76: =COUNTIF(CategoryLists!$A:$A,A76)>0 -> FALSE
A77: ASS-MCL | B77: Mix Classic @20TB/Box | C77: BOX | D77: 0 | E77: 0 | F77: 0 | G77: 0 | H77: 0 | I77: 0 | J77: 0 | K77: 0 | L77: 0 | M77: 0 | N77: 0 | O77: 0 | P77: 0 | T77: =COUNTIF(CategoryLists!$B:$B,A77)>0 -> FALSE | U77: =COUNTIF(CategoryLists!$C:$C,A77)>0 -> FALSE | V77: =COUNTIF(CategoryLists!$D:$D,A77)>0 -> FALSE | W77: =COUNTIF(CategoryLists!$E:$E,A77)>0 -> FALSE | X77: =COUNTIF(CategoryLists!$F:$F,A77)>0 -> FALSE | Y77: =COUNTIF(CategoryLists!$G:$G,A77)>0 -> FALSE | Z77: =LEFT(A77,3)="PMS" -> FALSE | AA77: =OR(LEFT(A77,3)="CKP",LEFT(A77,3)="PNL",COUNTIF(CategoryLists!$I:$I,A77)>0) -> FALSE | AB77: =COUNTIF(CategoryLists!$H:$H,A77)>0 -> FALSE | AC77: =AND(A77<>"",D77=0) -> TRUE | AD77: =COUNTIF(CategoryLists!$A:$A,A77)>0 -> FALSE
A78: ASS-MFR | B78: Mix Fruit Blend @20TB/Box | C78: BOX | D78: 14 | E78: 0 | F78: 0 | G78: 0 | H78: 0 | I78: 0 | J78: 0 | K78: 0 | L78: 0 | M78: 0 | N78: 0 | O78: 0 | P78: 0 | Q78: 45871 | R78: 15 | T78: =COUNTIF(CategoryLists!$B:$B,A78)>0 -> FALSE | U78: =COUNTIF(CategoryLists!$C:$C,A78)>0 -> FALSE | V78: =COUNTIF(CategoryLists!$D:$D,A78)>0 -> FALSE | W78: =COUNTIF(CategoryLists!$E:$E,A78)>0 -> FALSE | X78: =COUNTIF(CategoryLists!$F:$F,A78)>0 -> FALSE | Y78: =COUNTIF(CategoryLists!$G:$G,A78)>0 -> FALSE | Z78: =LEFT(A78,3)="PMS" -> FALSE | AA78: =OR(LEFT(A78,3)="CKP",LEFT(A78,3)="PNL",COUNTIF(CategoryLists!$I:$I,A78)>0) -> FALSE | AB78: =COUNTIF(CategoryLists!$H:$H,A78)>0 -> FALSE | AC78: =AND(A78<>"",D78=0) -> FALSE | AD78: =COUNTIF(CategoryLists!$A:$A,A78)>0 -> FALSE
A79: ASS-MM-LP250 | B79: Morrocan Mint @250gr/Pouch | C79: POU | D79: 21 | E79: 25 | F79: 10 | G79: 20 | H79: 18.3333 | I79: 1.1454 | J79: 34.3642 | K79: 24 | L79: 0.875 | M79: 26.25 | N79: 0 | O79: 0 | P79: 0 | Q79: 46266 | R79: 5 | T79: =COUNTIF(CategoryLists!$B:$B,A79)>0 -> FALSE | U79: =COUNTIF(CategoryLists!$C:$C,A79)>0 -> FALSE | V79: =COUNTIF(CategoryLists!$D:$D,A79)>0 -> FALSE | W79: =COUNTIF(CategoryLists!$E:$E,A79)>0 -> FALSE | X79: =COUNTIF(CategoryLists!$F:$F,A79)>0 -> FALSE | Y79: =COUNTIF(CategoryLists!$G:$G,A79)>0 -> FALSE | Z79: =LEFT(A79,3)="PMS" -> FALSE | AA79: =OR(LEFT(A79,3)="CKP",LEFT(A79,3)="PNL",COUNTIF(CategoryLists!$I:$I,A79)>0) -> FALSE | AB79: =COUNTIF(CategoryLists!$H:$H,A79)>0 -> FALSE | AC79: =AND(A79<>"",D79=0) -> FALSE | AD79: =COUNTIF(CategoryLists!$A:$A,A79)>0 -> FALSE
A80: ASS-MO-B | B80: Manggo Tea @50TB/Box | C80: BOX | D80: 7 | E80: 7 | F80: 10 | G80: 11 | H80: 9.3333 | I80: 0.75 | J80: 22.5008 | K80: 13 | L80: 0.5384 | M80: 16.155 | N80: 0 | O80: 0 | P80: 0 | Q80: 46266 | R80: 3 | S80: 1 | T80: =COUNTIF(CategoryLists!$B:$B,A80)>0 -> FALSE | U80: =COUNTIF(CategoryLists!$C:$C,A80)>0 -> FALSE | V80: =COUNTIF(CategoryLists!$D:$D,A80)>0 -> FALSE | W80: =COUNTIF(CategoryLists!$E:$E,A80)>0 -> FALSE | X80: =COUNTIF(CategoryLists!$F:$F,A80)>0 -> FALSE | Y80: =COUNTIF(CategoryLists!$G:$G,A80)>0 -> FALSE | Z80: =LEFT(A80,3)="PMS" -> FALSE | AA80: =OR(LEFT(A80,3)="CKP",LEFT(A80,3)="PNL",COUNTIF(CategoryLists!$I:$I,A80)>0) -> FALSE | AB80: =COUNTIF(CategoryLists!$H:$H,A80)>0 -> FALSE | AC80: =AND(A80<>"",D80=0) -> FALSE | AD80: =COUNTIF(CategoryLists!$A:$A,A80)>0 -> FALSE
A81: ASS-MO-LP250 | B81: Mango Tea @250gr/Pouch | C81: POU | D81: 0 | E81: 0 | F81: 0 | G81: 0 | H81: 0 | I81: 0 | J81: 0 | K81: 0 | L81: 0 | M81: 0 | N81: 0 | O81: 0 | P81: 0 | Q81: 45254 | R81: 4 | T81: =COUNTIF(CategoryLists!$B:$B,A81)>0 -> FALSE | U81: =COUNTIF(CategoryLists!$C:$C,A81)>0 -> FALSE | V81: =COUNTIF(CategoryLists!$D:$D,A81)>0 -> FALSE | W81: =COUNTIF(CategoryLists!$E:$E,A81)>0 -> FALSE | X81: =COUNTIF(CategoryLists!$F:$F,A81)>0 -> FALSE | Y81: =COUNTIF(CategoryLists!$G:$G,A81)>0 -> FALSE | Z81: =LEFT(A81,3)="PMS" -> FALSE | AA81: =OR(LEFT(A81,3)="CKP",LEFT(A81,3)="PNL",COUNTIF(CategoryLists!$I:$I,A81)>0) -> FALSE | AB81: =COUNTIF(CategoryLists!$H:$H,A81)>0 -> FALSE | AC81: =AND(A81<>"",D81=0) -> TRUE | AD81: =COUNTIF(CategoryLists!$A:$A,A81)>0 -> FALSE
A82: ASS-MO-TB10 | B82: Manggo Tea @10tb/pack | C82: BOX | D82: 10 | E82: 6 | F82: 13 | G82: 10 | H82: 9.6666 | I82: 1.0344 | J82: 31.0366 | K82: 0 | L82: 0 | M82: 0 | N82: 0 | O82: 0 | P82: 0 | Q82: 46266 | R82: 10 | S82: 123 | T82: =COUNTIF(CategoryLists!$B:$B,A82)>0 -> FALSE | U82: =COUNTIF(CategoryLists!$C:$C,A82)>0 -> FALSE | V82: =COUNTIF(CategoryLists!$D:$D,A82)>0 -> FALSE | W82: =COUNTIF(CategoryLists!$E:$E,A82)>0 -> FALSE | X82: =COUNTIF(CategoryLists!$F:$F,A82)>0 -> FALSE | Y82: =COUNTIF(CategoryLists!$G:$G,A82)>0 -> FALSE | Z82: =LEFT(A82,3)="PMS" -> FALSE | AA82: =OR(LEFT(A82,3)="CKP",LEFT(A82,3)="PNL",COUNTIF(CategoryLists!$I:$I,A82)>0) -> FALSE | AB82: =COUNTIF(CategoryLists!$H:$H,A82)>0 -> FALSE | AC82: =AND(A82<>"",D82=0) -> FALSE | AD82: =COUNTIF(CategoryLists!$A:$A,A82)>0 -> FALSE
A83: ASS-MO-TB25 | B83: Mango Tea @25Tb/Tincan - Grand Hyatt | C83: TIN | D83: 0 | E83: 0 | F83: 0 | G83: 0 | H83: 0 | I83: 0 | J83: 0 | K83: 0 | L83: 0 | M83: 0 | N83: 0 | O83: 0 | P83: 0 | Q83: 44676 | R83: 10 | T83: =COUNTIF(CategoryLists!$B:$B,A83)>0 -> FALSE | U83: =COUNTIF(CategoryLists!$C:$C,A83)>0 -> FALSE | V83: =COUNTIF(CategoryLists!$D:$D,A83)>0 -> FALSE | W83: =COUNTIF(CategoryLists!$E:$E,A83)>0 -> FALSE | X83: =COUNTIF(CategoryLists!$F:$F,A83)>0 -> FALSE | Y83: =COUNTIF(CategoryLists!$G:$G,A83)>0 -> FALSE | Z83: =LEFT(A83,3)="PMS" -> FALSE | AA83: =OR(LEFT(A83,3)="CKP",LEFT(A83,3)="PNL",COUNTIF(CategoryLists!$I:$I,A83)>0) -> FALSE | AB83: =COUNTIF(CategoryLists!$H:$H,A83)>0 -> FALSE | AC83: =AND(A83<>"",D83=0) -> TRUE | AD83: =COUNTIF(CategoryLists!$A:$A,A83)>0 -> FALSE
A84: ASS-O-ORTC60 | B84: Halimun Oolong (Organic)@50g/Tincan | C84: TIN | D84: 0 | E84: 0 | F84: 0 | G84: 0 | H84: 0 | I84: 0 | J84: 0 | K84: 0 | L84: 0 | M84: 0 | N84: 0 | O84: 0 | P84: 0 | T84: =COUNTIF(CategoryLists!$B:$B,A84)>0 -> FALSE | U84: =COUNTIF(CategoryLists!$C:$C,A84)>0 -> FALSE | V84: =COUNTIF(CategoryLists!$D:$D,A84)>0 -> FALSE | W84: =COUNTIF(CategoryLists!$E:$E,A84)>0 -> FALSE | X84: =COUNTIF(CategoryLists!$F:$F,A84)>0 -> FALSE | Y84: =COUNTIF(CategoryLists!$G:$G,A84)>0 -> FALSE | Z84: =LEFT(A84,3)="PMS" -> FALSE | AA84: =OR(LEFT(A84,3)="CKP",LEFT(A84,3)="PNL",COUNTIF(CategoryLists!$I:$I,A84)>0) -> FALSE | AB84: =COUNTIF(CategoryLists!$H:$H,A84)>0 -> FALSE | AC84: =AND(A84<>"",D84=0) -> TRUE | AD84: =COUNTIF(CategoryLists!$A:$A,A84)>0 -> FALSE
A85: ASS-OP-LPP50 | B85: English Breakfast (O.P) @50Pbx3g | C85: POU | D85: 0 | E85: 0 | F85: 0 | G85: 0 | H85: 0 | I85: 0 | J85: 0 | K85: 0 | L85: 0 | M85: 0 | N85: 0 | O85: 0 | P85: 0 | T85: =COUNTIF(CategoryLists!$B:$B,A85)>0 -> FALSE | U85: =COUNTIF(CategoryLists!$C:$C,A85)>0 -> FALSE | V85: =COUNTIF(CategoryLists!$D:$D,A85)>0 -> FALSE | W85: =COUNTIF(CategoryLists!$E:$E,A85)>0 -> FALSE | X85: =COUNTIF(CategoryLists!$F:$F,A85)>0 -> FALSE | Y85: =COUNTIF(CategoryLists!$G:$G,A85)>0 -> FALSE | Z85: =LEFT(A85,3)="PMS" -> FALSE | AA85: =OR(LEFT(A85,3)="CKP",LEFT(A85,3)="PNL",COUNTIF(CategoryLists!$I:$I,A85)>0) -> FALSE | AB85: =COUNTIF(CategoryLists!$H:$H,A85)>0 -> FALSE | AC85: =AND(A85<>"",D85=0) -> TRUE | AD85: =COUNTIF(CategoryLists!$A:$A,A85)>0 -> FALSE
A86: ASS-OP-MP50 | B86: Java O.P @50 PB x 3g | C86: POU | D86: 0 | E86: 0 | F86: 0 | G86: 0 | H86: 0 | I86: 0 | J86: 0 | K86: 0 | L86: 0 | M86: 0 | N86: 0 | O86: 0 | P86: 0 | T86: =COUNTIF(CategoryLists!$B:$B,A86)>0 -> FALSE | U86: =COUNTIF(CategoryLists!$C:$C,A86)>0 -> FALSE | V86: =COUNTIF(CategoryLists!$D:$D,A86)>0 -> FALSE | W86: =COUNTIF(CategoryLists!$E:$E,A86)>0 -> FALSE | X86: =COUNTIF(CategoryLists!$F:$F,A86)>0 -> FALSE | Y86: =COUNTIF(CategoryLists!$G:$G,A86)>0 -> FALSE | Z86: =LEFT(A86,3)="PMS" -> FALSE | AA86: =OR(LEFT(A86,3)="CKP",LEFT(A86,3)="PNL",COUNTIF(CategoryLists!$I:$I,A86)>0) -> FALSE | AB86: =COUNTIF(CategoryLists!$H:$H,A86)>0 -> FALSE | AC86: =AND(A86<>"",D86=0) -> TRUE | AD86: =COUNTIF(CategoryLists!$A:$A,A86)>0 -> FALSE
A87: ASS-OP-TC60 | B87: Java O.P @60g/Tincan | C87: TIN | D87: 0 | E87: 0 | F87: 0 | G87: 0 | H87: 0 | I87: 0 | J87: 0 | K87: 0 | L87: 0 | M87: 0 | N87: 0 | O87: 0 | P87: 0 | T87: =COUNTIF(CategoryLists!$B:$B,A87)>0 -> FALSE | U87: =COUNTIF(CategoryLists!$C:$C,A87)>0 -> FALSE | V87: =COUNTIF(CategoryLists!$D:$D,A87)>0 -> FALSE | W87: =COUNTIF(CategoryLists!$E:$E,A87)>0 -> FALSE | X87: =COUNTIF(CategoryLists!$F:$F,A87)>0 -> FALSE | Y87: =COUNTIF(CategoryLists!$G:$G,A87)>0 -> FALSE | Z87: =LEFT(A87,3)="PMS" -> FALSE | AA87: =OR(LEFT(A87,3)="CKP",LEFT(A87,3)="PNL",COUNTIF(CategoryLists!$I:$I,A87)>0) -> FALSE | AB87: =COUNTIF(CategoryLists!$H:$H,A87)>0 -> FALSE | AC87: =AND(A87<>"",D87=0) -> TRUE | AD87: =COUNTIF(CategoryLists!$A:$A,A87)>0 -> FALSE
A88: ASS-PCDL1000 | B88: Papua Choco Delight @500gr/pack | C88: PACK | D88: 0 | E88: 0 | F88: 0 | G88: 0 | H88: 0 | I88: 0 | J88: 0 | K88: 0 | L88: 0 | M88: 0 | N88: 0 | O88: 0 | P88: 0 | T88: =COUNTIF(CategoryLists!$B:$B,A88)>0 -> FALSE | U88: =COUNTIF(CategoryLists!$C:$C,A88)>0 -> FALSE | V88: =COUNTIF(CategoryLists!$D:$D,A88)>0 -> FALSE | W88: =COUNTIF(CategoryLists!$E:$E,A88)>0 -> FALSE | X88: =COUNTIF(CategoryLists!$F:$F,A88)>0 -> FALSE | Y88: =COUNTIF(CategoryLists!$G:$G,A88)>0 -> FALSE | Z88: =LEFT(A88,3)="PMS" -> FALSE | AA88: =OR(LEFT(A88,3)="CKP",LEFT(A88,3)="PNL",COUNTIF(CategoryLists!$I:$I,A88)>0) -> FALSE | AB88: =COUNTIF(CategoryLists!$H:$H,A88)>0 -> FALSE | AC88: =AND(A88<>"",D88=0) -> TRUE | AD88: =COUNTIF(CategoryLists!$A:$A,A88)>0 -> FALSE
A89: ASS-PD-G | B89: Pandanus Green Tea @50TB/Box | C89: BOX | D89: 14 | E89: 18 | F89: 13 | G89: 11 | H89: 14 | I89: 1 | J89: 30.0042 | K89: 7 | L89: 2 | M89: 60.0085 | N89: 0 | O89: 0 | P89: 0 | Q89: 46266 | R89: 4 | T89: =COUNTIF(CategoryLists!$B:$B,A89)>0 -> FALSE | U89: =COUNTIF(CategoryLists!$C:$C,A89)>0 -> FALSE | V89: =COUNTIF(CategoryLists!$D:$D,A89)>0 -> FALSE | W89: =COUNTIF(CategoryLists!$E:$E,A89)>0 -> FALSE | X89: =COUNTIF(CategoryLists!$F:$F,A89)>0 -> FALSE | Y89: =COUNTIF(CategoryLists!$G:$G,A89)>0 -> FALSE | Z89: =LEFT(A89,3)="PMS" -> FALSE | AA89: =OR(LEFT(A89,3)="CKP",LEFT(A89,3)="PNL",COUNTIF(CategoryLists!$I:$I,A89)>0) -> FALSE | AB89: =COUNTIF(CategoryLists!$H:$H,A89)>0 -> FALSE | AC89: =AND(A89<>"",D89=0) -> FALSE | AD89: =COUNTIF(CategoryLists!$A:$A,A89)>0 -> FALSE
A90: ASS-PD-G10 | B90: Pandanus Green Tea @10TB/Box | C90: BOX | D90: 0 | E90: 0 | F90: 0 | G90: 0 | H90: 0 | I90: 0 | J90: 0 | K90: 0 | L90: 0 | M90: 0 | N90: 0 | O90: 0 | P90: 0 | T90: =COUNTIF(CategoryLists!$B:$B,A90)>0 -> FALSE | U90: =COUNTIF(CategoryLists!$C:$C,A90)>0 -> FALSE | V90: =COUNTIF(CategoryLists!$D:$D,A90)>0 -> FALSE | W90: =COUNTIF(CategoryLists!$E:$E,A90)>0 -> FALSE | X90: =COUNTIF(CategoryLists!$F:$F,A90)>0 -> FALSE | Y90: =COUNTIF(CategoryLists!$G:$G,A90)>0 -> FALSE | Z90: =LEFT(A90,3)="PMS" -> FALSE | AA90: =OR(LEFT(A90,3)="CKP",LEFT(A90,3)="PNL",COUNTIF(CategoryLists!$I:$I,A90)>0) -> FALSE | AB90: =COUNTIF(CategoryLists!$H:$H,A90)>0 -> FALSE | AC90: =AND(A90<>"",D90=0) -> TRUE | AD90: =COUNTIF(CategoryLists!$A:$A,A90)>0 -> FALSE
A91: ASS-PD-LP250 | B91: Pandanus Green Tea @250gr/Pouch | C91: POU | D91: 0 | E91: 0 | F91: 0 | G91: 0 | H91: 0 | I91: 0 | J91: 0 | K91: 0 | L91: 0 | M91: 0 | N91: 0 | O91: 0 | P91: 0 | T91: =COUNTIF(CategoryLists!$B:$B,A91)>0 -> FALSE | U91: =COUNTIF(CategoryLists!$C:$C,A91)>0 -> FALSE | V91: =COUNTIF(CategoryLists!$D:$D,A91)>0 -> FALSE | W91: =COUNTIF(CategoryLists!$E:$E,A91)>0 -> FALSE | X91: =COUNTIF(CategoryLists!$F:$F,A91)>0 -> FALSE | Y91: =COUNTIF(CategoryLists!$G:$G,A91)>0 -> FALSE | Z91: =LEFT(A91,3)="PMS" -> FALSE | AA91: =OR(LEFT(A91,3)="CKP",LEFT(A91,3)="PNL",COUNTIF(CategoryLists!$I:$I,A91)>0) -> FALSE | AB91: =COUNTIF(CategoryLists!$H:$H,A91)>0 -> FALSE | AC91: =AND(A91<>"",D91=0) -> TRUE | AD91: =COUNTIF(CategoryLists!$A:$A,A91)>0 -> FALSE
A92: ASS-PD-TB25 | B92: Pandanus Green Tea @25Tb/Tincan - Grand Hyatt | C92: TIN | D92: 0 | E92: 0 | F92: 0 | G92: 0 | H92: 0 | I92: 0 | J92: 0 | K92: 0 | L92: 0 | M92: 0 | N92: 0 | O92: 0 | P92: 0 | Q92: 44837 | R92: 10 | T92: =COUNTIF(CategoryLists!$B:$B,A92)>0 -> FALSE | U92: =COUNTIF(CategoryLists!$C:$C,A92)>0 -> FALSE | V92: =COUNTIF(CategoryLists!$D:$D,A92)>0 -> FALSE | W92: =COUNTIF(CategoryLists!$E:$E,A92)>0 -> FALSE | X92: =COUNTIF(CategoryLists!$F:$F,A92)>0 -> FALSE | Y92: =COUNTIF(CategoryLists!$G:$G,A92)>0 -> FALSE | Z92: =LEFT(A92,3)="PMS" -> FALSE | AA92: =OR(LEFT(A92,3)="CKP",LEFT(A92,3)="PNL",COUNTIF(CategoryLists!$I:$I,A92)>0) -> FALSE | AB92: =COUNTIF(CategoryLists!$H:$H,A92)>0 -> FALSE | AC92: =AND(A92<>"",D92=0) -> TRUE | AD92: =COUNTIF(CategoryLists!$A:$A,A92)>0 -> FALSE
A93: ASS-PD-TC40 | B93: Pandanus Green Tea @40g/Tincan | C93: TIN | D93: 0 | E93: 0 | F93: 0 | G93: 0 | H93: 0 | I93: 0 | J93: 0 | K93: 0 | L93: 0 | M93: 0 | N93: 0 | O93: 0 | P93: 0 | T93: =COUNTIF(CategoryLists!$B:$B,A93)>0 -> FALSE | U93: =COUNTIF(CategoryLists!$C:$C,A93)>0 -> FALSE | V93: =COUNTIF(CategoryLists!$D:$D,A93)>0 -> FALSE | W93: =COUNTIF(CategoryLists!$E:$E,A93)>0 -> FALSE | X93: =COUNTIF(CategoryLists!$F:$F,A93)>0 -> FALSE | Y93: =COUNTIF(CategoryLists!$G:$G,A93)>0 -> FALSE | Z93: =LEFT(A93,3)="PMS" -> FALSE | AA93: =OR(LEFT(A93,3)="CKP",LEFT(A93,3)="PNL",COUNTIF(CategoryLists!$I:$I,A93)>0) -> FALSE | AB93: =COUNTIF(CategoryLists!$H:$H,A93)>0 -> FALSE | AC93: =AND(A93<>"",D93=0) -> TRUE | AD93: =COUNTIF(CategoryLists!$A:$A,A93)>0 -> FALSE
A94: ASS-PE-TB10 | B94: Savis Peppermint Tea 10Tb/Box | C94: BOX | D94: 16 | E94: 6 | F94: 30 | G94: 7 | H94: 14.3333 | I94: 1.1162 | J94: 33.4938 | K94: 24 | L94: 0.6666 | M94: 20 | N94: 6 | O94: 0.1776 | P94: 5.3333 | Q94: 46266 | R94: 8 | S94: 195 | T94: =COUNTIF(CategoryLists!$B:$B,A94)>0 -> FALSE | U94: =COUNTIF(CategoryLists!$C:$C,A94)>0 -> FALSE | V94: =COUNTIF(CategoryLists!$D:$D,A94)>0 -> FALSE | W94: =COUNTIF(CategoryLists!$E:$E,A94)>0 -> FALSE | X94: =COUNTIF(CategoryLists!$F:$F,A94)>0 -> FALSE | Y94: =COUNTIF(CategoryLists!$G:$G,A94)>0 -> FALSE | Z94: =LEFT(A94,3)="PMS" -> FALSE | AA94: =OR(LEFT(A94,3)="CKP",LEFT(A94,3)="PNL",COUNTIF(CategoryLists!$I:$I,A94)>0) -> FALSE | AB94: =COUNTIF(CategoryLists!$H:$H,A94)>0 -> FALSE | AC94: =AND(A94<>"",D94=0) -> FALSE | AD94: =COUNTIF(CategoryLists!$A:$A,A94)>0 -> FALSE
A95: ASS-PE-TB50 | B95: Peppermint Tea @50tb/Box | C95: BOX | D95: 32 | E95: 58 | F95: 87 | G95: 93 | H95: 79.3333 | I95: 0.4033 | J95: 12.101 | K95: 67 | L95: 0.4776 | M95: 14.3285 | N95: 2 | O95: 1.0656 | P95: 32 | Q95: 46266 | R95: 20 | T95: =COUNTIF(CategoryLists!$B:$B,A95)>0 -> FALSE | U95: =COUNTIF(CategoryLists!$C:$C,A95)>0 -> FALSE | V95: =COUNTIF(CategoryLists!$D:$D,A95)>0 -> FALSE | W95: =COUNTIF(CategoryLists!$E:$E,A95)>0 -> FALSE | X95: =COUNTIF(CategoryLists!$F:$F,A95)>0 -> FALSE | Y95: =COUNTIF(CategoryLists!$G:$G,A95)>0 -> FALSE | Z95: =LEFT(A95,3)="PMS" -> FALSE | AA95: =OR(LEFT(A95,3)="CKP",LEFT(A95,3)="PNL",COUNTIF(CategoryLists!$I:$I,A95)>0) -> FALSE | AB95: =COUNTIF(CategoryLists!$H:$H,A95)>0 -> FALSE | AC95: =AND(A95<>"",D95=0) -> FALSE | AD95: =COUNTIF(CategoryLists!$A:$A,A95)>0 -> FALSE
A96: ASS-PGT | B96: Pure Green Tea @50TB/Box | C96: BOX | D96: 31 | E96: 151 | F96: 235 | G96: 288 | H96: 224.6666 | I96: 0.1379 | J96: 4.1395 | K96: 174 | L96: 0.1781 | M96: 5.3448 | N96: 10 | O96: 0.2064 | P96: 6.2 | Q96: 46266 | R96: 35 | S96: 292 | T96: =COUNTIF(CategoryLists!$B:$B,A96)>0 -> FALSE | U96: =COUNTIF(CategoryLists!$C:$C,A96)>0 -> FALSE | V96: =COUNTIF(CategoryLists!$D:$D,A96)>0 -> FALSE | W96: =COUNTIF(CategoryLists!$E:$E,A96)>0 -> FALSE | X96: =COUNTIF(CategoryLists!$F:$F,A96)>0 -> FALSE | Y96: =COUNTIF(CategoryLists!$G:$G,A96)>0 -> FALSE | Z96: =LEFT(A96,3)="PMS" -> FALSE | AA96: =OR(LEFT(A96,3)="CKP",LEFT(A96,3)="PNL",COUNTIF(CategoryLists!$I:$I,A96)>0) -> FALSE | AB96: =COUNTIF(CategoryLists!$H:$H,A96)>0 -> FALSE | AC96: =AND(A96<>"",D96=0) -> FALSE | AD96: =COUNTIF(CategoryLists!$A:$A,A96)>0 -> FALSE
A97: ASS-PGT-G | B97: Pure Green Tea @50TB/Box - Grand Hyatt | C97: BOX | D97: 0 | E97: 0 | F97: 0 | G97: 0 | H97: 0 | I97: 0 | J97: 0 | K97: 0 | L97: 0 | M97: 0 | N97: 0 | O97: 0 | P97: 0 | Q97: 45510 | R97: 50 | S97: 52 | T97: =COUNTIF(CategoryLists!$B:$B,A97)>0 -> FALSE | U97: =COUNTIF(CategoryLists!$C:$C,A97)>0 -> FALSE | V97: =COUNTIF(CategoryLists!$D:$D,A97)>0 -> FALSE | W97: =COUNTIF(CategoryLists!$E:$E,A97)>0 -> FALSE | X97: =COUNTIF(CategoryLists!$F:$F,A97)>0 -> FALSE | Y97: =COUNTIF(CategoryLists!$G:$G,A97)>0 -> FALSE | Z97: =LEFT(A97,3)="PMS" -> FALSE | AA97: =OR(LEFT(A97,3)="CKP",LEFT(A97,3)="PNL",COUNTIF(CategoryLists!$I:$I,A97)>0) -> FALSE | AB97: =COUNTIF(CategoryLists!$H:$H,A97)>0 -> FALSE | AC97: =AND(A97<>"",D97=0) -> TRUE | AD97: =COUNTIF(CategoryLists!$A:$A,A97)>0 -> FALSE
A98: ASS-PGT10 | B98: Pure Green Tea @10TB/Box | C98: BOX | D98: 0 | E98: 0 | F98: 0 | G98: 0 | H98: 0 | I98: 0 | J98: 0 | K98: 0 | L98: 0 | M98: 0 | N98: 0 | O98: 0 | P98: 0 | Q98: 45456 | R98: 5 | T98: =COUNTIF(CategoryLists!$B:$B,A98)>0 -> FALSE | U98: =COUNTIF(CategoryLists!$C:$C,A98)>0 -> FALSE | V98: =COUNTIF(CategoryLists!$D:$D,A98)>0 -> FALSE | W98: =COUNTIF(CategoryLists!$E:$E,A98)>0 -> FALSE | X98: =COUNTIF(CategoryLists!$F:$F,A98)>0 -> FALSE | Y98: =COUNTIF(CategoryLists!$G:$G,A98)>0 -> FALSE | Z98: =LEFT(A98,3)="PMS" -> FALSE | AA98: =OR(LEFT(A98,3)="CKP",LEFT(A98,3)="PNL",COUNTIF(CategoryLists!$I:$I,A98)>0) -> FALSE | AB98: =COUNTIF(CategoryLists!$H:$H,A98)>0 -> FALSE | AC98: =AND(A98<>"",D98=0) -> TRUE | AD98: =COUNTIF(CategoryLists!$A:$A,A98)>0 -> FALSE
A99: ASS-PL-LP250 | B99: Lemongrass @250gr | C99: POU | D99: 6 | E99: 12 | F99: 4 | G99: 5 | H99: 7 | I99: 0.8571 | J99: 25.7179 | K99: 12 | L99: 0.5 | M99: 15 | N99: 0 | O99: 0 | P99: 0 | Q99: 46266 | R99: 4 | T99: =COUNTIF(CategoryLists!$B:$B,A99)>0 -> FALSE | U99: =COUNTIF(CategoryLists!$C:$C,A99)>0 -> FALSE | V99: =COUNTIF(CategoryLists!$D:$D,A99)>0 -> FALSE | W99: =COUNTIF(CategoryLists!$E:$E,A99)>0 -> FALSE | X99: =COUNTIF(CategoryLists!$F:$F,A99)>0 -> FALSE | Y99: =COUNTIF(CategoryLists!$G:$G,A99)>0 -> FALSE | Z99: =LEFT(A99,3)="PMS" -> FALSE | AA99: =OR(LEFT(A99,3)="CKP",LEFT(A99,3)="PNL",COUNTIF(CategoryLists!$I:$I,A99)>0) -> FALSE | AB99: =COUNTIF(CategoryLists!$H:$H,A99)>0 -> FALSE | AC99: =AND(A99<>"",D99=0) -> FALSE | AD99: =COUNTIF(CategoryLists!$A:$A,A99)>0 -> FALSE
A100: ASS-PM-LP250 | B100: Pomegranate White Tea @250gr/Pouch | C100: POU | D100: 0 | E100: 0 | F100: 0 | G100: 0 | H100: 0 | I100: 0 | J100: 0 | K100: 0 | L100: 0 | M100: 0 | N100: 0 | O100: 0 | P100: 0 | Q100: 44749 | R100: 1 | T100: =COUNTIF(CategoryLists!$B:$B,A100)>0 -> FALSE | U100: =COUNTIF(CategoryLists!$C:$C,A100)>0 -> FALSE | V100: =COUNTIF(CategoryLists!$D:$D,A100)>0 -> FALSE | W100: =COUNTIF(CategoryLists!$E:$E,A100)>0 -> FALSE | X100: =COUNTIF(CategoryLists!$F:$F,A100)>0 -> FALSE | Y100: =COUNTIF(CategoryLists!$G:$G,A100)>0 -> FALSE | Z100: =LEFT(A100,3)="PMS" -> FALSE | AA100: =OR(LEFT(A100,3)="CKP",LEFT(A100,3)="PNL",COUNTIF(CategoryLists!$I:$I,A100)>0) -> FALSE | AB100: =COUNTIF(CategoryLists!$H:$H,A100)>0 -> FALSE | AC100: =AND(A100<>"",D100=0) -> TRUE | AD100: =COUNTIF(CategoryLists!$A:$A,A100)>0 -> FALSE
...

Sheet CategoryLists
A1: Butter | B1: Pristine | C1: OSole | D1: Osterberg | E1: AgristoMaestro | F1: Soejasch | G1: IQF | H1: SavisPAS | I1: Mikol_Exceptions
A2: PEA0004 | B2: PIF0012 | C2: POS0031 | D2: POS0004 | E2: PAS0014 | F2: MRD1318A | G2: PQW0004 | H2: PAS0069 | I2: 010244
A3: PEA0003 | B3: PIF0011 | C3: POS0028 | D3: POS0010 | E3: PAS0053 | F3: MRD0430D | G3: PQW0010 | H3: PAS0068 | I3: 010245
A4: PEA0006 | B4: PIF0006 | C4: POS0027 | D4: POS0001 | E4: PAS0044 | F4: MRD0430D1 | G4: PQW0012 | H4: PAS0070 | I4: POT0001
A5: POT0046 | B5: PIF0007 | C5: POS0026 | D5: POS0002 | E5: PAS0015 | F5: MRD0430D3 | G5: PQW0013 | H5: PAS0047 | I5: POT0009
A6: PEA0010 | B6: PIF0013 | C6: POS0024 | D6: POS0003 | E6: PAS0036 | F6: PSJ0029 | G6: PQW0001 | H6: PAS0007 | I6: POT0044
A7: PEA0005 | B7: PIF0014 | C7: POS0025 | D7: POS0005 | E7: PAS0022 | F7: PSJ0027 | G7: PQW0002 | H7: PAS0067 | I7: POT0045
A8: PEA0007 | C8: POS0029 | D8: POS0006 | E8: PAS0049 | F8: PSJ0019 | G8: PQW0003 | H8: PAS0008 | I8: POT0053
A9: PAN0001 | C9: POS0030 | D9: POS0007 | E9: PAS0039 | F9: PSJ0024 | G9: PQW0005 | H9: PAS0052 | I9: POT0054
A10: PEA0008 | C10: POS0032 | D10: POS0008 | E10: PAS0048 | F10: PSJ0020 | G10: PQW0006 | H10: PAS0005 | I10: POT0055
A11: POT0049 | C11: POS0033 | D11: POS0009 | E11: PAS0037 | F11: PSJ0021 | G11: PQW0007 | H11: PAS0006 | I11: POT0056
A12: PAG0004 | C12: POS0034 | D12: POS0011 | E12: PAS0051 | F12: PSJ0023 | G12: PQW0008 | H12: PAS0012 | I12: POT0057
A13: BKL1533-18 | C13: POS0035 | D13: POS0012 | E13: PAS0031 | F13: PSJ0025 | G13: PQW0009 | H13: PAS0013 | I13: POT0058
A14: PAG0001 | C14: POS0036 | D14: POS0013 | E14: PAS0043 | F14: PSJ0026 | G14: PQW0011 | H14: PAS0062 | I14: POT0059
A15: PAG0002 | C15: POS0037 | D15: POS0014 | E15: PAS0064 | F15: PSJ0022 | H15: PAS0025 | I15: POT0093
A16: PEA0001 | C16: POS0038 | D16: POS0015 | E16: PAS0035 | F16: PSJ0002 | I16: POT0094
A17: PEA0002 | C17: POS0039 | D17: POS0016 | E17: PAS0011 | F17: PSJ0003 | I17: POT0095
D18: POS0017 | E18: PAS0026 | F18: PSJ0004 | I18: POT0096
D19: POS0018 | E19: PAS0027 | F19: PSJ0005 | I19: POT0097
D20: POS0019 | E20: PAS0032 | F20: PSJ0006 | I20: POT0101
D21: POS0020 | E21: PAS0034 | F21: PSJ0007 | I21: POT0103
D22: POS0021 | E22: PAS0040 | F22: PSJ0008
D23: POS0022 | E23: PAS0041 | F23: PSJ0009
D24: POS0023 | E24: PAS0042 | F24: PSJ0011
E25: PAS0050 | F25: PSJ0012
E26: PAS0065 | F26: PSJ0013
F27: PSJ0014
F28: PSJ0015
F29: PSJ0016
F30: PSJ0017
F31: PSJ0018

Sheet Butter
A1: =Data!A1 -> Kode_Brg | B1: =Data!B1 -> Nama_Brg | C1: =Data!C1 -> Kode_sat_Std | D1: =Data!D1 -> Saldo Akhir (Std) | E1: =Data!H1 -> Rata - Rata 3 Bulan | F1: =Data!J1 -> Buffer Day (3 Bulan) | G1: =Data!N1 -> Penjualan Tgl 1 sd 02 Sep 2026 | H1: =Data!P1 -> Buffer Day (Tgl 1 sd 02 Sep 2026) | J1: Helper: Data row# (auto)
A2: {=IFERROR(INDEX(Data!$A$2:$A$5000,$J2),IF(ROW()=2,"No data",""))} -> PEA0004 | B2: {=IFERROR(INDEX(Data!$B$2:$B$5000,$J2),"")} -> Gold Box Extra Butter MP341 | C2: {=IFERROR(INDEX(Data!$C$2:$C$5000,$J2),"")} -> KG | D2: {=IFERROR(INDEX(Data!$D$2:$D$5000,$J2),"")} -> 4300 | E2: {=IFERROR(INDEX(Data!$H$2:$H$5000,$J2),"")} -> 2100 | F2: {=IFERROR(INDEX(Data!$J$2:$J$5000,$J2),"")} -> 61.4285 | G2: {=IFERROR(INDEX(Data!$N$2:$N$5000,$J2),"")} -> 75 | H2: {=IFERROR(INDEX(Data!$P$2:$P$5000,$J2),"")} -> 114.6666 | J2: {=IFERROR(MATCH(_xlfn.AGGREGATE(14,6,(Data!$D$2:$D$5000-ROW(Data!$D$2:$D$5000)*0.0000001)/(--(Data!$AD$2:$AD$5000)),ROW()-1),(Data!$D$2:$D$5000-ROW(Data!$D$2:$D$5000)*0.0000001)/(--(Data!$AD$2:$AD$5000)),0),"")} -> 340
A3: {=IFERROR(INDEX(Data!$A$2:$A$5000,$J3),IF(ROW()=2,"No data",""))} -> PEA0003 | B3: {=IFERROR(INDEX(Data!$B$2:$B$5000,$J3),"")} -> Gold Box Melange Butter MP331 | C3: {=IFERROR(INDEX(Data!$C$2:$C$5000,$J3),"")} -> KG | D3: {=IFERROR(INDEX(Data!$D$2:$D$5000,$J3),"")} -> 3654 | E3: {=IFERROR(INDEX(Data!$H$2:$H$5000,$J3),"")} -> 491.6666 | F3: {=IFERROR(INDEX(Data!$J$2:$J$5000,$J3),"")} -> 222.9571 | G3: {=IFERROR(INDEX(Data!$N$2:$N$5000,$J3),"")} -> 75 | H3: {=IFERROR(INDEX(Data!$P$2:$P$5000,$J3),"")} -> 97.44 | J3: {=IFERROR(MATCH(_xlfn.AGGREGATE(14,6,(Data!$D$2:$D$5000-ROW(Data!$D$2:$D$5000)*0.0000001)/(--(Data!$AD$2:$AD$5000)),ROW()-1),(Data!$D$2:$D$5000-ROW(Data!$D$2:$D$5000)*0.0000001)/(--(Data!$AD$2:$AD$5000)),0),"")} -> 339
A4: {=IFERROR(INDEX(Data!$A$2:$A$5000,$J4),IF(ROW()=2,"No data",""))} -> PEA0006 | B4: {=IFERROR(INDEX(Data!$B$2:$B$5000,$J4),"")} -> Gold Box Extra Butter MP341 5 Kg | C4: {=IFERROR(INDEX(Data!$C$2:$C$5000,$J4),"")} -> KG | D4: {=IFERROR(INDEX(Data!$D$2:$D$5000,$J4),"")} -> 799.2304 | E4: {=IFERROR(INDEX(Data!$H$2:$H$5000,$J4),"")} -> 139.8032 | F4: {=IFERROR(INDEX(Data!$J$2:$J$5000,$J4),"")} -> 171.5049 | G4: {=IFERROR(INDEX(Data!$N$2:$N$5000,$J4),"")} -> 81.1098 | H4: {=IFERROR(INDEX(Data!$P$2:$P$5000,$J4),"")} -> 19.7073 | J4: {=IFERROR(MATCH(_xlfn.AGGREGATE(14,6,(Data!$D$2:$D$5000-ROW(Data!$D$2:$D$5000)*0.0000001)/(--(Data!$AD$2:$AD$5000)),ROW()-1),(Data!$D$2:$D$5000-ROW(Data!$D$2:$D$5000)*0.0000001)/(--(Data!$AD$2:$AD$5000)),0),"")} -> 342
A5: {=IFERROR(INDEX(Data!$A$2:$A$5000,$J5),IF(ROW()=2,"No data",""))} -> POT0046 | B5: {=IFERROR(INDEX(Data!$B$2:$B$5000,$J5),"")} -> Australian Butter Unsalted | C5: {=IFERROR(INDEX(Data!$C$2:$C$5000,$J5),"")} -> KG | D5: {=IFERROR(INDEX(Data!$D$2:$D$5000,$J5),"")} -> 675 | E5: {=IFERROR(INDEX(Data!$H$2:$H$5000,$J5),"")} -> 1366.6666 | F5: {=IFERROR(INDEX(Data!$J$2:$J$5000,$J5),"")} -> 14.817 | G5: {=IFERROR(INDEX(Data!$N$2:$N$5000,$J5),"")} -> 150 | H5: {=IFERROR(INDEX(Data!$P$2:$P$5000,$J5),"")} -> 9 | J5: {=IFERROR(MATCH(_xlfn.AGGREGATE(14,6,(Data!$D$2:$D$5000-ROW(Data!$D$2:$D$5000)*0.0000001)/(--(Data!$AD$2:$AD$5000)),ROW()-1),(Data!$D$2:$D$5000-ROW(Data!$D$2:$D$5000)*0.0000001)/(--(Data!$AD$2:$AD$5000)),0),"")} -> 623
A6: {=IFERROR(INDEX(Data!$A$2:$A$5000,$J6),IF(ROW()=2,"No data",""))} -> PEA0005 | B6: {=IFERROR(INDEX(Data!$B$2:$B$5000,$J6),"")} -> Gold Box Melange Butter MP331 5 Kg | C6: {=IFERROR(INDEX(Data!$C$2:$C$5000,$J6),"")} -> KG | D6: {=IFERROR(INDEX(Data!$D$2:$D$5000,$J6),"")} -> 365.0202 | E6: {=IFERROR(INDEX(Data!$H$2:$H$5000,$J6),"")} -> 281.9261 | F6: {=IFERROR(INDEX(Data!$J$2:$J$5000,$J6),"")} -> 38.8422 | G6: {=IFERROR(INDEX(Data!$N$2:$N$5000,$J6),"")} -> 10.32 | H6: {=IFERROR(INDEX(Data!$P$2:$P$5000,$J6),"")} -> 70.7403 | J6: {=IFERROR(MATCH(_xlfn.AGGREGATE(14,6,(Data!$D$2:$D$5000-ROW(Data!$D$2:$D$5000)*0.0000001)/(--(Data!$AD$2:$AD$5000)),ROW()-1),(Data!$D$2:$D$5000-ROW(Data!$D$2:$D$5000)*0.0000001)/(--(Data!$AD$2:$AD$5000)),0),"")} -> 341
A7: {=IFERROR(INDEX(Data!$A$2:$A$5000,$J7),IF(ROW()=2,"No data",""))} -> PEA0010 | B7: {=IFERROR(INDEX(Data!$B$2:$B$5000,$J7),"")} -> Gold Box Extra Butter MP341 1 Kg | C7: {=IFERROR(INDEX(Data!$C$2:$C$5000,$J7),"")} -> KG | D7: {=IFERROR(INDEX(Data!$D$2:$D$5000,$J7),"")} -> 355.0701 | E7: {=IFERROR(INDEX(Data!$H$2:$H$5000,$J7),"")} -> 118.6149 | F7: {=IFERROR(INDEX(Data!$J$2:$J$5000,$J7),"")} -> 89.8047 | G7: {=IFERROR(INDEX(Data!$N$2:$N$5000,$J7),"")} -> 7.7 | H7: {=IFERROR(INDEX(Data!$P$2:$P$5000,$J7),"")} -> 92.226 | J7: {=IFERROR(MATCH(_xlfn.AGGREGATE(14,6,(Data!$D$2:$D$5000-ROW(Data!$D$2:$D$5000)*0.0000001)/(--(Data!$AD$2:$AD$5000)),ROW()-1),(Data!$D$2:$D$5000-ROW(Data!$D$2:$D$5000)*0.0000001)/(--(Data!$AD$2:$AD$5000)),0),"")} -> 346
A8: {=IFERROR(INDEX(Data!$A$2:$A$5000,$J8),IF(ROW()=2,"No data",""))} -> PEA0007 | B8: {=IFERROR(INDEX(Data!$B$2:$B$5000,$J8),"")} -> Gold Box Melange Butter MP331 250 Gr - Sample | C8: {=IFERROR(INDEX(Data!$C$2:$C$5000,$J8),"")} -> PACK | D8: {=IFERROR(INDEX(Data!$D$2:$D$5000,$J8),"")} -> 22 | E8: {=IFERROR(INDEX(Data!$H$2:$H$5000,$J8),"")} -> 9.6666 | F8: {=IFERROR(INDEX(Data!$J$2:$J$5000,$J8),"")} -> 68.2805 | G8: {=IFERROR(INDEX(Data!$N$2:$N$5000,$J8),"")} -> 0 | H8: {=IFERROR(INDEX(Data!$P$2:$P$5000,$J8),"")} -> 0 | J8: {=IFERROR(MATCH(_xlfn.AGGREGATE(14,6,(Data!$D$2:$D$5000-ROW(Data!$D$2:$D$5000)*0.0000001)/(--(Data!$AD$2:$AD$5000)),ROW()-1),(Data!$D$2:$D$5000-ROW(Data!$D$2:$D$5000)*0.0000001)/(--(Data!$AD$2:$AD$5000)),0),"")} -> 343
A9: {=IFERROR(INDEX(Data!$A$2:$A$5000,$J9),IF(ROW()=2,"No data",""))} -> PAN0001 | B9: {=IFERROR(INDEX(Data!$B$2:$B$5000,$J9),"")} -> Australian Butter Unsalted 5 Kg | C9: {=IFERROR(INDEX(Data!$C$2:$C$5000,$J9),"")} -> KG | D9: {=IFERROR(INDEX(Data!$D$2:$D$5000,$J9),"")} -> 20 | E9: {=IFERROR(INDEX(Data!$H$2:$H$5000,$J9),"")} -> 0 | F9: {=IFERROR(INDEX(Data!$J$2:$J$5000,$J9),"")} -> 0 | G9: {=IFERROR(INDEX(Data!$N$2:$N$5000,$J9),"")} -> 0 | H9: {=IFERROR(INDEX(Data!$P$2:$P$5000,$J9),"")} -> 0 | J9: {=IFERROR(MATCH(_xlfn.AGGREGATE(14,6,(Data!$D$2:$D$5000-ROW(Data!$D$2:$D$5000)*0.0000001)/(--(Data!$AD$2:$AD$5000)),ROW()-1),(Data!$D$2:$D$5000-ROW(Data!$D$2:$D$5000)*0.0000001)/(--(Data!$AD$2:$AD$5000)),0),"")} -> 257
A10: {=IFERROR(INDEX(Data!$A$2:$A$5000,$J10),IF(ROW()=2,"No data",""))} -> PEA0008 | B10: {=IFERROR(INDEX(Data!$B$2:$B$5000,$J10),"")} -> Gold Box Extra Butter MP341 250gr - Sample | C10: {=IFERROR(INDEX(Data!$C$2:$C$5000,$J10),"")} -> PACK | D10: {=IFERROR(INDEX(Data!$D$2:$D$5000,$J10),"")} -> 13 | E10: {=IFERROR(INDEX(Data!$H$2:$H$5000,$J10),"")} -> 9 | F10: {=IFERROR(INDEX(Data!$J$2:$J$5000,$J10),"")} -> 43.3333 | G10: {=IFERROR(INDEX(Data!$N$2:$N$5000,$J10),"")} -> 0 | H10: {=IFERROR(INDEX(Data!$P$2:$P$5000,$J10),"")} -> 0 | J10: {=IFERROR(MATCH(_xlfn.AGGREGATE(14,6,(Data!$D$2:$D$5000-ROW(Data!$D$2:$D$5000)*0.0000001)/(--(Data!$AD$2:$AD$5000)),ROW()-1),(Data!$D$2:$D$5000-ROW(Data!$D$2:$D$5000)*0.0000001)/(--(Data!$AD$2:$AD$5000)),0),"")} -> 344
A11: {=IFERROR(INDEX(Data!$A$2:$A$5000,$J11),IF(ROW()=2,"No data",""))} -> POT0049 | B11: {=IFERROR(INDEX(Data!$B$2:$B$5000,$J11),"")} -> Australian Butter Unsalted 250Gr - Sample | C11: {=IFERROR(INDEX(Data!$C$2:$C$5000,$J11),"")} -> PACK | D11: {=IFERROR(INDEX(Data!$D$2:$D$5000,$J11),"")} -> 13 | E11: {=IFERROR(INDEX(Data!$H$2:$H$5000,$J11),"")} -> 2 | F11: {=IFERROR(INDEX(Data!$J$2:$J$5000,$J11),"")} -> 195.1951 | G11: {=IFERROR(INDEX(Data!$N$2:$N$5000,$J11),"")} -> 0 | H11: {=IFERROR(INDEX(Data!$P$2:$P$5000,$J11),"")} -> 0 | J11: {=IFERROR(MATCH(_xlfn.AGGREGATE(14,6,(Data!$D$2:$D$5000-ROW(Data!$D$2:$D$5000)*0.0000001)/(--(Data!$AD$2:$AD$5000)),ROW()-1),(Data!$D$2:$D$5000-ROW(Data!$D$2:$D$5000)*0.0000001)/(--(Data!$AD$2:$AD$5000)),0),"")} -> 626
A12: {=IFERROR(INDEX(Data!$A$2:$A$5000,$J12),IF(ROW()=2,"No data",""))} -> PAG0004 | B12: {=IFERROR(INDEX(Data!$B$2:$B$5000,$J12),"")} -> Agri-Best Unsalted Butter 250 Gr - Sample | C12: {=IFERROR(INDEX(Data!$C$2:$C$5000,$J12),"")} -> PACK | D12: {=IFERROR(INDEX(Data!$D$2:$D$5000,$J12),"")} -> 12 | E12: {=IFERROR(INDEX(Data!$H$2:$H$5000,$J12),"")} -> 0 | F12: {=IFERROR(INDEX(Data!$J$2:$J$5000,$J12),"")} -> 0 | G12: {=IFERROR(INDEX(Data!$N$2:$N$5000,$J12),"")} -> 0 | H12: {=IFERROR(INDEX(Data!$P$2:$P$5000,$J12),"")} -> 0 | J12: {=IFERROR(MATCH(_xlfn.AGGREGATE(14,6,(Data!$D$2:$D$5000-ROW(Data!$D$2:$D$5000)*0.0000001)/(--(Data!$AD$2:$AD$5000)),ROW()-1),(Data!$D$2:$D$5000-ROW(Data!$D$2:$D$5000)*0.0000001)/(--(Data!$AD$2:$AD$5000)),0),"")} -> 253
A13: {=IFERROR(INDEX(Data!$A$2:$A$5000,$J13),IF(ROW()=2,"No data",""))} -> BKL1533-18 | B13: {=IFERROR(INDEX(Data!$B$2:$B$5000,$J13),"")} -> Butter Oil Substitute | C13: {=IFERROR(INDEX(Data!$C$2:$C$5000,$J13),"")} -> PAIL | D13: {=IFERROR(INDEX(Data!$D$2:$D$5000,$J13),"")} -> 0 | E13: {=IFERROR(INDEX(Data!$H$2:$H$5000,$J13),"")} -> 0 | F13: {=IFERROR(INDEX(Data!$J$2:$J$5000,$J13),"")} -> 0 | G13: {=IFERROR(INDEX(Data!$N$2:$N$5000,$J13),"")} -> 0 | H13: {=IFERROR(INDEX(Data!$P$2:$P$5000,$J13),"")} -> 0 | J13: {=IFERROR(MATCH(_xlfn.AGGREGATE(14,6,(Data!$D$2:$D$5000-ROW(Data!$D$2:$D$5000)*0.0000001)/(--(Data!$AD$2:$AD$5000)),ROW()-1),(Data!$D$2:$D$5000-ROW(Data!$D$2:$D$5000)*0.0000001)/(--(Data!$AD$2:$AD$5000)),0),"")} -> 128
... A37: {=IFERROR(INDEX(Data!$A$2:$A$5000,$J37),IF(ROW()=2,"No data",""))} | B37: {=IFERROR(INDEX(Data!$B$2:$B$5000,$J37),"")} | C37: {=IFERROR(INDEX(Data!$C$2:$C$5000,$J37),"")} | D37: {=IFERROR(INDEX(Data!$D$2:$D$5000,$J37),"")} | E37: {=IFERROR(INDEX(Data!$H$2:$H$5000,$J37),"")} | F37: {=IFERROR(INDEX(Data!$J$2:$J$5000,$J37),"")} | G37: {=IFERROR(INDEX(Data!$N$2:$N$5000,$J37),"")} | H37: {=IFERROR(INDEX(Data!$P$2:$P$5000,$J37),"")} | J37: {=IFERROR(MATCH(_xlfn.AGGREGATE(14,6,(Data!$D$2:$D$5000-ROW(Data!$D$2:$D$5000)*0.0000001)/(--(Data!$AD$2:$AD$5000)),ROW()-1),(Data!$D$2:$D$5000-ROW(Data!$D$2:$D$5000)*0.0000001)/(--(Data!$AD$2:$AD$5000)),0),"")}

Sheet Pristine
A1: =Data!A1 -> Kode_Brg | B1: =Data!B1 -> Nama_Brg | C1: =Data!C1 -> Kode_sat_Std | D1: =Data!D1 -> Saldo Akhir (Std) | E1: =Data!H1 -> Rata - Rata 3 Bulan | F1: =Data!J1 -> Buffer Day (3 Bulan) | G1: =Data!N1 -> Penjualan Tgl 1 sd 02 Sep 2026 | H1: =Data!P1 -> Buffer Day (Tgl 1 sd 02 Sep 2026) | J1: Helper: Data row# (auto)
A2: {=IFERROR(INDEX(Data!$A$2:$A$5000,$J2),IF(ROW()=2,"No data",""))} -> PIF0012 | B2: {=IFERROR(INDEX(Data!$B$2:$B$5000,$J2),"")} -> Pristine Classic Cooking Cream 1 Lt | C2: {=IFERROR(INDEX(Data!$C$2:$C$5000,$J2),"")} -> LTR | D2: {=IFERROR(INDEX(Data!$D$2:$D$5000,$J2),"")} -> 14980 | E2: {=IFERROR(INDEX(Data!$H$2:$H$5000,$J2),"")} -> 930 | F2: {=IFERROR(INDEX(Data!$J$2:$J$5000,$J2),"")} -> 483.2258 | G2: {=IFERROR(INDEX(Data!$N$2:$N$5000,$J2),"")} -> 111 | H2: {=IFERROR(INDEX(Data!$P$2:$P$5000,$J2),"")} -> 269.9099 | J2: {=IFERROR(MATCH(_xlfn.AGGREGATE(14,6,(Data!$D$2:$D$5000-ROW(Data!$D$2:$D$5000)*0.0000001)/(--(Data!$T$2:$T$5000)),ROW()-1),(Data!$D$2:$D$5000-ROW(Data!$D$2:$D$5000)*0.0000001)/(--(Data!$T$2:$T$5000)),0),"")} -> 365
A3: {=IFERROR(INDEX(Data!$A$2:$A$5000,$J3),IF(ROW()=2,"No data",""))} -> PIF0011 | B3: {=IFERROR(INDEX(Data!$B$2:$B$5000,$J3),"")} -> Pristine Classic Whip Topping 1 Lt | C3: {=IFERROR(INDEX(Data!$C$2:$C$5000,$J3),"")} -> LTR | D3: {=IFERROR(INDEX(Data!$D$2:$D$5000,$J3),"")} -> 1161 | E3: {=IFERROR(INDEX(Data!$H$2:$H$5000,$J3),"")} -> 232.3333 | F3: {=IFERROR(INDEX(Data!$J$2:$J$5000,$J3),"")} -> 149.9147 | G3: {=IFERROR(INDEX(Data!$N$2:$N$5000,$J3),"")} -> 8 | H3: {=IFERROR(INDEX(Data!$P$2:$P$5000,$J3),"")} -> 290.25 | J3: {=IFERROR(MATCH(_xlfn.AGGREGATE(14,6,(Data!$D$2:$D$5000-ROW(Data!$D$2:$D$5000)*0.0000001)/(--(Data!$T$2:$T$5000)),ROW()-1),(Data!$D$2:$D$5000-ROW(Data!$D$2:$D$5000)*0.0000001)/(--(Data!$T$2:$T$5000)),0),"")} -> 364
A4: {=IFERROR(INDEX(Data!$A$2:$A$5000,$J4),IF(ROW()=2,"No data",""))} -> PIF0006 | B4: {=IFERROR(INDEX(Data!$B$2:$B$5000,$J4),"")} -> Pristine Classic Whip Topping 12x1 Lt | C4: {=IFERROR(INDEX(Data!$C$2:$C$5000,$J4),"")} -> KTN | D4: {=IFERROR(INDEX(Data!$D$2:$D$5000,$J4),"")} -> 0 | E4: {=IFERROR(INDEX(Data!$H$2:$H$5000,$J4),"")} -> 0 | F4: {=IFERROR(INDEX(Data!$J$2:$J$5000,$J4),"")} -> 0 | G4: {=IFERROR(INDEX(Data!$N$2:$N$5000,$J4),"")} -> 0 | H4: {=IFERROR(INDEX(Data!$P$2:$P$5000,$J4),"")} -> 0 | J4: {=IFERROR(MATCH(_xlfn.AGGREGATE(14,6,(Data!$D$2:$D$5000-ROW(Data!$D$2:$D$5000)*0.0000001)/(--(Data!$T$2:$T$5000)),ROW()-1),(Data!$D$2:$D$5000-ROW(Data!$D$2:$D$5000)*0.0000001)/(--(Data!$T$2:$T$5000)),0),"")} -> 359
A5: {=IFERROR(INDEX(Data!$A$2:$A$5000,$J5),IF(ROW()=2,"No data",""))} -> PIF0007 | B5: {=IFERROR(INDEX(Data!$B$2:$B$5000,$J5),"")} -> Pristine Classic Cooking Cream 12x1 Lt | C5: {=IFERROR(INDEX(Data!$C$2:$C$5000,$J5),"")} -> KTN | D5: {=IFERROR(INDEX(Data!$D$2:$D$5000,$J5),"")} -> 0 | E5: {=IFERROR(INDEX(Data!$H$2:$H$5000,$J5),"")} -> 0 | F5: {=IFERROR(INDEX(Data!$J$2:$J$5000,$J5),"")} -> 0 | G5: {=IFERROR(INDEX(Data!$N$2:$N$5000,$J5),"")} -> 0 | H5: {=IFERROR(INDEX(Data!$P$2:$P$5000,$J5),"")} -> 0 | J5: {=IFERROR(MATCH(_xlfn.AGGREGATE(14,6,(Data!$D$2:$D$5000-ROW(Data!$D$2:$D$5000)*0.0000001)/(--(Data!$T$2:$T$5000)),ROW()-1),(Data!$D$2:$D$5000-ROW(Data!$D$2:$D$5000)*0.0000001)/(--(Data!$T$2:$T$5000)),0),"")} -> 360
A6: {=IFERROR(INDEX(Data!$A$2:$A$5000,$J6),IF(ROW()=2,"No data",""))} -> PIF0013 | B6: {=IFERROR(INDEX(Data!$B$2:$B$5000,$J6),"")} -> Pristine Multipurpose Cream 12x1 Lt | C6: {=IFERROR(INDEX(Data!$C$2:$C$5000,$J6),"")} -> KTN | D6: {=IFERROR(INDEX(Data!$D$2:$D$5000,$J6),"")} -> 0 | E6: {=IFERROR(INDEX(Data!$H$2:$H$5000,$J6),"")} -> 0 | F6: {=IFERROR(INDEX(Data!$J$2:$J$5000,$J6),"")} -> 0 | G6: {=IFERROR(INDEX(Data!$N$2:$N$5000,$J6),"")} -> 0 | H6: {=IFERROR(INDEX(Data!$P$2:$P$5000,$J6),"")} -> 0 | J6: {=IFERROR(MATCH(_xlfn.AGGREGATE(14,6,(Data!$D$2:$D$5000-ROW(Data!$D$2:$D$5000)*0.0000001)/(--(Data!$T$2:$T$5000)),ROW()-1),(Data!$D$2:$D$5000-ROW(Data!$D$2:$D$5000)*0.0000001)/(--(Data!$T$2:$T$5000)),0),"")} -> 366
A7: {=IFERROR(INDEX(Data!$A$2:$A$5000,$J7),IF(ROW()=2,"No data",""))} -> PIF0014 | B7: {=IFERROR(INDEX(Data!$B$2:$B$5000,$J7),"")} -> Pristine Multipurpose Cream 1 Lt | C7: {=IFERROR(INDEX(Data!$C$2:$C$5000,$J7),"")} -> LTR | D7: {=IFERROR(INDEX(Data!$D$2:$D$5000,$J7),"")} -> 0 | E7: {=IFERROR(INDEX(Data!$H$2:$H$5000,$J7),"")} -> 0 | F7: {=IFERROR(INDEX(Data!$J$2:$J$5000,$J7),"")} -> 0 | G7: {=IFERROR(INDEX(Data!$N$2:$N$5000,$J7),"")} -> 0 | H7: {=IFERROR(INDEX(Data!$P$2:$P$5000,$J7),"")} -> 0 | J7: {=IFERROR(MATCH(_xlfn.AGGREGATE(14,6,(Data!$D$2:$D$5000-ROW(Data!$D$2:$D$5000)*0.0000001)/(--(Data!$T$2:$T$5000)),ROW()-1),(Data!$D$2:$D$5000-ROW(Data!$D$2:$D$5000)*0.0000001)/(--(Data!$T$2:$T$5000)),0),"")} -> 367
A8: {=IFERROR(INDEX(Data!$A$2:$A$5000,$J8),IF(ROW()=2,"No data",""))} | B8: {=IFERROR(INDEX(Data!$B$2:$B$5000,$J8),"")} | C8: {=IFERROR(INDEX(Data!$C$2:$C$5000,$J8),"")} | D8: {=IFERROR(INDEX(Data!$D$2:$D$5000,$J8),"")} | E8: {=IFERROR(INDEX(Data!$H$2:$H$5000,$J8),"")} | F8: {=IFERROR(INDEX(Data!$J$2:$J$5000,$J8),"")} | G8: {=IFERROR(INDEX(Data!$N$2:$N$5000,$J8),"")} | H8: {=IFERROR(INDEX(Data!$P$2:$P$5000,$J8),"")} | J8: {=IFERROR(MATCH(_xlfn.AGGREGATE(14,6,(Data!$D$2:$D$5000-ROW(Data!$D$2:$D$5000)*0.0000001)/(--(Data!$T$2:$T$5000)),ROW()-1),(Data!$D$2:$D$5000-ROW(Data!$D$2:$D$5000)*0.0000001)/(--(Data!$T$2:$T$5000)),0),"")}
A9: {=IFERROR(INDEX(Data!$A$2:$A$5000,$J9),IF(ROW()=2,"No data",""))} | B9: {=IFERROR(INDEX(Data!$B$2:$B$5000,$J9),"")} | C9: {=IFERROR(INDEX(Data!$C$2:$C$5000,$J9),"")} | D9: {=IFERROR(INDEX(Data!$D$2:$D$5000,$J9),"")} | E9: {=IFERROR(INDEX(Data!$H$2:$H$5000,$J9),"")} | F9: {=IFERROR(INDEX(Data!$J$2:$J$5000,$J9),"")} | G9: {=IFERROR(INDEX(Data!$N$2:$N$5000,$J9),"")} | H9: {=IFERROR(INDEX(Data!$P$2:$P$5000,$J9),"")} | J9: {=IFERROR(MATCH(_xlfn.AGGREGATE(14,6,(Data!$D$2:$D$5000-ROW(Data!$D$2:$D$5000)*0.0000001)/(--(Data!$T$2:$T$5000)),ROW()-1),(Data!$D$2:$D$5000-ROW(Data!$D$2:$D$5000)*0.0000001)/(--(Data!$T$2:$T$5000)),0),"")}
A10: {=IFERROR(INDEX(Data!$A$2:$A$5000,$J10),IF(ROW()=2,"No data",""))} | B10: {=IFERROR(INDEX(Data!$B$2:$B$5000,$J10),"")} | C10: {=IFERROR(INDEX(Data!$C$2:$C$5000,$J10),"")} | D10: {=IFERROR(INDEX(Data!$D$2:$D$5000,$J10),"")} | E10: {=IFERROR(INDEX(Data!$H$2:$H$5000,$J10),"")} | F10: {=IFERROR(INDEX(Data!$J$2:$J$5000,$J10),"")} | G10: {=IFERROR(INDEX(Data!$N$2:$N$5000,$J10),"")} | H10: {=IFERROR(INDEX(Data!$P$2:$P$5000,$J10),"")} | J10: {=IFERROR(MATCH(_xlfn.AGGREGATE(14,6,(Data!$D$2:$D$5000-ROW(Data!$D$2:$D$5000)*0.0000001)/(--(Data!$T$2:$T$5000)),ROW()-1),(Data!$D$2:$D$5000-ROW(Data!$D$2:$D$5000)*0.0000001)/(--(Data!$T$2:$T$5000)),0),"")}
A11: {=IFERROR(INDEX(Data!$A$2:$A$5000,$J11),IF(ROW()=2,"No data",""))} | B11: {=IFERROR(INDEX(Data!$B$2:$B$5000,$J11),"")} | C11: {=IFERROR(INDEX(Data!$C$2:$C$5000,$J11),"")} | D11: {=IFERROR(INDEX(Data!$D$2:$D$5000,$J11),"")} | E11: {=IFERROR(INDEX(Data!$H$2:$H$5000,$J11),"")} | F11: {=IFERROR(INDEX(Data!$J$2:$J$5000,$J11),"")} | G11: {=IFERROR(INDEX(Data!$N$2:$N$5000,$J11),"")} | H11: {=IFERROR(INDEX(Data!$P$2:$P$5000,$J11),"")} | J11: {=IFERROR(MATCH(_xlfn.AGGREGATE(14,6,(Data!$D$2:$D$5000-ROW(Data!$D$2:$D$5000)*0.0000001)/(--(Data!$T$2:$T$5000)),ROW()-1),(Data!$D$2:$D$5000-ROW(Data!$D$2:$D$5000)*0.0000001)/(--(Data!$T$2:$T$5000)),0),"")}
A12: {=IFERROR(INDEX(Data!$A$2:$A$5000,$J12),IF(ROW()=2,"No data",""))} | B12: {=IFERROR(INDEX(Data!$B$2:$B$5000,$J12),"")} | C12: {=IFERROR(INDEX(Data!$C$2:$C$5000,$J12),"")} | D12: {=IFERROR(INDEX(Data!$D$2:$D$5000,$J12),"")} | E12: {=IFERROR(INDEX(Data!$H$2:$H$5000,$J12),"")} | F12: {=IFERROR(INDEX(Data!$J$2:$J$5000,$J12),"")} | G12: {=IFERROR(INDEX(Data!$N$2:$N$5000,$J12),"")} | H12: {=IFERROR(INDEX(Data!$P$2:$P$5000,$J12),"")} | J12: {=IFERROR(MATCH(_xlfn.AGGREGATE(14,6,(Data!$D$2:$D$5000-ROW(Data!$D$2:$D$5000)*0.0000001)/(--(Data!$T$2:$T$5000)),ROW()-1),(Data!$D$2:$D$5000-ROW(Data!$D$2:$D$5000)*0.0000001)/(--(Data!$T$2:$T$5000)),0),"")}
A13: {=IFERROR(INDEX(Data!$A$2:$A$5000,$J13),IF(ROW()=2,"No data",""))} | B13: {=IFERROR(INDEX(Data!$B$2:$B$5000,$J13),"")} | C13: {=IFERROR(INDEX(Data!$C$2:$C$5000,$J13),"")} | D13: {=IFERROR(INDEX(Data!$D$2:$D$5000,$J13),"")} | E13: {=IFERROR(INDEX(Data!$H$2:$H$5000,$J13),"")} | F13: {=IFERROR(INDEX(Data!$J$2:$J$5000,$J13),"")} | G13: {=IFERROR(INDEX(Data!$N$2:$N$5000,$J13),"")} | H13: {=IFERROR(INDEX(Data!$P$2:$P$5000,$J13),"")} | J13: {=IFERROR(MATCH(_xlfn.AGGREGATE(14,6,(Data!$D$2:$D$5000-ROW(Data!$D$2:$D$5000)*0.0000001)/(--(Data!$T$2:$T$5000)),ROW()-1),(Data!$D$2:$D$5000-ROW(Data!$D$2:$D$5000)*0.0000001)/(--(Data!$T$2:$T$5000)),0),"")}
... A27: {=IFERROR(INDEX(Data!$A$2:$A$5000,$J27),IF(ROW()=2,"No data",""))} | B27: {=IFERROR(INDEX(Data!$B$2:$B$5000,$J27),"")} | C27: {=IFERROR(INDEX(Data!$C$2:$C$5000,$J27),"")} | D27: {=IFERROR(INDEX(Data!$D$2:$D$5000,$J27),"")} | E27: {=IFERROR(INDEX(Data!$H$2:$H$5000,$J27),"")} | F27: {=IFERROR(INDEX(Data!$J$2:$J$5000,$J27),"")} | G27: {=IFERROR(INDEX(Data!$N$2:$N$5000,$J27),"")} | H27: {=IFERROR(INDEX(Data!$P$2:$P$5000,$J27),"")} | J27: {=IFERROR(MATCH(_xlfn.AGGREGATE(14,6,(Data!$D$2:$D$5000-ROW(Data!$D$2:$D$5000)*0.0000001)/(--(Data!$T$2:$T$5000)),ROW()-1),(Data!$D$2:$D$5000-ROW(Data!$D$2:$D$5000)*0.0000001)/(--(Data!$T$2:$T$5000)),0),"")}

Sheet O Sole
A1: =Data!A1 -> Kode_Brg | B1: =Data!B1 -> Nama_Brg | C1: =Data!C1 -> Kode_sat_Std | D1: =Data!D1 -> Saldo Akhir (Std) | E1: =Data!H1 -> Rata - Rata 3 Bulan | F1: =Data!J1 -> Buffer Day (3 Bulan) | G1: =Data!N1 -> Penjualan Tgl 1 sd 02 Sep 2026 | H1: =Data!P1 -> Buffer Day (Tgl 1 sd 02 Sep 2026) | J1: Helper: Data row# (auto)
A2: {=IFERROR(INDEX(Data!$A$2:$A$5000,$J2),IF(ROW()=2,"No data",""))} -> POS0024 | B2: {=IFERROR(INDEX(Data!$B$2:$B$5000,$J2),"")} -> O Sole Pomodori Pelati Peeled Tomatoes 2.5Kg | C2: {=IFERROR(INDEX(Data!$C$2:$C$5000,$J2),"")} -> CAN | D2: {=IFERROR(INDEX(Data!$D$2:$D$5000,$J2),"")} -> 3603 | E2: {=IFERROR(INDEX(Data!$H$2:$H$5000,$J2),"")} -> 4794.6666 | F2: {=IFERROR(INDEX(Data!$J$2:$J$5000,$J2),"")} -> 22.5438 | G2: {=IFERROR(INDEX(Data!$N$2:$N$5000,$J2),"")} -> 653 | H2: {=IFERROR(INDEX(Data!$P$2:$P$5000,$J2),"")} -> 11.0352 | J2: {=IFERROR(MATCH(_xlfn.AGGREGATE(14,6,(Data!$D$2:$D$5000-ROW(Data!$D$2:$D$5000)*0.0000001)/(--(Data!$U$2:$U$5000)),ROW()-1),(Data!$D$2:$D$5000-ROW(Data!$D$2:$D$5000)*0.0000001)/(--(Data!$U$2:$U$5000)),0),"")} -> 583
A3: {=IFERROR(INDEX(Data!$A$2:$A$5000,$J3),IF(ROW()=2,"No data",""))} -> POS0031 | B3: {=IFERROR(INDEX(Data!$B$2:$B$5000,$J3),"")} -> O Sole Don Pistacchio 560 Gr | C3: {=IFERROR(INDEX(Data!$C$2:$C$5000,$J3),"")} -> JAR | D3: {=IFERROR(INDEX(Data!$D$2:$D$5000,$J3),"")} -> 1133 | E3: {=IFERROR(INDEX(Data!$H$2:$H$5000,$J3),"")} -> 1 | F3: {=IFERROR(INDEX(Data!$J$2:$J$5000,$J3),"")} -> 34024.024 | G3: {=IFERROR(INDEX(Data!$N$2:$N$5000,$J3),"")} -> 0 | H3: {=IFERROR(INDEX(Data!$P$2:$P$5000,$J3),"")} -> 0 | J3: {=IFERROR(MATCH(_xlfn.AGGREGATE(14,6,(Data!$D$2:$D$5000-ROW(Data!$D$2:$D$5000)*0.0000001)/(--(Data!$U$2:$U$5000)),ROW()-1),(Data!$D$2:$D$5000-ROW(Data!$D$2:$D$5000)*0.0000001)/(--(Data!$U$2:$U$5000)),0),"")} -> 590
A4: {=IFERROR(INDEX(Data!$A$2:$A$5000,$J4),IF(ROW()=2,"No data",""))} -> POS0025 | B4: {=IFERROR(INDEX(Data!$B$2:$B$5000,$J4),"")} -> O Sole Doppio Concentrato Paste Tomato 2.2 Kg | C4: {=IFERROR(INDEX(Data!$C$2:$C$5000,$J4),"")} -> CAN | D4: {=IFERROR(INDEX(Data!$D$2:$D$5000,$J4),"")} -> 1082 | E4: {=IFERROR(INDEX(Data!$H$2:$H$5000,$J4),"")} -> 23.3333 | F4: {=IFERROR(INDEX(Data!$J$2:$J$5000,$J4),"")} -> 1391.2819 | G4: {=IFERROR(INDEX(Data!$N$2:$N$5000,$J4),"")} -> 0 | H4: {=IFERROR(INDEX(Data!$P$2:$P$5000,$J4),"")} -> 0 | J4: {=IFERROR(MATCH(_xlfn.AGGREGATE(14,6,(Data!$D$2:$D$5000-ROW(Data!$D$2:$D$5000)*0.0000001)/(--(Data!$U$2:$U$5000)),ROW()-1),(Data!$D$2:$D$5000-ROW(Data!$D$2:$D$5000)*0.0000001)/(--(Data!$U$2:$U$5000)),0),"")} -> 584
A5: {=IFERROR(INDEX(Data!$A$2:$A$5000,$J5),IF(ROW()=2,"No data",""))} -> POS0028 | B5: {=IFERROR(INDEX(Data!$B$2:$B$5000,$J5),"")} -> O Sole Pomodori Secchi Oilio Di Gir 960 Gr | C5: {=IFERROR(INDEX(Data!$C$2:$C$5000,$J5),"")} -> JAR | D5: {=IFERROR(INDEX(Data!$D$2:$D$5000,$J5),"")} -> 442 | E5: {=IFERROR(INDEX(Data!$H$2:$H$5000,$J5),"")} -> 16.3333 | F5: {=IFERROR(INDEX(Data!$J$2:$J$5000,$J5),"")} -> 811.903 | G5: {=IFERROR(INDEX(Data!$N$2:$N$5000,$J5),"")} -> 0 | H5: {=IFERROR(INDEX(Data!$P$2:$P$5000,$J5),"")} -> 0 | J5: {=IFERROR(MATCH(_xlfn.AGGREGATE(14,6,(Data!$D$2:$D$5000-ROW(Data!$D$2:$D$5000)*0.0000001)/(--(Data!$U$2:$U$5000)),ROW()-1),(Data!$D$2:$D$5000-ROW(Data!$D$2:$D$5000)*0.0000001)/(--(Data!$U$2:$U$5000)),0),"")} -> 587
A6: {=IFERROR(INDEX(Data!$A$2:$A$5000,$J6),IF(ROW()=2,"No data",""))} -> POS0027 | B6: {=IFERROR(INDEX(Data!$B$2:$B$5000,$J6),"")} -> O Sole Olive Verdi Denocciolate 4.1 Kg | C6: {=IFERROR(INDEX(Data!$C$2:$C$5000,$J6),"")} -> CAN | D6: {=IFERROR(INDEX(Data!$D$2:$D$5000,$J6),"")} -> 342 | E6: {=IFERROR(INDEX(Data!$H$2:$H$5000,$J6),"")} -> 13.6666 | F6: {=IFERROR(INDEX(Data!$J$2:$J$5000,$J6),"")} -> 750.8232 | G6: {=IFERROR(INDEX(Data!$N$2:$N$5000,$J6),"")} -> 6 | H6: {=IFERROR(INDEX(Data!$P$2:$P$5000,$J6),"")} -> 114 | J6: {=IFERROR(MATCH(_xlfn.AGGREGATE(14,6,(Data!$D$2:$D$5000-ROW(Data!$D$2:$D$5000)*0.0000001)/(--(Data!$U$2:$U$5000)),ROW()-1),(Data!$D$2:$D$5000-ROW(Data!$D$2:$D$5000)*0.0000001)/(--(Data!$U$2:$U$5000)),0),"")} -> 586
A7: {=IFERROR(INDEX(Data!$A$2:$A$5000,$J7),IF(ROW()=2,"No data",""))} -> POS0026 | B7: {=IFERROR(INDEX(Data!$B$2:$B$5000,$J7),"")} -> O Sole Olive Nere Denocciolate 4.1 Kg | C7: {=IFERROR(INDEX(Data!$C$2:$C$5000,$J7),"")} -> CAN | D7: {=IFERROR(INDEX(Data!$D$2:$D$5000,$J7),"")} -> 297 | E7: {=IFERROR(INDEX(Data!$H$2:$H$5000,$J7),"")} -> 29 | F7: {=IFERROR(INDEX(Data!$J$2:$J$5000,$J7),"")} -> 307.2625 | G7: {=IFERROR(INDEX(Data!$N$2:$N$5000,$J7),"")} -> 14 | H7: {=IFERROR(INDEX(Data!$P$2:$P$5000,$J7),"")} -> 42.4285 | J7: {=IFERROR(MATCH(_xlfn.AGGREGATE(14,6,(Data!$D$2:$D$5000-ROW(Data!$D$2:$D$5000)*0.0000001)/(--(Data!$U$2:$U$5000)),ROW()-1),(Data!$D$2:$D$5000-ROW(Data!$D$2:$D$5000)*0.0000001)/(--(Data!$U$2:$U$5000)),0),"")} -> 585
A8: {=IFERROR(INDEX(Data!$A$2:$A$5000,$J8),IF(ROW()=2,"No data",""))} -> POS0029 | B8: {=IFERROR(INDEX(Data!$B$2:$B$5000,$J8),"")} -> O Sole Pesto Di Pistacchio 560 Gr | C8: {=IFERROR(INDEX(Data!$C$2:$C$5000,$J8),"")} -> JAR | D8: {=IFERROR(INDEX(Data!$D$2:$D$5000,$J8),"")} -> 0 | E8: {=IFERROR(INDEX(Data!$H$2:$H$5000,$J8),"")} -> 0 | F8: {=IFERROR(INDEX(Data!$J$2:$J$5000,$J8),"")} -> 0 | G8: {=IFERROR(INDEX(Data!$N$2:$N$5000,$J8),"")} -> 0 | H8: {=IFERROR(INDEX(Data!$P$2:$P$5000,$J8),"")} -> 0 | J8: {=IFERROR(MATCH(_xlfn.AGGREGATE(14,6,(Data!$D$2:$D$5000-ROW(Data!$D$2:$D$5000)*0.0000001)/(--(Data!$U$2:$U$5000)),ROW()-1),(Data!$D$2:$D$5000-ROW(Data!$D$2:$D$5000)*0.0000001)/(--(Data!$U$2:$U$5000)),0),"")} -> 588
A9: {=IFERROR(INDEX(Data!$A$2:$A$5000,$J9),IF(ROW()=2,"No data",""))} -> POS0030 | B9: {=IFERROR(INDEX(Data!$B$2:$B$5000,$J9),"")} -> O Sole Fettine Di Carciofi 2.65 Kg | C9: {=IFERROR(INDEX(Data!$C$2:$C$5000,$J9),"")} -> CAN | D9: {=IFERROR(INDEX(Data!$D$2:$D$5000,$J9),"")} -> 0 | E9: {=IFERROR(INDEX(Data!$H$2:$H$5000,$J9),"")} -> 0 | F9: {=IFERROR(INDEX(Data!$J$2:$J$5000,$J9),"")} -> 0 | G9: {=IFERROR(INDEX(Data!$N$2:$N$5000,$J9),"")} -> 0 | H9: {=IFERROR(INDEX(Data!$P$2:$P$5000,$J9),"")} -> 0 | J9: {=IFERROR(MATCH(_xlfn.AGGREGATE(14,6,(Data!$D$2:$D$5000-ROW(Data!$D$2:$D$5000)*0.0000001)/(--(Data!$U$2:$U$5000)),ROW()-1),(Data!$D$2:$D$5000-ROW(Data!$D$2:$D$5000)*0.0000001)/(--(Data!$U$2:$U$5000)),0),"")} -> 589
A10: {=IFERROR(INDEX(Data!$A$2:$A$5000,$J10),IF(ROW()=2,"No data",""))} -> POS0032 | B10: {=IFERROR(INDEX(Data!$B$2:$B$5000,$J10),"")} -> O Sole Crema Chef Di Zucca 540 Gr | C10: {=IFERROR(INDEX(Data!$C$2:$C$5000,$J10),"")} -> JAR | D10: {=IFERROR(INDEX(Data!$D$2:$D$5000,$J10),"")} -> 0 | E10: {=IFERROR(INDEX(Data!$H$2:$H$5000,$J10),"")} -> 0 | F10: {=IFERROR(INDEX(Data!$J$2:$J$5000,$J10),"")} -> 0 | G10: {=IFERROR(INDEX(Data!$N$2:$N$5000,$J10),"")} -> 0 | H10: {=IFERROR(INDEX(Data!$P$2:$P$5000,$J10),"")} -> 0 | J10: {=IFERROR(MATCH(_xlfn.AGGREGATE(14,6,(Data!$D$2:$D$5000-ROW(Data!$D$2:$D$5000)*0.0000001)/(--(Data!$U$2:$U$5000)),ROW()-1),(Data!$D$2:$D$5000-ROW(Data!$D$2:$D$5000)*0.0000001)/(--(Data!$U$2:$U$5000)),0),"")} -> 591
A11: {=IFERROR(INDEX(Data!$A$2:$A$5000,$J11),IF(ROW()=2,"No data",""))} -> POS0033 | B11: {=IFERROR(INDEX(Data!$B$2:$B$5000,$J11),"")} -> O Sole Olive Nere A Rondelle 4.1 Kg | C11: {=IFERROR(INDEX(Data!$C$2:$C$5000,$J11),"")} -> CAN | D11: {=IFERROR(INDEX(Data!$D$2:$D$5000,$J11),"")} -> 0 | E11: {=IFERROR(INDEX(Data!$H$2:$H$5000,$J11),"")} -> 0 | F11: {=IFERROR(INDEX(Data!$J$2:$J$5000,$J11),"")} -> 0 | G11: {=IFERROR(INDEX(Data!$N$2:$N$5000,$J11),"")} -> 0 | H11: {=IFERROR(INDEX(Data!$P$2:$P$5000,$J11),"")} -> 0 | J11: {=IFERROR(MATCH(_xlfn.AGGREGATE(14,6,(Data!$D$2:$D$5000-ROW(Data!$D$2:$D$5000)*0.0000001)/(--(Data!$U$2:$U$5000)),ROW()-1),(Data!$D$2:$D$5000-ROW(Data!$D$2:$D$5000)*0.0000001)/(--(Data!$U$2:$U$5000)),0),"")} -> 592
A12: {=IFERROR(INDEX(Data!$A$2:$A$5000,$J12),IF(ROW()=2,"No data",""))} -> POS0034 | B12: {=IFERROR(INDEX(Data!$B$2:$B$5000,$J12),"")} -> O Sole Capperi Lacrimella 1 Kg | C12: {=IFERROR(INDEX(Data!$C$2:$C$5000,$J12),"")} -> CAN | D12: {=IFERROR(INDEX(Data!$D$2:$D$5000,$J12),"")} -> 0 | E12: {=IFERROR(INDEX(Data!$H$2:$H$5000,$J12),"")} -> 0 | F12: {=IFERROR(INDEX(Data!$J$2:$J$5000,$J12),"")} -> 0 | G12: {=IFERROR(INDEX(Data!$N$2:$N$5000,$J12),"")} -> 0 | H12: {=IFERROR(INDEX(Data!$P$2:$P$5000,$J12),"")} -> 0 | J12: {=IFERROR(MATCH(_xlfn.AGGREGATE(14,6,(Data!$D$2:$D$5000-ROW(Data!$D$2:$D$5000)*0.0000001)/(--(Data!$U$2:$U$5000)),ROW()-1),(Data!$D$2:$D$5000-ROW(Data!$D$2:$D$5000)*0.0000001)/(--(Data!$U$2:$U$5000)),0),"")} -> 593
A13: {=IFERROR(INDEX(Data!$A$2:$A$5000,$J13),IF(ROW()=2,"No data",""))} -> POS0035 | B13: {=IFERROR(INDEX(Data!$B$2:$B$5000,$J13),"")} -> O Sole Pomodori Secchi 600 Gr | C13: {=IFERROR(INDEX(Data!$C$2:$C$5000,$J13),"")} -> JAR | D13: {=IFERROR(INDEX(Data!$D$2:$D$5000,$J13),"")} -> 0 | E13: {=IFERROR(INDEX(Data!$H$2:$H$5000,$J13),"")} -> 0 | F13: {=IFERROR(INDEX(Data!$J$2:$J$5000,$J13),"")} -> 0 | G13: {=IFERROR(INDEX(Data!$N$2:$N$5000,$J13),"")} -> 0 | H13: {=IFERROR(INDEX(Data!$P$2:$P$5000,$J13),"")} -> 0 | J13: {=IFERROR(MATCH(_xlfn.AGGREGATE(14,6,(Data!$D$2:$D$5000-ROW(Data!$D$2:$D$5000)*0.0000001)/(--(Data!$U$2:$U$5000)),ROW()-1),(Data!$D$2:$D$5000-ROW(Data!$D$2:$D$5000)*0.0000001)/(--(Data!$U$2:$U$5000)),0),"")} -> 594
... A37: {=IFERROR(INDEX(Data!$A$2:$A$5000,$J37),IF(ROW()=2,"No data",""))} | B37: {=IFERROR(INDEX(Data!$B$2:$B$5000,$J37),"")} | C37: {=IFERROR(INDEX(Data!$C$2:$C$5000,$J37),"")} | D37: {=IFERROR(INDEX(Data!$D$2:$D$5000,$J37),"")} | E37: {=IFERROR(INDEX(Data!$H$2:$H$5000,$J37),"")} | F37: {=IFERROR(INDEX(Data!$J$2:$J$5000,$J37),"")} | G37: {=IFERROR(INDEX(Data!$N$2:$N$5000,$J37),"")} | H37: {=IFERROR(INDEX(Data!$P$2:$P$5000,$J37),"")} | J37: {=IFERROR(MATCH(_xlfn.AGGREGATE(14,6,(Data!$D$2:$D$5000-ROW(Data!$D$2:$D$5000)*0.0000001)/(--(Data!$U$2:$U$5000)),ROW()-1),(Data!$D$2:$D$5000-ROW(Data!$D$2:$D$5000)*0.0000001)/(--(Data!$U$2:$U$5000)),0),"")}

Sheet Osterberg
A1: =Data!A1 -> Kode_Brg | B1: =Data!B1 -> Nama_Brg | C1: =Data!C1 -> Kode_sat_Std | D1: =Data!D1 -> Saldo Akhir (Std) | E1: =Data!H1 -> Rata - Rata 3 Bulan | F1: =Data!J1 -> Buffer Day (3 Bulan) | G1: =Data!N1 -> Penjualan Tgl 1 sd 02 Sep 2026 | H1: =Data!P1 -> Buffer Day (Tgl 1 sd 02 Sep 2026) | J1: Helper: Data row# (auto)
A2: {=IFERROR(INDEX(Data!$A$2:$A$5000,$J2),IF(ROW()=2,"No data",""))} -> POS0004 | B2: {=IFERROR(INDEX(Data!$B$2:$B$5000,$J2),"")} -> Osterberg Lychee 750 Ml | C2: {=IFERROR(INDEX(Data!$C$2:$C$5000,$J2),"")} -> BTL | D2: {=IFERROR(INDEX(Data!$D$2:$D$5000,$J2),"")} -> 145 | E2: {=IFERROR(INDEX(Data!$H$2:$H$5000,$J2),"")} -> 6 | F2: {=IFERROR(INDEX(Data!$J$2:$J$5000,$J2),"")} -> 725 | G2: {=IFERROR(INDEX(Data!$N$2:$N$5000,$J2),"")} -> 0 | H2: {=IFERROR(INDEX(Data!$P$2:$P$5000,$J2),"")} -> 0 | J2: {=IFERROR(MATCH(_xlfn.AGGREGATE(14,6,(Data!$D$2:$D$5000-ROW(Data!$D$2:$D$5000)*0.0000001)/(--(Data!$V$2:$V$5000)),ROW()-1),(Data!$D$2:$D$5000-ROW(Data!$D$2:$D$5000)*0.0000001)/(--(Data!$V$2:$V$5000)),0),"")} -> 563
A3: {=IFERROR(INDEX(Data!$A$2:$A$5000,$J3),IF(ROW()=2,"No data",""))} -> POS0010 | B3: {=IFERROR(INDEX(Data!$B$2:$B$5000,$J3),"")} -> Pump Osterberg | C3: {=IFERROR(INDEX(Data!$C$2:$C$5000,$J3),"")} -> PCS | D3: {=IFERROR(INDEX(Data!$D$2:$D$5000,$J3),"")} -> 59 | E3: {=IFERROR(INDEX(Data!$H$2:$H$5000,$J3),"")} -> 0 | F3: {=IFERROR(INDEX(Data!$J$2:$J$5000,$J3),"")} -> 0 | G3: {=IFERROR(INDEX(Data!$N$2:$N$5000,$J3),"")} -> 0 | H3: {=IFERROR(INDEX(Data!$P$2:$P$5000,$J3),"")} -> 0 | J3: {=IFERROR(MATCH(_xlfn.AGGREGATE(14,6,(Data!$D$2:$D$5000-ROW(Data!$D$2:$D$5000)*0.0000001)/(--(Data!$V$2:$V$5000)),ROW()-1),(Data!$D$2:$D$5000-ROW(Data!$D$2:$D$5000)*0.0000001)/(--(Data!$V$2:$V$5000)),0),"")} -> 569
A4: {=IFERROR(INDEX(Data!$A$2:$A$5000,$J4),IF(ROW()=2,"No data",""))} -> POS0001 | B4: {=IFERROR(INDEX(Data!$B$2:$B$5000,$J4),"")} -> Osterberg Roasted Hazelnut 750 Ml | C4: {=IFERROR(INDEX(Data!$C$2:$C$5000,$J4),"")} -> BTL | D4: {=IFERROR(INDEX(Data!$D$2:$D$5000,$J4),"")} -> 0 | E4: {=IFERROR(INDEX(Data!$H$2:$H$5000,$J4),"")} -> 0 | F4: {=IFERROR(INDEX(Data!$J$2:$J$5000,$J4),"")} -> 0 | G4: {=IFERROR(INDEX(Data!$N$2:$N$5000,$J4),"")} -> 0 | H4: {=IFERROR(INDEX(Data!$P$2:$P$5000,$J4),"")} -> 0 | J4: {=IFERROR(MATCH(_xlfn.AGGREGATE(14,6,(Data!$D$2:$D$5000-ROW(Data!$D$2:$D$5000)*0.0000001)/(--(Data!$V$2:$V$5000)),ROW()-1),(Data!$D$2:$D$5000-ROW(Data!$D$2:$D$5000)*0.0000001)/(--(Data!$V$2:$V$5000)),0),"")} -> 560
A5: {=IFERROR(INDEX(Data!$A$2:$A$5000,$J5),IF(ROW()=2,"No data",""))} -> POS0002 | B5: {=IFERROR(INDEX(Data!$B$2:$B$5000,$J5),"")} -> Osterberg Vanilla 750 Ml | C5: {=IFERROR(INDEX(Data!$C$2:$C$5000,$J5),"")} -> BTL | D5: {=IFERROR(INDEX(Data!$D$2:$D$5000,$J5),"")} -> 0 | E5: {=IFERROR(INDEX(Data!$H$2:$H$5000,$J5),"")} -> 0 | F5: {=IFERROR(INDEX(Data!$J$2:$J$5000,$J5),"")} -> 0 | G5: {=IFERROR(INDEX(Data!$N$2:$N$5000,$J5),"")} -> 0 | H5: {=IFERROR(INDEX(Data!$P$2:$P$5000,$J5),"")} -> 0 | J5: {=IFERROR(MATCH(_xlfn.AGGREGATE(14,6,(Data!$D$2:$D$5000-ROW(Data!$D$2:$D$5000)*0.0000001)/(--(Data!$V$2:$V$5000)),ROW()-1),(Data!$D$2:$D$5000-ROW(Data!$D$2:$D$5000)*0.0000001)/(--(Data!$V$2:$V$5000)),0),"")} -> 561
A6: {=IFERROR(INDEX(Data!$A$2:$A$5000,$J6),IF(ROW()=2,"No data",""))} -> POS0003 | B6: {=IFERROR(INDEX(Data!$B$2:$B$5000,$J6),"")} -> Osterberg Caramel 750 Ml | C6: {=IFERROR(INDEX(Data!$C$2:$C$5000,$J6),"")} -> BTL | D6: {=IFERROR(INDEX(Data!$D$2:$D$5000,$J6),"")} -> 0 | E6: {=IFERROR(INDEX(Data!$H$2:$H$5000,$J6),"")} -> 0 | F6: {=IFERROR(INDEX(Data!$J$2:$J$5000,$J6),"")} -> 0 | G6: {=IFERROR(INDEX(Data!$N$2:$N$5000,$J6),"")} -> 0 | H6: {=IFERROR(INDEX(Data!$P$2:$P$5000,$J6),"")} -> 0 | J6: {=IFERROR(MATCH(_xlfn.AGGREGATE(14,6,(Data!$D$2:$D$5000-ROW(Data!$D$2:$D$5000)*0.0000001)/(--(Data!$V$2:$V$5000)),ROW()-1),(Data!$D$2:$D$5000-ROW(Data!$D$2:$D$5000)*0.0000001)/(--(Data!$V$2:$V$5000)),0),"")} -> 562
A7: {=IFERROR(INDEX(Data!$A$2:$A$5000,$J7),IF(ROW()=2,"No data",""))} -> POS0005 | B7: {=IFERROR(INDEX(Data!$B$2:$B$5000,$J7),"")} -> Osterberg Peach 750 Ml | C7: {=IFERROR(INDEX(Data!$C$2:$C$5000,$J7),"")} -> BTL | D7: {=IFERROR(INDEX(Data!$D$2:$D$5000,$J7),"")} -> 0 | E7: {=IFERROR(INDEX(Data!$H$2:$H$5000,$J7),"")} -> 0 | F7: {=IFERROR(INDEX(Data!$J$2:$J$5000,$J7),"")} -> 0 | G7: {=IFERROR(INDEX(Data!$N$2:$N$5000,$J7),"")} -> 0 | H7: {=IFERROR(INDEX(Data!$P$2:$P$5000,$J7),"")} -> 0 | J7: {=IFERROR(MATCH(_xlfn.AGGREGATE(14,6,(Data!$D$2:$D$5000-ROW(Data!$D$2:$D$5000)*0.0000001)/(--(Data!$V$2:$V$5000)),ROW()-1),(Data!$D$2:$D$5000-ROW(Data!$D$2:$D$5000)*0.0000001)/(--(Data!$V$2:$V$5000)),0),"")} -> 564
A8: {=IFERROR(INDEX(Data!$A$2:$A$5000,$J8),IF(ROW()=2,"No data",""))} -> POS0006 | B8: {=IFERROR(INDEX(Data!$B$2:$B$5000,$J8),"")} -> Osterberg Blueberry Fruit Crush 1L | C8: {=IFERROR(INDEX(Data!$C$2:$C$5000,$J8),"")} -> BTL | D8: {=IFERROR(INDEX(Data!$D$2:$D$5000,$J8),"")} -> 0 | E8: {=IFERROR(INDEX(Data!$H$2:$H$5000,$J8),"")} -> 0 | F8: {=IFERROR(INDEX(Data!$J$2:$J$5000,$J8),"")} -> 0 | G8: {=IFERROR(INDEX(Data!$N$2:$N$5000,$J8),"")} -> 0 | H8: {=IFERROR(INDEX(Data!$P$2:$P$5000,$J8),"")} -> 0 | J8: {=IFERROR(MATCH(_xlfn.AGGREGATE(14,6,(Data!$D$2:$D$5000-ROW(Data!$D$2:$D$5000)*0.0000001)/(--(Data!$V$2:$V$5000)),ROW()-1),(Data!$D$2:$D$5000-ROW(Data!$D$2:$D$5000)*0.0000001)/(--(Data!$V$2:$V$5000)),0),"")} -> 565
A9: {=IFERROR(INDEX(Data!$A$2:$A$5000,$J9),IF(ROW()=2,"No data",""))} -> POS0007 | B9: {=IFERROR(INDEX(Data!$B$2:$B$5000,$J9),"")} -> Osterberg Passion Fruit Fruit Crush 1L | C9: {=IFERROR(INDEX(Data!$C$2:$C$5000,$J9),"")} -> BTL | D9: {=IFERROR(INDEX(Data!$D$2:$D$5000,$J9),"")} -> 0 | E9: {=IFERROR(INDEX(Data!$H$2:$H$5000,$J9),"")} -> 0 | F9: {=IFERROR(INDEX(Data!$J$2:$J$5000,$J9),"")} -> 0 | G9: {=IFERROR(INDEX(Data!$N$2:$N$5000,$J9),"")} -> 0 | H9: {=IFERROR(INDEX(Data!$P$2:$P$5000,$J9),"")} -> 0 | J9: {=IFERROR(MATCH(_xlfn.AGGREGATE(14,6,(Data!$D$2:$D$5000-ROW(Data!$D$2:$D$5000)*0.0000001)/(--(Data!$V$2:$V$5000)),ROW()-1),(Data!$D$2:$D$5000-ROW(Data!$D$2:$D$5000)*0.0000001)/(--(Data!$V$2:$V$5000)),0),"")} -> 566
A10: {=IFERROR(INDEX(Data!$A$2:$A$5000,$J10),IF(ROW()=2,"No data",""))} -> POS0008 | B10: {=IFERROR(INDEX(Data!$B$2:$B$5000,$J10),"")} -> Osterberg Strawberry Fruit Crush 1L | C10: {=IFERROR(INDEX(Data!$C$2:$C$5000,$J10),"")} -> BTL | D10: {=IFERROR(INDEX(Data!$D$2:$D$5000,$J10),"")} -> 0 | E10: {=IFERROR(INDEX(Data!$H$2:$H$5000,$J10),"")} -> 0 | F10: {=IFERROR(INDEX(Data!$J$2:$J$5000,$J10),"")} -> 0 | G10: {=IFERROR(INDEX(Data!$N$2:$N$5000,$J10),"")} -> 0 | H10: {=IFERROR(INDEX(Data!$P$2:$P$5000,$J10),"")} -> 0 | J10: {=IFERROR(MATCH(_xlfn.AGGREGATE(14,6,(Data!$D$2:$D$5000-ROW(Data!$D$2:$D$5000)*0.0000001)/(--(Data!$V$2:$V$5000)),ROW()-1),(Data!$D$2:$D$5000-ROW(Data!$D$2:$D$5000)*0.0000001)/(--(Data!$V$2:$V$5000)),0),"")} -> 567
A11: {=IFERROR(INDEX(Data!$A$2:$A$5000,$J11),IF(ROW()=2,"No data",""))} -> POS0009 | B11: {=IFERROR(INDEX(Data!$B$2:$B$5000,$J11),"")} -> Osterberg Yuzu Fruit Crush 1L | C11: {=IFERROR(INDEX(Data!$C$2:$C$5000,$J11),"")} -> BTL | D11: {=IFERROR(INDEX(Data!$D$2:$D$5000,$J11),"")} -> 0 | E11: {=IFERROR(INDEX(Data!$H$2:$H$5000,$J11),"")} -> 0 | F11: {=IFERROR(INDEX(Data!$J$2:$J$5000,$J11),"")} -> 0 | G11: {=IFERROR(INDEX(Data!$N$2:$N$5000,$J11),"")} -> 0 | H11: {=IFERROR(INDEX(Data!$P$2:$P$5000,$J11),"")} -> 0 | J11: {=IFERROR(MATCH(_xlfn.AGGREGATE(14,6,(Data!$D$2:$D$5000-ROW(Data!$D$2:$D$5000)*0.0000001)/(--(Data!$V$2:$V$5000)),ROW()-1),(Data!$D$2:$D$5000-ROW(Data!$D$2:$D$5000)*0.0000001)/(--(Data!$V$2:$V$5000)),0),"")} -> 568
A12: {=IFERROR(INDEX(Data!$A$2:$A$5000,$J12),IF(ROW()=2,"No data",""))} -> POS0011 | B12: {=IFERROR(INDEX(Data!$B$2:$B$5000,$J12),"")} -> Osterberg Kiwi Fruit Crush 70 Ml - Sample | C12: {=IFERROR(INDEX(Data!$C$2:$C$5000,$J12),"")} -> BTL | D12: {=IFERROR(INDEX(Data!$D$2:$D$5000,$J12),"")} -> 0 | E12: {=IFERROR(INDEX(Data!$H$2:$H$5000,$J12),"")} -> 0 | F12: {=IFERROR(INDEX(Data!$J$2:$J$5000,$J12),"")} -> 0 | G12: {=IFERROR(INDEX(Data!$N$2:$N$5000,$J12),"")} -> 0 | H12: {=IFERROR(INDEX(Data!$P$2:$P$5000,$J12),"")} -> 0 | J12: {=IFERROR(MATCH(_xlfn.AGGREGATE(14,6,(Data!$D$2:$D$5000-ROW(Data!$D$2:$D$5000)*0.0000001)/(--(Data!$V$2:$V$5000)),ROW()-1),(Data!$D$2:$D$5000-ROW(Data!$D$2:$D$5000)*0.0000001)/(--(Data!$V$2:$V$5000)),0),"")} -> 570
A13: {=IFERROR(INDEX(Data!$A$2:$A$5000,$J13),IF(ROW()=2,"No data",""))} -> POS0012 | B13: {=IFERROR(INDEX(Data!$B$2:$B$5000,$J13),"")} -> Osterberg Lychee Fruit Crush 70 Ml - Sample | C13: {=IFERROR(INDEX(Data!$C$2:$C$5000,$J13),"")} -> BTL | D13: {=IFERROR(INDEX(Data!$D$2:$D$5000,$J13),"")} -> 0 | E13: {=IFERROR(INDEX(Data!$H$2:$H$5000,$J13),"")} -> 0 | F13: {=IFERROR(INDEX(Data!$J$2:$J$5000,$J13),"")} -> 0 | G13: {=IFERROR(INDEX(Data!$N$2:$N$5000,$J13),"")} -> 0 | H13: {=IFERROR(INDEX(Data!$P$2:$P$5000,$J13),"")} -> 0 | J13: {=IFERROR(MATCH(_xlfn.AGGREGATE(14,6,(Data!$D$2:$D$5000-ROW(Data!$D$2:$D$5000)*0.0000001)/(--(Data!$V$2:$V$5000)),ROW()-1),(Data!$D$2:$D$5000-ROW(Data!$D$2:$D$5000)*0.0000001)/(--(Data!$V$2:$V$5000)),0),"")} -> 571
... A44: {=IFERROR(INDEX(Data!$A$2:$A$5000,$J44),IF(ROW()=2,"No data",""))} | B44: {=IFERROR(INDEX(Data!$B$2:$B$5000,$J44),"")} | C44: {=IFERROR(INDEX(Data!$C$2:$C$5000,$J44),"")} | D44: {=IFERROR(INDEX(Data!$D$2:$D$5000,$J44),"")} | E44: {=IFERROR(INDEX(Data!$H$2:$H$5000,$J44),"")} | F44: {=IFERROR(INDEX(Data!$J$2:$J$5000,$J44),"")} | G44: {=IFERROR(INDEX(Data!$N$2:$N$5000,$J44),"")} | H44: {=IFERROR(INDEX(Data!$P$2:$P$5000,$J44),"")} | J44: {=IFERROR(MATCH(_xlfn.AGGREGATE(14,6,(Data!$D$2:$D$5000-ROW(Data!$D$2:$D$5000)*0.0000001)/(--(Data!$V$2:$V$5000)),ROW()-1),(Data!$D$2:$D$5000-ROW(Data!$D$2:$D$5000)*0.0000001)/(--(Data!$V$2:$V$5000)),0),"")}

Sheet Agristo & Maestro
A1: =Data!A1 -> Kode_Brg | B1: =Data!B1 -> Nama_Brg | C1: =Data!C1 -> Kode_sat_Std | D1: =Data!D1 -> Saldo Akhir (Std) | E1: =Data!H1 -> Rata - Rata 3 Bulan | F1: =Data!J1 -> Buffer Day (3 Bulan) | G1: =Data!N1 -> Penjualan Tgl 1 sd 02 Sep 2026 | H1: =Data!P1 -> Buffer Day (Tgl 1 sd 02 Sep 2026) | J1: Helper: Data row# (auto)
A2: {=IFERROR(INDEX(Data!$A$2:$A$5000,$J2),IF(ROW()=2,"No data",""))} -> PAS0053 | B2: {=IFERROR(INDEX(Data!$B$2:$B$5000,$J2),"")} -> Crr Rock'n Waffle Fries 10Kg/Ctn | C2: {=IFERROR(INDEX(Data!$C$2:$C$5000,$J2),"")} -> KTN | D2: {=IFERROR(INDEX(Data!$D$2:$D$5000,$J2),"")} -> 112 | E2: {=IFERROR(INDEX(Data!$H$2:$H$5000,$J2),"")} -> 38.6666 | F2: {=IFERROR(INDEX(Data!$J$2:$J$5000,$J2),"")} -> 86.9025 | G2: {=IFERROR(INDEX(Data!$N$2:$N$5000,$J2),"")} -> 10 | H2: {=IFERROR(INDEX(Data!$P$2:$P$5000,$J2),"")} -> 22.4 | J2: {=IFERROR(MATCH(_xlfn.AGGREGATE(14,6,(Data!$D$2:$D$5000-ROW(Data!$D$2:$D$5000)*0.0000001)/(--(Data!$W$2:$W$5000)),ROW()-1),(Data!$D$2:$D$5000-ROW(Data!$D$2:$D$5000)*0.0000001)/(--(Data!$W$2:$W$5000)),0),"")} -> 305
A3: {=IFERROR(INDEX(Data!$A$2:$A$5000,$J3),IF(ROW()=2,"No data",""))} -> PAS0044 | B3: {=IFERROR(INDEX(Data!$B$2:$B$5000,$J3),"")} -> Maestro Crincle Cut 10Kg/Ctn | C3: {=IFERROR(INDEX(Data!$C$2:$C$5000,$J3),"")} -> KTN | D3: {=IFERROR(INDEX(Data!$D$2:$D$5000,$J3),"")} -> 110 | E3: {=IFERROR(INDEX(Data!$H$2:$H$5000,$J3),"")} -> 10.3333 | F3: {=IFERROR(INDEX(Data!$J$2:$J$5000,$J3),"")} -> 319.396 | G3: {=IFERROR(INDEX(Data!$N$2:$N$5000,$J3),"")} -> 0 | H3: {=IFERROR(INDEX(Data!$P$2:$P$5000,$J3),"")} -> 0 | J3: {=IFERROR(MATCH(_xlfn.AGGREGATE(14,6,(Data!$D$2:$D$5000-ROW(Data!$D$2:$D$5000)*0.0000001)/(--(Data!$W$2:$W$5000)),ROW()-1),(Data!$D$2:$D$5000-ROW(Data!$D$2:$D$5000)*0.0000001)/(--(Data!$W$2:$W$5000)),0),"")} -> 296
A4: {=IFERROR(INDEX(Data!$A$2:$A$5000,$J4),IF(ROW()=2,"No data",""))} -> PAS0049 | B4: {=IFERROR(INDEX(Data!$B$2:$B$5000,$J4),"")} -> Maestro Crincle Cut 2.5 Kg | C4: {=IFERROR(INDEX(Data!$C$2:$C$5000,$J4),"")} -> PACK | D4: {=IFERROR(INDEX(Data!$D$2:$D$5000,$J4),"")} -> 20 | E4: {=IFERROR(INDEX(Data!$H$2:$H$5000,$J4),"")} -> 27.3333 | F4: {=IFERROR(INDEX(Data!$J$2:$J$5000,$J4),"")} -> 21.9514 | G4: {=IFERROR(INDEX(Data!$N$2:$N$5000,$J4),"")} -> 0 | H4: {=IFERROR(INDEX(Data!$P$2:$P$5000,$J4),"")} -> 0 | J4: {=IFERROR(MATCH(_xlfn.AGGREGATE(14,6,(Data!$D$2:$D$5000-ROW(Data!$D$2:$D$5000)*0.0000001)/(--(Data!$W$2:$W$5000)),ROW()-1),(Data!$D$2:$D$5000-ROW(Data!$D$2:$D$5000)*0.0000001)/(--(Data!$W$2:$W$5000)),0),"")} -> 301
A5: {=IFERROR(INDEX(Data!$A$2:$A$5000,$J5),IF(ROW()=2,"No data",""))} -> PAS0043 | B5: {=IFERROR(INDEX(Data!$B$2:$B$5000,$J5),"")} -> Maestro FF Shoestring 7x7mm 10Kg/Ctn | C5: {=IFERROR(INDEX(Data!$C$2:$C$5000,$J5),"")} -> KTN | D5: {=IFERROR(INDEX(Data!$D$2:$D$5000,$J5),"")} -> 16 | E5: {=IFERROR(INDEX(Data!$H$2:$H$5000,$J5),"")} -> 26 | F5: {=IFERROR(INDEX(Data!$J$2:$J$5000,$J5),"")} -> 18.4629 | G5: {=IFERROR(INDEX(Data!$N$2:$N$5000,$J5),"")} -> 0 | H5: {=IFERROR(INDEX(Data!$P$2:$P$5000,$J5),"")} -> 0 | J5: {=IFERROR(MATCH(_xlfn.AGGREGATE(14,6,(Data!$D$2:$D$5000-ROW(Data!$D$2:$D$5000)*0.0000001)/(--(Data!$W$2:$W$5000)),ROW()-1),(Data!$D$2:$D$5000-ROW(Data!$D$2:$D$5000)*0.0000001)/(--(Data!$W$2:$W$5000)),0),"")} -> 295
A6: {=IFERROR(INDEX(Data!$A$2:$A$5000,$J6),IF(ROW()=2,"No data",""))} -> PAS0051 | B6: {=IFERROR(INDEX(Data!$B$2:$B$5000,$J6),"")} -> Maestro Crincle Cut 250 Gr - Sample | C6: {=IFERROR(INDEX(Data!$C$2:$C$5000,$J6),"")} -> PACK | D6: {=IFERROR(INDEX(Data!$D$2:$D$5000,$J6),"")} -> 4 | E6: {=IFERROR(INDEX(Data!$H$2:$H$5000,$J6),"")} -> 1 | F6: {=IFERROR(INDEX(Data!$J$2:$J$5000,$J6),"")} -> 120.1201 | G6: {=IFERROR(INDEX(Data!$N$2:$N$5000,$J6),"")} -> 0 | H6: {=IFERROR(INDEX(Data!$P$2:$P$5000,$J6),"")} -> 0 | J6: {=IFERROR(MATCH(_xlfn.AGGREGATE(14,6,(Data!$D$2:$D$5000-ROW(Data!$D$2:$D$5000)*0.0000001)/(--(Data!$W$2:$W$5000)),ROW()-1),(Data!$D$2:$D$5000-ROW(Data!$D$2:$D$5000)*0.0000001)/(--(Data!$W$2:$W$5000)),0),"")} -> 303
A7: {=IFERROR(INDEX(Data!$A$2:$A$5000,$J7),IF(ROW()=2,"No data",""))} -> PAS0064 | B7: {=IFERROR(INDEX(Data!$B$2:$B$5000,$J7),"")} -> Crr Rock'n Waffle Fries 2.5 Kg | C7: {=IFERROR(INDEX(Data!$C$2:$C$5000,$J7),"")} -> PACK | D7: {=IFERROR(INDEX(Data!$D$2:$D$5000,$J7),"")} -> 3 | E7: {=IFERROR(INDEX(Data!$H$2:$H$5000,$J7),"")} -> 35.6666 | F7: {=IFERROR(INDEX(Data!$J$2:$J$5000,$J7),"")} -> 2.5235 | G7: {=IFERROR(INDEX(Data!$N$2:$N$5000,$J7),"")} -> 10 | H7: {=IFERROR(INDEX(Data!$P$2:$P$5000,$J7),"")} -> 0.6 | J7: {=IFERROR(MATCH(_xlfn.AGGREGATE(14,6,(Data!$D$2:$D$5000-ROW(Data!$D$2:$D$5000)*0.0000001)/(--(Data!$W$2:$W$5000)),ROW()-1),(Data!$D$2:$D$5000-ROW(Data!$D$2:$D$5000)*0.0000001)/(--(Data!$W$2:$W$5000)),0),"")} -> 315
A8: {=IFERROR(INDEX(Data!$A$2:$A$5000,$J8),IF(ROW()=2,"No data",""))} -> PAS0031 | B8: {=IFERROR(INDEX(Data!$B$2:$B$5000,$J8),"")} -> Crr Rock'n Hash Brown Triangular 250 Gr - Sample | C8: {=IFERROR(INDEX(Data!$C$2:$C$5000,$J8),"")} -> PACK | D8: {=IFERROR(INDEX(Data!$D$2:$D$5000,$J8),"")} -> 2 | E8: {=IFERROR(INDEX(Data!$H$2:$H$5000,$J8),"")} -> 3 | F8: {=IFERROR(INDEX(Data!$J$2:$J$5000,$J8),"")} -> 20 | G8: {=IFERROR(INDEX(Data!$N$2:$N$5000,$J8),"")} -> 0 | H8: {=IFERROR(INDEX(Data!$P$2:$P$5000,$J8),"")} -> 0 | J8: {=IFERROR(MATCH(_xlfn.AGGREGATE(14,6,(Data!$D$2:$D$5000-ROW(Data!$D$2:$D$5000)*0.0000001)/(--(Data!$W$2:$W$5000)),ROW()-1),(Data!$D$2:$D$5000-ROW(Data!$D$2:$D$5000)*0.0000001)/(--(Data!$W$2:$W$5000)),0),"")} -> 285
A9: {=IFERROR(INDEX(Data!$A$2:$A$5000,$J9),IF(ROW()=2,"No data",""))} -> PAS0039 | B9: {=IFERROR(INDEX(Data!$B$2:$B$5000,$J9),"")} -> Crr Rock'n Simply Crrrrips Straight Cut Fries 2.5 Kg | C9: {=IFERROR(INDEX(Data!$C$2:$C$5000,$J9),"")} -> PACK | D9: {=IFERROR(INDEX(Data!$D$2:$D$5000,$J9),"")} -> 2 | E9: {=IFERROR(INDEX(Data!$H$2:$H$5000,$J9),"")} -> 130 | F9: {=IFERROR(INDEX(Data!$J$2:$J$5000,$J9),"")} -> 0.4615 | G9: {=IFERROR(INDEX(Data!$N$2:$N$5000,$J9),"")} -> 0 | H9: {=IFERROR(INDEX(Data!$P$2:$P$5000,$J9),"")} -> 0 | J9: {=IFERROR(MATCH(_xlfn.AGGREGATE(14,6,(Data!$D$2:$D$5000-ROW(Data!$D$2:$D$5000)*0.0000001)/(--(Data!$W$2:$W$5000)),ROW()-1),(Data!$D$2:$D$5000-ROW(Data!$D$2:$D$5000)*0.0000001)/(--(Data!$W$2:$W$5000)),0),"")} -> 291
A10: {=IFERROR(INDEX(Data!$A$2:$A$5000,$J10),IF(ROW()=2,"No data",""))} -> PAS0048 | B10: {=IFERROR(INDEX(Data!$B$2:$B$5000,$J10),"")} -> Maestro FF Shoestring 7x7mm 2.5 Kg | C10: {=IFERROR(INDEX(Data!$C$2:$C$5000,$J10),"")} -> PACK | D10: {=IFERROR(INDEX(Data!$D$2:$D$5000,$J10),"")} -> 2 | E10: {=IFERROR(INDEX(Data!$H$2:$H$5000,$J10),"")} -> 16.6666 | F10: {=IFERROR(INDEX(Data!$J$2:$J$5000,$J10),"")} -> 3.6003 | G10: {=IFERROR(INDEX(Data!$N$2:$N$5000,$J10),"")} -> 3 | H10: {=IFERROR(INDEX(Data!$P$2:$P$5000,$J10),"")} -> 1.3333 | J10: {=IFERROR(MATCH(_xlfn.AGGREGATE(14,6,(Data!$D$2:$D$5000-ROW(Data!$D$2:$D$5000)*0.0000001)/(--(Data!$W$2:$W$5000)),ROW()-1),(Data!$D$2:$D$5000-ROW(Data!$D$2:$D$5000)*0.0000001)/(--(Data!$W$2:$W$5000)),0),"")} -> 300
A11: {=IFERROR(INDEX(Data!$A$2:$A$5000,$J11),IF(ROW()=2,"No data",""))} -> PAS0011 | B11: {=IFERROR(INDEX(Data!$B$2:$B$5000,$J11),"")} -> Exotic Especia@50TB/Box (Paper) | C11: {=IFERROR(INDEX(Data!$C$2:$C$5000,$J11),"")} -> BOX | D11: {=IFERROR(INDEX(Data!$D$2:$D$5000,$J11),"")} -> 0 | E11: {=IFERROR(INDEX(Data!$H$2:$H$5000,$J11),"")} -> 0 | F11: {=IFERROR(INDEX(Data!$J$2:$J$5000,$J11),"")} -> 0 | G11: {=IFERROR(INDEX(Data!$N$2:$N$5000,$J11),"")} -> 0 | H11: {=IFERROR(INDEX(Data!$P$2:$P$5000,$J11),"")} -> 0 | J11: {=IFERROR(MATCH(_xlfn.AGGREGATE(14,6,(Data!$D$2:$D$5000-ROW(Data!$D$2:$D$5000)*0.0000001)/(--(Data!$W$2:$W$5000)),ROW()-1),(Data!$D$2:$D$5000-ROW(Data!$D$2:$D$5000)*0.0000001)/(--(Data!$W$2:$W$5000)),0),"")} -> 268
A12: {=IFERROR(INDEX(Data!$A$2:$A$5000,$J12),IF(ROW()=2,"No data",""))} -> PAS0014 | B12: {=IFERROR(INDEX(Data!$B$2:$B$5000,$J12),"")} -> Crr Rock'n Hash Brown Triangular 10Kg/Ctn | C12: {=IFERROR(INDEX(Data!$C$2:$C$5000,$J12),"")} -> KTN | D12: {=IFERROR(INDEX(Data!$D$2:$D$5000,$J12),"")} -> 0 | E12: {=IFERROR(INDEX(Data!$H$2:$H$5000,$J12),"")} -> 101 | F12: {=IFERROR(INDEX(Data!$J$2:$J$5000,$J12),"")} -> 0 | G12: {=IFERROR(INDEX(Data!$N$2:$N$5000,$J12),"")} -> 0 | H12: {=IFERROR(INDEX(Data!$P$2:$P$5000,$J12),"")} -> 0 | J12: {=IFERROR(MATCH(_xlfn.AGGREGATE(14,6,(Data!$D$2:$D$5000-ROW(Data!$D$2:$D$5000)*0.0000001)/(--(Data!$W$2:$W$5000)),ROW()-1),(Data!$D$2:$D$5000-ROW(Data!$D$2:$D$5000)*0.0000001)/(--(Data!$W$2:$W$5000)),0),"")} -> 271
A13: {=IFERROR(INDEX(Data!$A$2:$A$5000,$J13),IF(ROW()=2,"No data",""))} -> PAS0015 | B13: {=IFERROR(INDEX(Data!$B$2:$B$5000,$J13),"")} -> Crr Rock'n Super Crispy Jakets Spicy Wedges 10Kg/Ctn | C13: {=IFERROR(INDEX(Data!$C$2:$C$5000,$J13),"")} -> KTN | D13: {=IFERROR(INDEX(Data!$D$2:$D$5000,$J13),"")} -> 0 | E13: {=IFERROR(INDEX(Data!$H$2:$H$5000,$J13),"")} -> 36.6666 | F13: {=IFERROR(INDEX(Data!$J$2:$J$5000,$J13),"")} -> 0 | G13: {=IFERROR(INDEX(Data!$N$2:$N$5000,$J13),"")} -> 0 | H13: {=IFERROR(INDEX(Data!$P$2:$P$5000,$J13),"")} -> 0 | J13: {=IFERROR(MATCH(_xlfn.AGGREGATE(14,6,(Data!$D$2:$D$5000-ROW(Data!$D$2:$D$5000)*0.0000001)/(--(Data!$W$2:$W$5000)),ROW()-1),(Data!$D$2:$D$5000-ROW(Data!$D$2:$D$5000)*0.0000001)/(--(Data!$W$2:$W$5000)),0),"")} -> 272
... A46: {=IFERROR(INDEX(Data!$A$2:$A$5000,$J46),IF(ROW()=2,"No data",""))} | B46: {=IFERROR(INDEX(Data!$B$2:$B$5000,$J46),"")} | C46: {=IFERROR(INDEX(Data!$C$2:$C$5000,$J46),"")} | D46: {=IFERROR(INDEX(Data!$D$2:$D$5000,$J46),"")} | E46: {=IFERROR(INDEX(Data!$H$2:$H$5000,$J46),"")} | F46: {=IFERROR(INDEX(Data!$J$2:$J$5000,$J46),"")} | G46: {=IFERROR(INDEX(Data!$N$2:$N$5000,$J46),"")} | H46: {=IFERROR(INDEX(Data!$P$2:$P$5000,$J46),"")} | J46: {=IFERROR(MATCH(_xlfn.AGGREGATE(14,6,(Data!$D$2:$D$5000-ROW(Data!$D$2:$D$5000)*0.0000001)/(--(Data!$W$2:$W$5000)),ROW()-1),(Data!$D$2:$D$5000-ROW(Data!$D$2:$D$5000)*0.0000001)/(--(Data!$W$2:$W$5000)),0),"")}

Sheet Soejasch Product
A1: =Data!A1 -> Kode_Brg | B1: =Data!B1 -> Nama_Brg | C1: =Data!C1 -> Kode_sat_Std | D1: =Data!D1 -> Saldo Akhir (Std) | E1: =Data!H1 -> Rata - Rata 3 Bulan | F1: =Data!J1 -> Buffer Day (3 Bulan) | G1: =Data!N1 -> Penjualan Tgl 1 sd 02 Sep 2026 | H1: =Data!P1 -> Buffer Day (Tgl 1 sd 02 Sep 2026) | J1: Helper: Data row# (auto)
A2: {=IFERROR(INDEX(Data!$A$2:$A$5000,$J2),IF(ROW()=2,"No data",""))} -> PSJ0019 | B2: {=IFERROR(INDEX(Data!$B$2:$B$5000,$J2),"")} -> Pork B Sliced (1kg/pack) | C2: {=IFERROR(INDEX(Data!$C$2:$C$5000,$J2),"")} -> KG | D2: {=IFERROR(INDEX(Data!$D$2:$D$5000,$J2),"")} -> 1039 | E2: {=IFERROR(INDEX(Data!$H$2:$H$5000,$J2),"")} -> 697.3333 | F2: {=IFERROR(INDEX(Data!$J$2:$J$5000,$J2),"")} -> 44.6989 | G2: {=IFERROR(INDEX(Data!$N$2:$N$5000,$J2),"")} -> 95 | H2: {=IFERROR(INDEX(Data!$P$2:$P$5000,$J2),"")} -> 21.8736 | J2: {=IFERROR(MATCH(_xlfn.AGGREGATE(14,6,(Data!$D$2:$D$5000-ROW(Data!$D$2:$D$5000)*0.0000001)/(--(Data!$X$2:$X$5000)),ROW()-1),(Data!$D$2:$D$5000-ROW(Data!$D$2:$D$5000)*0.0000001)/(--(Data!$X$2:$X$5000)),0),"")} -> 766
A3: {=IFERROR(INDEX(Data!$A$2:$A$5000,$J3),IF(ROW()=2,"No data",""))} -> PSJ0027 | B3: {=IFERROR(INDEX(Data!$B$2:$B$5000,$J3),"")} -> Iga Babi Super | C3: {=IFERROR(INDEX(Data!$C$2:$C$5000,$J3),"")} -> KG | D3: {=IFERROR(INDEX(Data!$D$2:$D$5000,$J3),"")} -> 391.2005 | E3: {=IFERROR(INDEX(Data!$H$2:$H$5000,$J3),"")} -> 2010.0627 | F3: {=IFERROR(INDEX(Data!$J$2:$J$5000,$J3),"")} -> 5.8386 | G3: {=IFERROR(INDEX(Data!$N$2:$N$5000,$J3),"")} -> 9.33 | H3: {=IFERROR(INDEX(Data!$P$2:$P$5000,$J3),"")} -> 83.8586 | J3: {=IFERROR(MATCH(_xlfn.AGGREGATE(14,6,(Data!$D$2:$D$5000-ROW(Data!$D$2:$D$5000)*0.0000001)/(--(Data!$X$2:$X$5000)),ROW()-1),(Data!$D$2:$D$5000-ROW(Data!$D$2:$D$5000)*0.0000001)/(--(Data!$X$2:$X$5000)),0),"")} -> 774
A4: {=IFERROR(INDEX(Data!$A$2:$A$5000,$J4),IF(ROW()=2,"No data",""))} -> PSJ0024 | B4: {=IFERROR(INDEX(Data!$B$2:$B$5000,$J4),"")} -> Coren Pork belly Skinless | C4: {=IFERROR(INDEX(Data!$C$2:$C$5000,$J4),"")} -> KG | D4: {=IFERROR(INDEX(Data!$D$2:$D$5000,$J4),"")} -> 187.6502 | E4: {=IFERROR(INDEX(Data!$H$2:$H$5000,$J4),"")} -> 69.6499 | F4: {=IFERROR(INDEX(Data!$J$2:$J$5000,$J4),"")} -> 80.8279 | G4: {=IFERROR(INDEX(Data!$N$2:$N$5000,$J4),"")} -> 0 | H4: {=IFERROR(INDEX(Data!$P$2:$P$5000,$J4),"")} -> 0 | J4: {=IFERROR(MATCH(_xlfn.AGGREGATE(14,6,(Data!$D$2:$D$5000-ROW(Data!$D$2:$D$5000)*0.0000001)/(--(Data!$X$2:$X$5000)),ROW()-1),(Data!$D$2:$D$5000-ROW(Data!$D$2:$D$5000)*0.0000001)/(--(Data!$X$2:$X$5000)),0),"")} -> 771
A5: {=IFERROR(INDEX(Data!$A$2:$A$5000,$J5),IF(ROW()=2,"No data",""))} -> PSJ0020 | B5: {=IFERROR(INDEX(Data!$B$2:$B$5000,$J5),"")} -> Off Cut 500 Gr | C5: {=IFERROR(INDEX(Data!$C$2:$C$5000,$J5),"")} -> PACK | D5: {=IFERROR(INDEX(Data!$D$2:$D$5000,$J5),"")} -> 128 | E5: {=IFERROR(INDEX(Data!$H$2:$H$5000,$J5),"")} -> 201.3333 | F5: {=IFERROR(INDEX(Data!$J$2:$J$5000,$J5),"")} -> 19.0728 | G5: {=IFERROR(INDEX(Data!$N$2:$N$5000,$J5),"")} -> 5 | H5: {=IFERROR(INDEX(Data!$P$2:$P$5000,$J5),"")} -> 51.2 | J5: {=IFERROR(MATCH(_xlfn.AGGREGATE(14,6,(Data!$D$2:$D$5000-ROW(Data!$D$2:$D$5000)*0.0000001)/(--(Data!$X$2:$X$5000)),ROW()-1),(Data!$D$2:$D$5000-ROW(Data!$D$2:$D$5000)*0.0000001)/(--(Data!$X$2:$X$5000)),0),"")} -> 767
A6: {=IFERROR(INDEX(Data!$A$2:$A$5000,$J6),IF(ROW()=2,"No data",""))} -> PSJ0021 | B6: {=IFERROR(INDEX(Data!$B$2:$B$5000,$J6),"")} -> Mamas Baby Back Rib Premium | C6: {=IFERROR(INDEX(Data!$C$2:$C$5000,$J6),"")} -> KG | D6: {=IFERROR(INDEX(Data!$D$2:$D$5000,$J6),"")} -> 97.8502 | E6: {=IFERROR(INDEX(Data!$H$2:$H$5000,$J6),"")} -> 20.8399 | F6: {=IFERROR(INDEX(Data!$J$2:$J$5000,$J6),"")} -> 140.8727 | G6: {=IFERROR(INDEX(Data!$N$2:$N$5000,$J6),"")} -> 0 | H6: {=IFERROR(INDEX(Data!$P$2:$P$5000,$J6),"")} -> 0 | J6: {=IFERROR(MATCH(_xlfn.AGGREGATE(14,6,(Data!$D$2:$D$5000-ROW(Data!$D$2:$D$5000)*0.0000001)/(--(Data!$X$2:$X$5000)),ROW()-1),(Data!$D$2:$D$5000-ROW(Data!$D$2:$D$5000)*0.0000001)/(--(Data!$X$2:$X$5000)),0),"")} -> 768
A7: {=IFERROR(INDEX(Data!$A$2:$A$5000,$J7),IF(ROW()=2,"No data",""))} -> PSJ0029 | B7: {=IFERROR(INDEX(Data!$B$2:$B$5000,$J7),"")} -> Iga Babi | C7: {=IFERROR(INDEX(Data!$C$2:$C$5000,$J7),"")} -> KG | D7: {=IFERROR(INDEX(Data!$D$2:$D$5000,$J7),"")} -> 29.7608 | E7: {=IFERROR(INDEX(Data!$H$2:$H$5000,$J7),"")} -> 2783.1542 | F7: {=IFERROR(INDEX(Data!$J$2:$J$5000,$J7),"")} -> 0.3207 | G7: {=IFERROR(INDEX(Data!$N$2:$N$5000,$J7),"")} -> 0 | H7: {=IFERROR(INDEX(Data!$P$2:$P$5000,$J7),"")} -> 0 | J7: {=IFERROR(MATCH(_xlfn.AGGREGATE(14,6,(Data!$D$2:$D$5000-ROW(Data!$D$2:$D$5000)*0.0000001)/(--(Data!$X$2:$X$5000)),ROW()-1),(Data!$D$2:$D$5000-ROW(Data!$D$2:$D$5000)*0.0000001)/(--(Data!$X$2:$X$5000)),0),"")} -> 775
A8: {=IFERROR(INDEX(Data!$A$2:$A$5000,$J8),IF(ROW()=2,"No data",""))} -> PSJ0023 | B8: {=IFERROR(INDEX(Data!$B$2:$B$5000,$J8),"")} -> Pork B sliced 100gr - sample | C8: {=IFERROR(INDEX(Data!$C$2:$C$5000,$J8),"")} -> PACK | D8: {=IFERROR(INDEX(Data!$D$2:$D$5000,$J8),"")} -> 24 | E8: {=IFERROR(INDEX(Data!$H$2:$H$5000,$J8),"")} -> 3.5 | F8: {=IFERROR(INDEX(Data!$J$2:$J$5000,$J8),"")} -> 205.8319 | G8: {=IFERROR(INDEX(Data!$N$2:$N$5000,$J8),"")} -> 1 | H8: {=IFERROR(INDEX(Data!$P$2:$P$5000,$J8),"")} -> 48 | J8: {=IFERROR(MATCH(_xlfn.AGGREGATE(14,6,(Data!$D$2:$D$5000-ROW(Data!$D$2:$D$5000)*0.0000001)/(--(Data!$X$2:$X$5000)),ROW()-1),(Data!$D$2:$D$5000-ROW(Data!$D$2:$D$5000)*0.0000001)/(--(Data!$X$2:$X$5000)),0),"")} -> 770
A9: {=IFERROR(INDEX(Data!$A$2:$A$5000,$J9),IF(ROW()=2,"No data",""))} -> PSJ0025 | B9: {=IFERROR(INDEX(Data!$B$2:$B$5000,$J9),"")} -> Coren Pork belly Skinless 200gr sample | C9: {=IFERROR(INDEX(Data!$C$2:$C$5000,$J9),"")} -> PACK | D9: {=IFERROR(INDEX(Data!$D$2:$D$5000,$J9),"")} -> 21 | E9: {=IFERROR(INDEX(Data!$H$2:$H$5000,$J9),"")} -> 0 | F9: {=IFERROR(INDEX(Data!$J$2:$J$5000,$J9),"")} -> 0 | G9: {=IFERROR(INDEX(Data!$N$2:$N$5000,$J9),"")} -> 0 | H9: {=IFERROR(INDEX(Data!$P$2:$P$5000,$J9),"")} -> 0 | J9: {=IFERROR(MATCH(_xlfn.AGGREGATE(14,6,(Data!$D$2:$D$5000-ROW(Data!$D$2:$D$5000)*0.0000001)/(--(Data!$X$2:$X$5000)),ROW()-1),(Data!$D$2:$D$5000-ROW(Data!$D$2:$D$5000)*0.0000001)/(--(Data!$X$2:$X$5000)),0),"")} -> 772
A10: {=IFERROR(INDEX(Data!$A$2:$A$5000,$J10),IF(ROW()=2,"No data",""))} -> PSJ0022 | B10: {=IFERROR(INDEX(Data!$B$2:$B$5000,$J10),"")} -> Baby back Rib 250gr - sample | C10: {=IFERROR(INDEX(Data!$C$2:$C$5000,$J10),"")} -> PACK | D10: {=IFERROR(INDEX(Data!$D$2:$D$5000,$J10),"")} -> 10 | E10: {=IFERROR(INDEX(Data!$H$2:$H$5000,$J10),"")} -> 0 | F10: {=IFERROR(INDEX(Data!$J$2:$J$5000,$J10),"")} -> 0 | G10: {=IFERROR(INDEX(Data!$N$2:$N$5000,$J10),"")} -> 1 | H10: {=IFERROR(INDEX(Data!$P$2:$P$5000,$J10),"")} -> 20 | J10: {=IFERROR(MATCH(_xlfn.AGGREGATE(14,6,(Data!$D$2:$D$5000-ROW(Data!$D$2:$D$5000)*0.0000001)/(--(Data!$X$2:$X$5000)),ROW()-1),(Data!$D$2:$D$5000-ROW(Data!$D$2:$D$5000)*0.0000001)/(--(Data!$X$2:$X$5000)),0),"")} -> 769
A11: {=IFERROR(INDEX(Data!$A$2:$A$5000,$J11),IF(ROW()=2,"No data",""))} -> PSJ0026 | B11: {=IFERROR(INDEX(Data!$B$2:$B$5000,$J11),"")} -> Samcan Babi Tanpa Kulit | C11: {=IFERROR(INDEX(Data!$C$2:$C$5000,$J11),"")} -> KG | D11: {=IFERROR(INDEX(Data!$D$2:$D$5000,$J11),"")} -> 5.6903 | E11: {=IFERROR(INDEX(Data!$H$2:$H$5000,$J11),"")} -> 510.4596 | F11: {=IFERROR(INDEX(Data!$J$2:$J$5000,$J11),"")} -> 0.3344 | G11: {=IFERROR(INDEX(Data!$N$2:$N$5000,$J11),"")} -> 94.9398 | H11: {=IFERROR(INDEX(Data!$P$2:$P$5000,$J11),"")} -> 0.1198 | J11: {=IFERROR(MATCH(_xlfn.AGGREGATE(14,6,(Data!$D$2:$D$5000-ROW(Data!$D$2:$D$5000)*0.0000001)/(--(Data!$X$2:$X$5000)),ROW()-1),(Data!$D$2:$D$5000-ROW(Data!$D$2:$D$5000)*0.0000001)/(--(Data!$X$2:$X$5000)),0),"")} -> 773
A12: {=IFERROR(INDEX(Data!$A$2:$A$5000,$J12),IF(ROW()=2,"No data",""))} -> MRD1318A | B12: {=IFERROR(INDEX(Data!$B$2:$B$5000,$J12),"")} -> MAMAS BELLY RIND ON SB OUT (SKIN ON) 3-5KG/PACK | C12: {=IFERROR(INDEX(Data!$C$2:$C$5000,$J12),"")} -> KG | D12: {=IFERROR(INDEX(Data!$D$2:$D$5000,$J12),"")} -> 0.0013 | E12: {=IFERROR(INDEX(Data!$H$2:$H$5000,$J12),"")} -> 1123.9318 | F12: {=IFERROR(INDEX(Data!$J$2:$J$5000,$J12),"")} -> 0 | G12: {=IFERROR(INDEX(Data!$N$2:$N$5000,$J12),"")} -> 0 | H12: {=IFERROR(INDEX(Data!$P$2:$P$5000,$J12),"")} -> 0 | J12: {=IFERROR(MATCH(_xlfn.AGGREGATE(14,6,(Data!$D$2:$D$5000-ROW(Data!$D$2:$D$5000)*0.0000001)/(--(Data!$X$2:$X$5000)),ROW()-1),(Data!$D$2:$D$5000-ROW(Data!$D$2:$D$5000)*0.0000001)/(--(Data!$X$2:$X$5000)),0),"")} -> 242
A13: {=IFERROR(INDEX(Data!$A$2:$A$5000,$J13),IF(ROW()=2,"No data",""))} -> MRD0430D | B13: {=IFERROR(INDEX(Data!$B$2:$B$5000,$J13),"")} -> Mamas Pork Belly B/L (3kg/pcs) | C13: {=IFERROR(INDEX(Data!$C$2:$C$5000,$J13),"")} -> KG | D13: {=IFERROR(INDEX(Data!$D$2:$D$5000,$J13),"")} -> 0 | E13: {=IFERROR(INDEX(Data!$H$2:$H$5000,$J13),"")} -> 0 | F13: {=IFERROR(INDEX(Data!$J$2:$J$5000,$J13),"")} -> 0 | G13: {=IFERROR(INDEX(Data!$N$2:$N$5000,$J13),"")} -> 0 | H13: {=IFERROR(INDEX(Data!$P$2:$P$5000,$J13),"")} -> 0 | J13: {=IFERROR(MATCH(_xlfn.AGGREGATE(14,6,(Data!$D$2:$D$5000-ROW(Data!$D$2:$D$5000)*0.0000001)/(--(Data!$X$2:$X$5000)),ROW()-1),(Data!$D$2:$D$5000-ROW(Data!$D$2:$D$5000)*0.0000001)/(--(Data!$X$2:$X$5000)),0),"")} -> 239
... A51: {=IFERROR(INDEX(Data!$A$2:$A$5000,$J51),IF(ROW()=2,"No data",""))} | B51: {=IFERROR(INDEX(Data!$B$2:$B$5000,$J51),"")} | C51: {=IFERROR(INDEX(Data!$C$2:$C$5000,$J51),"")} | D51: {=IFERROR(INDEX(Data!$D$2:$D$5000,$J51),"")} | E51: {=IFERROR(INDEX(Data!$H$2:$H$5000,$J51),"")} | F51: {=IFERROR(INDEX(Data!$J$2:$J$5000,$J51),"")} | G51: {=IFERROR(INDEX(Data!$N$2:$N$5000,$J51),"")} | H51: {=IFERROR(INDEX(Data!$P$2:$P$5000,$J51),"")} | J51: {=IFERROR(MATCH(_xlfn.AGGREGATE(14,6,(Data!$D$2:$D$5000-ROW(Data!$D$2:$D$5000)*0.0000001)/(--(Data!$X$2:$X$5000)),ROW()-1),(Data!$D$2:$D$5000-ROW(Data!$D$2:$D$5000)*0.0000001)/(--(Data!$X$2:$X$5000)),0),"")}

Sheet IQF
A1: =Data!A1 -> Kode_Brg | B1: =Data!B1 -> Nama_Brg | C1: =Data!C1 -> Kode_sat_Std | D1: =Data!D1 -> Saldo Akhir (Std) | E1: =Data!H1 -> Rata - Rata 3 Bulan | F1: =Data!J1 -> Buffer Day (3 Bulan) | G1: =Data!N1 -> Penjualan Tgl 1 sd 02 Sep 2026 | H1: =Data!P1 -> Buffer Day (Tgl 1 sd 02 Sep 2026) | J1: Helper: Data row# (auto)
A2: {=IFERROR(INDEX(Data!$A$2:$A$5000,$J2),IF(ROW()=2,"No data",""))} -> PQW0004 | B2: {=IFERROR(INDEX(Data!$B$2:$B$5000,$J2),"")} -> IQF White Onion Whole 10Kg/Ctn | C2: {=IFERROR(INDEX(Data!$C$2:$C$5000,$J2),"")} -> KTN | D2: {=IFERROR(INDEX(Data!$D$2:$D$5000,$J2),"")} -> 1805 | E2: {=IFERROR(INDEX(Data!$H$2:$H$5000,$J2),"")} -> 350 | F2: {=IFERROR(INDEX(Data!$J$2:$J$5000,$J2),"")} -> 154.7151 | G2: {=IFERROR(INDEX(Data!$N$2:$N$5000,$J2),"")} -> 0 | H2: {=IFERROR(INDEX(Data!$P$2:$P$5000,$J2),"")} -> 0 | J2: {=IFERROR(MATCH(_xlfn.AGGREGATE(14,6,(Data!$D$2:$D$5000-ROW(Data!$D$2:$D$5000)*0.0000001)/(--(Data!$Y$2:$Y$5000)),ROW()-1),(Data!$D$2:$D$5000-ROW(Data!$D$2:$D$5000)*0.0000001)/(--(Data!$Y$2:$Y$5000)),0),"")} -> 727
A3: {=IFERROR(INDEX(Data!$A$2:$A$5000,$J3),IF(ROW()=2,"No data",""))} -> PQW0010 | B3: {=IFERROR(INDEX(Data!$B$2:$B$5000,$J3),"")} -> IQF FF Shoestring 10Kg/Ctn | C3: {=IFERROR(INDEX(Data!$C$2:$C$5000,$J3),"")} -> KTN | D3: {=IFERROR(INDEX(Data!$D$2:$D$5000,$J3),"")} -> 468 | E3: {=IFERROR(INDEX(Data!$H$2:$H$5000,$J3),"")} -> 103.3333 | F3: {=IFERROR(INDEX(Data!$J$2:$J$5000,$J3),"")} -> 135.8727 | G3: {=IFERROR(INDEX(Data!$N$2:$N$5000,$J3),"")} -> 8 | H3: {=IFERROR(INDEX(Data!$P$2:$P$5000,$J3),"")} -> 117 | J3: {=IFERROR(MATCH(_xlfn.AGGREGATE(14,6,(Data!$D$2:$D$5000-ROW(Data!$D$2:$D$5000)*0.0000001)/(--(Data!$Y$2:$Y$5000)),ROW()-1),(Data!$D$2:$D$5000-ROW(Data!$D$2:$D$5000)*0.0000001)/(--(Data!$Y$2:$Y$5000)),0),"")} -> 733
A4: {=IFERROR(INDEX(Data!$A$2:$A$5000,$J4),IF(ROW()=2,"No data",""))} -> PQW0012 | B4: {=IFERROR(INDEX(Data!$B$2:$B$5000,$J4),"")} -> IQF FF Shoestring 2.5 Kg/Pack | C4: {=IFERROR(INDEX(Data!$C$2:$C$5000,$J4),"")} -> PACK | D4: {=IFERROR(INDEX(Data!$D$2:$D$5000,$J4),"")} -> 1 | E4: {=IFERROR(INDEX(Data!$H$2:$H$5000,$J4),"")} -> 200.3333 | F4: {=IFERROR(INDEX(Data!$J$2:$J$5000,$J4),"")} -> 0.1497 | G4: {=IFERROR(INDEX(Data!$N$2:$N$5000,$J4),"")} -> 13 | H4: {=IFERROR(INDEX(Data!$P$2:$P$5000,$J4),"")} -> 0.1538 | J4: {=IFERROR(MATCH(_xlfn.AGGREGATE(14,6,(Data!$D$2:$D$5000-ROW(Data!$D$2:$D$5000)*0.0000001)/(--(Data!$Y$2:$Y$5000)),ROW()-1),(Data!$D$2:$D$5000-ROW(Data!$D$2:$D$5000)*0.0000001)/(--(Data!$Y$2:$Y$5000)),0),"")} -> 735
A5: {=IFERROR(INDEX(Data!$A$2:$A$5000,$J5),IF(ROW()=2,"No data",""))} -> PQW0001 | B5: {=IFERROR(INDEX(Data!$B$2:$B$5000,$J5),"")} -> IQF Mixed Berries 10Kg/Ctn | C5: {=IFERROR(INDEX(Data!$C$2:$C$5000,$J5),"")} -> KTN | D5: {=IFERROR(INDEX(Data!$D$2:$D$5000,$J5),"")} -> 0 | E5: {=IFERROR(INDEX(Data!$H$2:$H$5000,$J5),"")} -> 0 | F5: {=IFERROR(INDEX(Data!$J$2:$J$5000,$J5),"")} -> 0 | G5: {=IFERROR(INDEX(Data!$N$2:$N$5000,$J5),"")} -> 0 | H5: {=IFERROR(INDEX(Data!$P$2:$P$5000,$J5),"")} -> 0 | J5: {=IFERROR(MATCH(_xlfn.AGGREGATE(14,6,(Data!$D$2:$D$5000-ROW(Data!$D$2:$D$5000)*0.0000001)/(--(Data!$Y$2:$Y$5000)),ROW()-1),(Data!$D$2:$D$5000-ROW(Data!$D$2:$D$5000)*0.0000001)/(--(Data!$Y$2:$Y$5000)),0),"")} -> 724
A6: {=IFERROR(INDEX(Data!$A$2:$A$5000,$J6),IF(ROW()=2,"No data",""))} -> PQW0002 | B6: {=IFERROR(INDEX(Data!$B$2:$B$5000,$J6),"")} -> IQF Mixed Vegetables 10Kg/Ctn | C6: {=IFERROR(INDEX(Data!$C$2:$C$5000,$J6),"")} -> KTN | D6: {=IFERROR(INDEX(Data!$D$2:$D$5000,$J6),"")} -> 0 | E6: {=IFERROR(INDEX(Data!$H$2:$H$5000,$J6),"")} -> 0 | F6: {=IFERROR(INDEX(Data!$J$2:$J$5000,$J6),"")} -> 0 | G6: {=IFERROR(INDEX(Data!$N$2:$N$5000,$J6),"")} -> 0 | H6: {=IFERROR(INDEX(Data!$P$2:$P$5000,$J6),"")} -> 0 | J6: {=IFERROR(MATCH(_xlfn.AGGREGATE(14,6,(Data!$D$2:$D$5000-ROW(Data!$D$2:$D$5000)*0.0000001)/(--(Data!$Y$2:$Y$5000)),ROW()-1),(Data!$D$2:$D$5000-ROW(Data!$D$2:$D$5000)*0.0000001)/(--(Data!$Y$2:$Y$5000)),0),"")} -> 725
A7: {=IFERROR(INDEX(Data!$A$2:$A$5000,$J7),IF(ROW()=2,"No data",""))} -> PQW0003 | B7: {=IFERROR(INDEX(Data!$B$2:$B$5000,$J7),"")} -> IQF Blueberry Grade A 10Kg/Ctn | C7: {=IFERROR(INDEX(Data!$C$2:$C$5000,$J7),"")} -> KTN | D7: {=IFERROR(INDEX(Data!$D$2:$D$5000,$J7),"")} -> 0 | E7: {=IFERROR(INDEX(Data!$H$2:$H$5000,$J7),"")} -> 0 | F7: {=IFERROR(INDEX(Data!$J$2:$J$5000,$J7),"")} -> 0 | G7: {=IFERROR(INDEX(Data!$N$2:$N$5000,$J7),"")} -> 0 | H7: {=IFERROR(INDEX(Data!$P$2:$P$5000,$J7),"")} -> 0 | J7: {=IFERROR(MATCH(_xlfn.AGGREGATE(14,6,(Data!$D$2:$D$5000-ROW(Data!$D$2:$D$5000)*0.0000001)/(--(Data!$Y$2:$Y$5000)),ROW()-1),(Data!$D$2:$D$5000-ROW(Data!$D$2:$D$5000)*0.0000001)/(--(Data!$Y$2:$Y$5000)),0),"")} -> 726
A8: {=IFERROR(INDEX(Data!$A$2:$A$5000,$J8),IF(ROW()=2,"No data",""))} -> PQW0005 | B8: {=IFERROR(INDEX(Data!$B$2:$B$5000,$J8),"")} -> IQF Mixed Berries 10Kg/Ctn (500gr/pack) | C8: {=IFERROR(INDEX(Data!$C$2:$C$5000,$J8),"")} -> PACK | D8: {=IFERROR(INDEX(Data!$D$2:$D$5000,$J8),"")} -> 0 | E8: {=IFERROR(INDEX(Data!$H$2:$H$5000,$J8),"")} -> 0 | F8: {=IFERROR(INDEX(Data!$J$2:$J$5000,$J8),"")} -> 0 | G8: {=IFERROR(INDEX(Data!$N$2:$N$5000,$J8),"")} -> 0 | H8: {=IFERROR(INDEX(Data!$P$2:$P$5000,$J8),"")} -> 0 | J8: {=IFERROR(MATCH(_xlfn.AGGREGATE(14,6,(Data!$D$2:$D$5000-ROW(Data!$D$2:$D$5000)*0.0000001)/(--(Data!$Y$2:$Y$5000)),ROW()-1),(Data!$D$2:$D$5000-ROW(Data!$D$2:$D$5000)*0.0000001)/(--(Data!$Y$2:$Y$5000)),0),"")} -> 728
A9: {=IFERROR(INDEX(Data!$A$2:$A$5000,$J9),IF(ROW()=2,"No data",""))} -> PQW0006 | B9: {=IFERROR(INDEX(Data!$B$2:$B$5000,$J9),"")} -> IQF Mixed Vegetables 10Kg/Ctn (500gr/pack) | C9: {=IFERROR(INDEX(Data!$C$2:$C$5000,$J9),"")} -> PACK | D9: {=IFERROR(INDEX(Data!$D$2:$D$5000,$J9),"")} -> 0 | E9: {=IFERROR(INDEX(Data!$H$2:$H$5000,$J9),"")} -> 0 | F9: {=IFERROR(INDEX(Data!$J$2:$J$5000,$J9),"")} -> 0 | G9: {=IFERROR(INDEX(Data!$N$2:$N$5000,$J9),"")} -> 0 | H9: {=IFERROR(INDEX(Data!$P$2:$P$5000,$J9),"")} -> 0 | J9: {=IFERROR(MATCH(_xlfn.AGGREGATE(14,6,(Data!$D$2:$D$5000-ROW(Data!$D$2:$D$5000)*0.0000001)/(--(Data!$Y$2:$Y$5000)),ROW()-1),(Data!$D$2:$D$5000-ROW(Data!$D$2:$D$5000)*0.0000001)/(--(Data!$Y$2:$Y$5000)),0),"")} -> 729
A10: {=IFERROR(INDEX(Data!$A$2:$A$5000,$J10),IF(ROW()=2,"No data",""))} -> PQW0007 | B10: {=IFERROR(INDEX(Data!$B$2:$B$5000,$J10),"")} -> IQF Blueberry Grade A 10Kg/Ctn (500gr/pack) | C10: {=IFERROR(INDEX(Data!$C$2:$C$5000,$J10),"")} -> PACK | D10: {=IFERROR(INDEX(Data!$D$2:$D$5000,$J10),"")} -> 0 | E10: {=IFERROR(INDEX(Data!$H$2:$H$5000,$J10),"")} -> 0 | F10: {=IFERROR(INDEX(Data!$J$2:$J$5000,$J10),"")} -> 0 | G10: {=IFERROR(INDEX(Data!$N$2:$N$5000,$J10),"")} -> 0 | H10: {=IFERROR(INDEX(Data!$P$2:$P$5000,$J10),"")} -> 0 | J10: {=IFERROR(MATCH(_xlfn.AGGREGATE(14,6,(Data!$D$2:$D$5000-ROW(Data!$D$2:$D$5000)*0.0000001)/(--(Data!$Y$2:$Y$5000)),ROW()-1),(Data!$D$2:$D$5000-ROW(Data!$D$2:$D$5000)*0.0000001)/(--(Data!$Y$2:$Y$5000)),0),"")} -> 730
A11: {=IFERROR(INDEX(Data!$A$2:$A$5000,$J11),IF(ROW()=2,"No data",""))} -> PQW0008 | B11: {=IFERROR(INDEX(Data!$B$2:$B$5000,$J11),"")} -> IQF White Onion Whole 10Kg/Ctn KG | C11: {=IFERROR(INDEX(Data!$C$2:$C$5000,$J11),"")} -> KG | D11: {=IFERROR(INDEX(Data!$D$2:$D$5000,$J11),"")} -> 0 | E11: {=IFERROR(INDEX(Data!$H$2:$H$5000,$J11),"")} -> 0 | F11: {=IFERROR(INDEX(Data!$J$2:$J$5000,$J11),"")} -> 0 | G11: {=IFERROR(INDEX(Data!$N$2:$N$5000,$J11),"")} -> 0 | H11: {=IFERROR(INDEX(Data!$P$2:$P$5000,$J11),"")} -> 0 | J11: {=IFERROR(MATCH(_xlfn.AGGREGATE(14,6,(Data!$D$2:$D$5000-ROW(Data!$D$2:$D$5000)*0.0000001)/(--(Data!$Y$2:$Y$5000)),ROW()-1),(Data!$D$2:$D$5000-ROW(Data!$D$2:$D$5000)*0.0000001)/(--(Data!$Y$2:$Y$5000)),0),"")} -> 731
A12: {=IFERROR(INDEX(Data!$A$2:$A$5000,$J12),IF(ROW()=2,"No data",""))} -> PQW0009 | B12: {=IFERROR(INDEX(Data!$B$2:$B$5000,$J12),"")} -> IQF Green Peas 10Kg/Ctn | C12: {=IFERROR(INDEX(Data!$C$2:$C$5000,$J12),"")} -> KTN | D12: {=IFERROR(INDEX(Data!$D$2:$D$5000,$J12),"")} -> 0 | E12: {=IFERROR(INDEX(Data!$H$2:$H$5000,$J12),"")} -> 0 | F12: {=IFERROR(INDEX(Data!$J$2:$J$5000,$J12),"")} -> 0 | G12: {=IFERROR(INDEX(Data!$N$2:$N$5000,$J12),"")} -> 0 | H12: {=IFERROR(INDEX(Data!$P$2:$P$5000,$J12),"")} -> 0 | J12: {=IFERROR(MATCH(_xlfn.AGGREGATE(14,6,(Data!$D$2:$D$5000-ROW(Data!$D$2:$D$5000)*0.0000001)/(--(Data!$Y$2:$Y$5000)),ROW()-1),(Data!$D$2:$D$5000-ROW(Data!$D$2:$D$5000)*0.0000001)/(--(Data!$Y$2:$Y$5000)),0),"")} -> 732
A13: {=IFERROR(INDEX(Data!$A$2:$A$5000,$J13),IF(ROW()=2,"No data",""))} -> PQW0011 | B13: {=IFERROR(INDEX(Data!$B$2:$B$5000,$J13),"")} -> IQF Green Peas 500 Gr | C13: {=IFERROR(INDEX(Data!$C$2:$C$5000,$J13),"")} -> PACK | D13: {=IFERROR(INDEX(Data!$D$2:$D$5000,$J13),"")} -> 0 | E13: {=IFERROR(INDEX(Data!$H$2:$H$5000,$J13),"")} -> 0 | F13: {=IFERROR(INDEX(Data!$J$2:$J$5000,$J13),"")} -> 0 | G13: {=IFERROR(INDEX(Data!$N$2:$N$5000,$J13),"")} -> 0 | H13: {=IFERROR(INDEX(Data!$P$2:$P$5000,$J13),"")} -> 0 | J13: {=IFERROR(MATCH(_xlfn.AGGREGATE(14,6,(Data!$D$2:$D$5000-ROW(Data!$D$2:$D$5000)*0.0000001)/(--(Data!$Y$2:$Y$5000)),ROW()-1),(Data!$D$2:$D$5000-ROW(Data!$D$2:$D$5000)*0.0000001)/(--(Data!$Y$2:$Y$5000)),0),"")} -> 734
... A34: {=IFERROR(INDEX(Data!$A$2:$A$5000,$J34),IF(ROW()=2,"No data",""))} | B34: {=IFERROR(INDEX(Data!$B$2:$B$5000,$J34),"")} | C34: {=IFERROR(INDEX(Data!$C$2:$C$5000,$J34),"")} | D34: {=IFERROR(INDEX(Data!$D$2:$D$5000,$J34),"")} | E34: {=IFERROR(INDEX(Data!$H$2:$H$5000,$J34),"")} | F34: {=IFERROR(INDEX(Data!$J$2:$J$5000,$J34),"")} | G34: {=IFERROR(INDEX(Data!$N$2:$N$5000,$J34),"")} | H34: {=IFERROR(INDEX(Data!$P$2:$P$5000,$J34),"")} | J34: {=IFERROR(MATCH(_xlfn.AGGREGATE(14,6,(Data!$D$2:$D$5000-ROW(Data!$D$2:$D$5000)*0.0000001)/(--(Data!$Y$2:$Y$5000)),ROW()-1),(Data!$D$2:$D$5000-ROW(Data!$D$2:$D$5000)*0.0000001)/(--(Data!$Y$2:$Y$5000)),0),"")}

Sheet Masterista
A1: =Data!A1 -> Kode_Brg | B1: =Data!B1 -> Nama_Brg | C1: =Data!C1 -> Kode_sat_Std | D1: =Data!D1 -> Saldo Akhir (Std) | E1: =Data!H1 -> Rata - Rata 3 Bulan | F1: =Data!J1 -> Buffer Day (3 Bulan) | G1: =Data!N1 -> Penjualan Tgl 1 sd 02 Sep 2026 | H1: =Data!P1 -> Buffer Day (Tgl 1 sd 02 Sep 2026) | J1: Helper: Data row# (auto)
A2: {=IFERROR(INDEX(Data!$A$2:$A$5000,$J2),IF(ROW()=2,"No data",""))} -> PMS0162 | B2: {=IFERROR(INDEX(Data!$B$2:$B$5000,$J2),"")} -> Cocofreo Soft Ice Cream Vanilla 1000 Gr | C2: {=IFERROR(INDEX(Data!$C$2:$C$5000,$J2),"")} -> PACK | D2: {=IFERROR(INDEX(Data!$D$2:$D$5000,$J2),"")} -> 229 | E2: {=IFERROR(INDEX(Data!$H$2:$H$5000,$J2),"")} -> 135.3333 | F2: {=IFERROR(INDEX(Data!$J$2:$J$5000,$J2),"")} -> 50.7636 | G2: {=IFERROR(INDEX(Data!$N$2:$N$5000,$J2),"")} -> 0 | H2: {=IFERROR(INDEX(Data!$P$2:$P$5000,$J2),"")} -> 0 | J2: {=IFERROR(MATCH(_xlfn.AGGREGATE(14,6,(Data!$D$2:$D$5000-ROW(Data!$D$2:$D$5000)*0.0000001)/(--(Data!$Z$2:$Z$5000)),ROW()-1),(Data!$D$2:$D$5000-ROW(Data!$D$2:$D$5000)*0.0000001)/(--(Data!$Z$2:$Z$5000)),0),"")} -> 532
A3: {=IFERROR(INDEX(Data!$A$2:$A$5000,$J3),IF(ROW()=2,"No data",""))} -> PMS0024 | B3: {=IFERROR(INDEX(Data!$B$2:$B$5000,$J3),"")} -> Masterista Original Matcha 800Gr | C3: {=IFERROR(INDEX(Data!$C$2:$C$5000,$J3),"")} -> POU | D3: {=IFERROR(INDEX(Data!$D$2:$D$5000,$J3),"")} -> 215 | E3: {=IFERROR(INDEX(Data!$H$2:$H$5000,$J3),"")} -> 316 | F3: {=IFERROR(INDEX(Data!$J$2:$J$5000,$J3),"")} -> 20.4114 | G3: {=IFERROR(INDEX(Data!$N$2:$N$5000,$J3),"")} -> 60 | H3: {=IFERROR(INDEX(Data!$P$2:$P$5000,$J3),"")} -> 7.1666 | J3: {=IFERROR(MATCH(_xlfn.AGGREGATE(14,6,(Data!$D$2:$D$5000-ROW(Data!$D$2:$D$5000)*0.0000001)/(--(Data!$Z$2:$Z$5000)),ROW()-1),(Data!$D$2:$D$5000-ROW(Data!$D$2:$D$5000)*0.0000001)/(--(Data!$Z$2:$Z$5000)),0),"")} -> 407
A4: {=IFERROR(INDEX(Data!$A$2:$A$5000,$J4),IF(ROW()=2,"No data",""))} -> PMS0036 | B4: {=IFERROR(INDEX(Data!$B$2:$B$5000,$J4),"")} -> Artisan Pure Matcha (500Gr/Pack) | C4: {=IFERROR(INDEX(Data!$C$2:$C$5000,$J4),"")} -> PACK | D4: {=IFERROR(INDEX(Data!$D$2:$D$5000,$J4),"")} -> 193 | E4: {=IFERROR(INDEX(Data!$H$2:$H$5000,$J4),"")} -> 194.6666 | F4: {=IFERROR(INDEX(Data!$J$2:$J$5000,$J4),"")} -> 29.7435 | G4: {=IFERROR(INDEX(Data!$N$2:$N$5000,$J4),"")} -> 17 | H4: {=IFERROR(INDEX(Data!$P$2:$P$5000,$J4),"")} -> 22.7058 | J4: {=IFERROR(MATCH(_xlfn.AGGREGATE(14,6,(Data!$D$2:$D$5000-ROW(Data!$D$2:$D$5000)*0.0000001)/(--(Data!$Z$2:$Z$5000)),ROW()-1),(Data!$D$2:$D$5000-ROW(Data!$D$2:$D$5000)*0.0000001)/(--(Data!$Z$2:$Z$5000)),0),"")} -> 419
A5: {=IFERROR(INDEX(Data!$A$2:$A$5000,$J5),IF(ROW()=2,"No data",""))} -> PMS0163 | B5: {=IFERROR(INDEX(Data!$B$2:$B$5000,$J5),"")} -> Cocofreo Soft Ice Cream Original Matcha 1000 Gr | C5: {=IFERROR(INDEX(Data!$C$2:$C$5000,$J5),"")} -> PACK | D5: {=IFERROR(INDEX(Data!$D$2:$D$5000,$J5),"")} -> 174 | E5: {=IFERROR(INDEX(Data!$H$2:$H$5000,$J5),"")} -> 117.3333 | F5: {=IFERROR(INDEX(Data!$J$2:$J$5000,$J5),"")} -> 44.4887 | G5: {=IFERROR(INDEX(Data!$N$2:$N$5000,$J5),"")} -> 0 | H5: {=IFERROR(INDEX(Data!$P$2:$P$5000,$J5),"")} -> 0 | J5: {=IFERROR(MATCH(_xlfn.AGGREGATE(14,6,(Data!$D$2:$D$5000-ROW(Data!$D$2:$D$5000)*0.0000001)/(--(Data!$Z$2:$Z$5000)),ROW()-1),(Data!$D$2:$D$5000-ROW(Data!$D$2:$D$5000)*0.0000001)/(--(Data!$Z$2:$Z$5000)),0),"")} -> 533
A6: {=IFERROR(INDEX(Data!$A$2:$A$5000,$J6),IF(ROW()=2,"No data",""))} -> PMS0076 | B6: {=IFERROR(INDEX(Data!$B$2:$B$5000,$J6),"")} -> Masterista Creamer Base (Creamy) | C6: {=IFERROR(INDEX(Data!$C$2:$C$5000,$J6),"")} -> PACK | D6: {=IFERROR(INDEX(Data!$D$2:$D$5000,$J6),"")} -> 151 | E6: {=IFERROR(INDEX(Data!$H$2:$H$5000,$J6),"")} -> 185.6666 | F6: {=IFERROR(INDEX(Data!$J$2:$J$5000,$J6),"")} -> 24.3989 | G6: {=IFERROR(INDEX(Data!$N$2:$N$5000,$J6),"")} -> 36 | H6: {=IFERROR(INDEX(Data!$P$2:$P$5000,$J6),"")} -> 8.3888 | J6: {=IFERROR(MATCH(_xlfn.AGGREGATE(14,6,(Data!$D$2:$D$5000-ROW(Data!$D$2:$D$5000)*0.0000001)/(--(Data!$Z$2:$Z$5000)),ROW()-1),(Data!$D$2:$D$5000-ROW(Data!$D$2:$D$5000)*0.0000001)/(--(Data!$Z$2:$Z$5000)),0),"")} -> 459
A7: {=IFERROR(INDEX(Data!$A$2:$A$5000,$J7),IF(ROW()=2,"No data",""))} -> PMS0031 | B7: {=IFERROR(INDEX(Data!$B$2:$B$5000,$J7),"")} -> Masterista Aren Sugar Liquid 1000Gr | C7: {=IFERROR(INDEX(Data!$C$2:$C$5000,$J7),"")} -> POU | D7: {=IFERROR(INDEX(Data!$D$2:$D$5000,$J7),"")} -> 129 | E7: {=IFERROR(INDEX(Data!$H$2:$H$5000,$J7),"")} -> 122.6666 | F7: {=IFERROR(INDEX(Data!$J$2:$J$5000,$J7),"")} -> 31.5495 | G7: {=IFERROR(INDEX(Data!$N$2:$N$5000,$J7),"")} -> 1 | H7: {=IFERROR(INDEX(Data!$P$2:$P$5000,$J7),"")} -> 258 | J7: {=IFERROR(MATCH(_xlfn.AGGREGATE(14,6,(Data!$D$2:$D$5000-ROW(Data!$D$2:$D$5000)*0.0000001)/(--(Data!$Z$2:$Z$5000)),ROW()-1),(Data!$D$2:$D$5000-ROW(Data!$D$2:$D$5000)*0.0000001)/(--(Data!$Z$2:$Z$5000)),0),"")} -> 414
A8: {=IFERROR(INDEX(Data!$A$2:$A$5000,$J8),IF(ROW()=2,"No data",""))} -> PMS0026 | B8: {=IFERROR(INDEX(Data!$B$2:$B$5000,$J8),"")} -> Masterista Dark Chocolate 800Gr | C8: {=IFERROR(INDEX(Data!$C$2:$C$5000,$J8),"")} -> POU | D8: {=IFERROR(INDEX(Data!$D$2:$D$5000,$J8),"")} -> 115 | E8: {=IFERROR(INDEX(Data!$H$2:$H$5000,$J8),"")} -> 230 | F8: {=IFERROR(INDEX(Data!$J$2:$J$5000,$J8),"")} -> 15.0001 | G8: {=IFERROR(INDEX(Data!$N$2:$N$5000,$J8),"")} -> 38 | H8: {=IFERROR(INDEX(Data!$P$2:$P$5000,$J8),"")} -> 6.0526 | J8: {=IFERROR(MATCH(_xlfn.AGGREGATE(14,6,(Data!$D$2:$D$5000-ROW(Data!$D$2:$D$5000)*0.0000001)/(--(Data!$Z$2:$Z$5000)),ROW()-1),(Data!$D$2:$D$5000-ROW(Data!$D$2:$D$5000)*0.0000001)/(--(Data!$Z$2:$Z$5000)),0),"")} -> 409
A9: {=IFERROR(INDEX(Data!$A$2:$A$5000,$J9),IF(ROW()=2,"No data",""))} -> PMS0114 | B9: {=IFERROR(INDEX(Data!$B$2:$B$5000,$J9),"")} -> Masterista Cold Foam Sea Salt 500 Gr | C9: {=IFERROR(INDEX(Data!$C$2:$C$5000,$J9),"")} -> PACK | D9: {=IFERROR(INDEX(Data!$D$2:$D$5000,$J9),"")} -> 109 | E9: {=IFERROR(INDEX(Data!$H$2:$H$5000,$J9),"")} -> 99 | F9: {=IFERROR(INDEX(Data!$J$2:$J$5000,$J9),"")} -> 33.0303 | G9: {=IFERROR(INDEX(Data!$N$2:$N$5000,$J9),"")} -> 16 | H9: {=IFERROR(INDEX(Data!$P$2:$P$5000,$J9),"")} -> 13.625 | J9: {=IFERROR(MATCH(_xlfn.AGGREGATE(14,6,(Data!$D$2:$D$5000-ROW(Data!$D$2:$D$5000)*0.0000001)/(--(Data!$Z$2:$Z$5000)),ROW()-1),(Data!$D$2:$D$5000-ROW(Data!$D$2:$D$5000)*0.0000001)/(--(Data!$Z$2:$Z$5000)),0),"")} -> 492
A10: {=IFERROR(INDEX(Data!$A$2:$A$5000,$J10),IF(ROW()=2,"No data",""))} -> PMS0132 | B10: {=IFERROR(INDEX(Data!$B$2:$B$5000,$J10),"")} -> Masterista Syrup Vanilla Tradition 850ml | C10: {=IFERROR(INDEX(Data!$C$2:$C$5000,$J10),"")} -> BTL | D10: {=IFERROR(INDEX(Data!$D$2:$D$5000,$J10),"")} -> 109 | E10: {=IFERROR(INDEX(Data!$H$2:$H$5000,$J10),"")} -> 107.3333 | F10: {=IFERROR(INDEX(Data!$J$2:$J$5000,$J10),"")} -> 30.4665 | G10: {=IFERROR(INDEX(Data!$N$2:$N$5000,$J10),"")} -> 14 | H10: {=IFERROR(INDEX(Data!$P$2:$P$5000,$J10),"")} -> 15.5714 | J10: {=IFERROR(MATCH(_xlfn.AGGREGATE(14,6,(Data!$D$2:$D$5000-ROW(Data!$D$2:$D$5000)*0.0000001)/(--(Data!$Z$2:$Z$5000)),ROW()-1),(Data!$D$2:$D$5000-ROW(Data!$D$2:$D$5000)*0.0000001)/(--(Data!$Z$2:$Z$5000)),0),"")} -> 507
A11: {=IFERROR(INDEX(Data!$A$2:$A$5000,$J11),IF(ROW()=2,"No data",""))} -> PMS0127 | B11: {=IFERROR(INDEX(Data!$B$2:$B$5000,$J11),"")} -> Masterista Gourmet Syrup Pineaple 850 Ml | C11: {=IFERROR(INDEX(Data!$C$2:$C$5000,$J11),"")} -> BTL | D11: {=IFERROR(INDEX(Data!$D$2:$D$5000,$J11),"")} -> 93 | E11: {=IFERROR(INDEX(Data!$H$2:$H$5000,$J11),"")} -> 61.6666 | F11: {=IFERROR(INDEX(Data!$J$2:$J$5000,$J11),"")} -> 45.2444 | G11: {=IFERROR(INDEX(Data!$N$2:$N$5000,$J11),"")} -> 0 | H11: {=IFERROR(INDEX(Data!$P$2:$P$5000,$J11),"")} -> 0 | J11: {=IFERROR(MATCH(_xlfn.AGGREGATE(14,6,(Data!$D$2:$D$5000-ROW(Data!$D$2:$D$5000)*0.0000001)/(--(Data!$Z$2:$Z$5000)),ROW()-1),(Data!$D$2:$D$5000-ROW(Data!$D$2:$D$5000)*0.0000001)/(--(Data!$Z$2:$Z$5000)),0),"")} -> 502
A12: {=IFERROR(INDEX(Data!$A$2:$A$5000,$J12),IF(ROW()=2,"No data",""))} -> PMS0130 | B12: {=IFERROR(INDEX(Data!$B$2:$B$5000,$J12),"")} -> Masterista Syrup Classic Caramel 850ml | C12: {=IFERROR(INDEX(Data!$C$2:$C$5000,$J12),"")} -> BTL | D12: {=IFERROR(INDEX(Data!$D$2:$D$5000,$J12),"")} -> 84 | E12: {=IFERROR(INDEX(Data!$H$2:$H$5000,$J12),"")} -> 73.6666 | F12: {=IFERROR(INDEX(Data!$J$2:$J$5000,$J12),"")} -> 34.2089 | G12: {=IFERROR(INDEX(Data!$N$2:$N$5000,$J12),"")} -> 10 | H12: {=IFERROR(INDEX(Data!$P$2:$P$5000,$J12),"")} -> 16.8 | J12: {=IFERROR(MATCH(_xlfn.AGGREGATE(14,6,(Data!$D$2:$D$5000-ROW(Data!$D$2:$D$5000)*0.0000001)/(--(Data!$Z$2:$Z$5000)),ROW()-1),(Data!$D$2:$D$5000-ROW(Data!$D$2:$D$5000)*0.0000001)/(--(Data!$Z$2:$Z$5000)),0),"")} -> 505
A13: {=IFERROR(INDEX(Data!$A$2:$A$5000,$J13),IF(ROW()=2,"No data",""))} -> PMS0181 | B13: {=IFERROR(INDEX(Data!$B$2:$B$5000,$J13),"")} -> Ice Shaken Pink Lava 1.000 Gr | C13: {=IFERROR(INDEX(Data!$C$2:$C$5000,$J13),"")} -> PACK | D13: {=IFERROR(INDEX(Data!$D$2:$D$5000,$J13),"")} -> 84 | E13: {=IFERROR(INDEX(Data!$H$2:$H$5000,$J13),"")} -> 92 | F13: {=IFERROR(INDEX(Data!$J$2:$J$5000,$J13),"")} -> 27.3918 | G13: {=IFERROR(INDEX(Data!$N$2:$N$5000,$J13),"")} -> 0 | H13: {=IFERROR(INDEX(Data!$P$2:$P$5000,$J13),"")} -> 0 | J13: {=IFERROR(MATCH(_xlfn.AGGREGATE(14,6,(Data!$D$2:$D$5000-ROW(Data!$D$2:$D$5000)*0.0000001)/(--(Data!$Z$2:$Z$5000)),ROW()-1),(Data!$D$2:$D$5000-ROW(Data!$D$2:$D$5000)*0.0000001)/(--(Data!$Z$2:$Z$5000)),0),"")} -> 551
... A195: {=IFERROR(INDEX(Data!$A$2:$A$5000,$J195),IF(ROW()=2,"No data",""))} | B195: {=IFERROR(INDEX(Data!$B$2:$B$5000,$J195),"")} | C195: {=IFERROR(INDEX(Data!$C$2:$C$5000,$J195),"")} | D195: {=IFERROR(INDEX(Data!$D$2:$D$5000,$J195),"")} | E195: {=IFERROR(INDEX(Data!$H$2:$H$5000,$J195),"")} | F195: {=IFERROR(INDEX(Data!$J$2:$J$5000,$J195),"")} | G195: {=IFERROR(INDEX(Data!$N$2:$N$5000,$J195),"")} | H195: {=IFERROR(INDEX(Data!$P$2:$P$5000,$J195),"")} | J195: {=IFERROR(MATCH(_xlfn.AGGREGATE(14,6,(Data!$D$2:$D$5000-ROW(Data!$D$2:$D$5000)*0.0000001)/(--(Data!$Z$2:$Z$5000)),ROW()-1),(Data!$D$2:$D$5000-ROW(Data!$D$2:$D$5000)*0.0000001)/(--(Data!$Z$2:$Z$5000)),0),"")}

Sheet Mikol
A1: =Data!A1 -> Kode_Brg | B1: =Data!B1 -> Nama_Brg | C1: =Data!C1 -> Kode_sat_Std | D1: =Data!D1 -> Saldo Akhir (Std) | E1: =Data!H1 -> Rata - Rata 3 Bulan | F1: =Data!J1 -> Buffer Day (3 Bulan) | G1: =Data!N1 -> Penjualan Tgl 1 sd 02 Sep 2026 | H1: =Data!P1 -> Buffer Day (Tgl 1 sd 02 Sep 2026) | J1: Helper: Data row# (auto)
A2: {=IFERROR(INDEX(Data!$A$2:$A$5000,$J2),IF(ROW()=2,"No data",""))} -> CKP1S-163 | B2: {=IFERROR(INDEX(Data!$B$2:$B$5000,$J2),"")} -> Daebak Soju Peach @360ml/btl | C2: {=IFERROR(INDEX(Data!$C$2:$C$5000,$J2),"")} -> BTL | D2: {=IFERROR(INDEX(Data!$D$2:$D$5000,$J2),"")} -> 310 | E2: {=IFERROR(INDEX(Data!$H$2:$H$5000,$J2),"")} -> 1366.6666 | F2: {=IFERROR(INDEX(Data!$J$2:$J$5000,$J2),"")} -> 6.8048 | G2: {=IFERROR(INDEX(Data!$N$2:$N$5000,$J2),"")} -> 120 | H2: {=IFERROR(INDEX(Data!$P$2:$P$5000,$J2),"")} -> 5.1666 | J2: {=IFERROR(MATCH(_xlfn.AGGREGATE(14,6,(Data!$D$2:$D$5000-ROW(Data!$D$2:$D$5000)*0.0000001)/(--(Data!$AA$2:$AA$5000)),ROW()-1),(Data!$D$2:$D$5000-ROW(Data!$D$2:$D$5000)*0.0000001)/(--(Data!$AA$2:$AA$5000)),0),"")} -> 178
A3: {=IFERROR(INDEX(Data!$A$2:$A$5000,$J3),IF(ROW()=2,"No data",""))} -> PNL0002 | B3: {=IFERROR(INDEX(Data!$B$2:$B$5000,$J3),"")} -> Jinro Chamisul Soju Peach 360ml | C3: {=IFERROR(INDEX(Data!$C$2:$C$5000,$J3),"")} -> BTL | D3: {=IFERROR(INDEX(Data!$D$2:$D$5000,$J3),"")} -> 59 | E3: {=IFERROR(INDEX(Data!$H$2:$H$5000,$J3),"")} -> 3 | F3: {=IFERROR(INDEX(Data!$J$2:$J$5000,$J3),"")} -> 590 | G3: {=IFERROR(INDEX(Data!$N$2:$N$5000,$J3),"")} -> 0 | H3: {=IFERROR(INDEX(Data!$P$2:$P$5000,$J3),"")} -> 0 | J3: {=IFERROR(MATCH(_xlfn.AGGREGATE(14,6,(Data!$D$2:$D$5000-ROW(Data!$D$2:$D$5000)*0.0000001)/(--(Data!$AA$2:$AA$5000)),ROW()-1),(Data!$D$2:$D$5000-ROW(Data!$D$2:$D$5000)*0.0000001)/(--(Data!$AA$2:$AA$5000)),0),"")} -> 559
A4: {=IFERROR(INDEX(Data!$A$2:$A$5000,$J4),IF(ROW()=2,"No data",""))} -> CKP1S-153 | B4: {=IFERROR(INDEX(Data!$B$2:$B$5000,$J4),"")} -> Jinro Chamisul Soju Green Grape 360ml | C4: {=IFERROR(INDEX(Data!$C$2:$C$5000,$J4),"")} -> BTL | D4: {=IFERROR(INDEX(Data!$D$2:$D$5000,$J4),"")} -> 52 | E4: {=IFERROR(INDEX(Data!$H$2:$H$5000,$J4),"")} -> 36 | F4: {=IFERROR(INDEX(Data!$J$2:$J$5000,$J4),"")} -> 43.3333 | G4: {=IFERROR(INDEX(Data!$N$2:$N$5000,$J4),"")} -> 0 | H4: {=IFERROR(INDEX(Data!$P$2:$P$5000,$J4),"")} -> 0 | J4: {=IFERROR(MATCH(_xlfn.AGGREGATE(14,6,(Data!$D$2:$D$5000-ROW(Data!$D$2:$D$5000)*0.0000001)/(--(Data!$AA$2:$AA$5000)),ROW()-1),(Data!$D$2:$D$5000-ROW(Data!$D$2:$D$5000)*0.0000001)/(--(Data!$AA$2:$AA$5000)),0),"")} -> 172
A5: {=IFERROR(INDEX(Data!$A$2:$A$5000,$J5),IF(ROW()=2,"No data",""))} -> CKP1S-162 | B5: {=IFERROR(INDEX(Data!$B$2:$B$5000,$J5),"")} -> Jinro Chamisul Soju Strawberry 360ml | C5: {=IFERROR(INDEX(Data!$C$2:$C$5000,$J5),"")} -> BTL | D5: {=IFERROR(INDEX(Data!$D$2:$D$5000,$J5),"")} -> 42 | E5: {=IFERROR(INDEX(Data!$H$2:$H$5000,$J5),"")} -> 28 | F5: {=IFERROR(INDEX(Data!$J$2:$J$5000,$J5),"")} -> 45.0016 | G5: {=IFERROR(INDEX(Data!$N$2:$N$5000,$J5),"")} -> 0 | H5: {=IFERROR(INDEX(Data!$P$2:$P$5000,$J5),"")} -> 0 | J5: {=IFERROR(MATCH(_xlfn.AGGREGATE(14,6,(Data!$D$2:$D$5000-ROW(Data!$D$2:$D$5000)*0.0000001)/(--(Data!$AA$2:$AA$5000)),ROW()-1),(Data!$D$2:$D$5000-ROW(Data!$D$2:$D$5000)*0.0000001)/(--(Data!$AA$2:$AA$5000)),0),"")} -> 177
A6: {=IFERROR(INDEX(Data!$A$2:$A$5000,$J6),IF(ROW()=2,"No data",""))} -> POT0093 | B6: {=IFERROR(INDEX(Data!$B$2:$B$5000,$J6),"")} -> Bali Hai Quart 620 Ml | C6: {=IFERROR(INDEX(Data!$C$2:$C$5000,$J6),"")} -> BTL | D6: {=IFERROR(INDEX(Data!$D$2:$D$5000,$J6),"")} -> 36 | E6: {=IFERROR(INDEX(Data!$H$2:$H$5000,$J6),"")} -> 28 | F6: {=IFERROR(INDEX(Data!$J$2:$J$5000,$J6),"")} -> 38.5728 | G6: {=IFERROR(INDEX(Data!$N$2:$N$5000,$J6),"")} -> 0 | H6: {=IFERROR(INDEX(Data!$P$2:$P$5000,$J6),"")} -> 0 | J6: {=IFERROR(MATCH(_xlfn.AGGREGATE(14,6,(Data!$D$2:$D$5000-ROW(Data!$D$2:$D$5000)*0.0000001)/(--(Data!$AA$2:$AA$5000)),ROW()-1),(Data!$D$2:$D$5000-ROW(Data!$D$2:$D$5000)*0.0000001)/(--(Data!$AA$2:$AA$5000)),0),"")} -> 636
A7: {=IFERROR(INDEX(Data!$A$2:$A$5000,$J7),IF(ROW()=2,"No data",""))} -> POT0095 | B7: {=IFERROR(INDEX(Data!$B$2:$B$5000,$J7),"")} -> Bali Hai Draft Quart 620 Ml | C7: {=IFERROR(INDEX(Data!$C$2:$C$5000,$J7),"")} -> BTL | D7: {=IFERROR(INDEX(Data!$D$2:$D$5000,$J7),"")} -> 36 | E7: {=IFERROR(INDEX(Data!$H$2:$H$5000,$J7),"")} -> 30 | F7: {=IFERROR(INDEX(Data!$J$2:$J$5000,$J7),"")} -> 36 | G7: {=IFERROR(INDEX(Data!$N$2:$N$5000,$J7),"")} -> 0 | H7: {=IFERROR(INDEX(Data!$P$2:$P$5000,$J7),"")} -> 0 | J7: {=IFERROR(MATCH(_xlfn.AGGREGATE(14,6,(Data!$D$2:$D$5000-ROW(Data!$D$2:$D$5000)*0.0000001)/(--(Data!$AA$2:$AA$5000)),ROW()-1),(Data!$D$2:$D$5000-ROW(Data!$D$2:$D$5000)*0.0000001)/(--(Data!$AA$2:$AA$5000)),0),"")} -> 638
A8: {=IFERROR(INDEX(Data!$A$2:$A$5000,$J8),IF(ROW()=2,"No data",""))} -> CKP1S-152 | B8: {=IFERROR(INDEX(Data!$B$2:$B$5000,$J8),"")} -> Jinro Chamisul Soju Grapefruit 360ml | C8: {=IFERROR(INDEX(Data!$C$2:$C$5000,$J8),"")} -> BTL | D8: {=IFERROR(INDEX(Data!$D$2:$D$5000,$J8),"")} -> 33 | E8: {=IFERROR(INDEX(Data!$H$2:$H$5000,$J8),"")} -> 18.3333 | F8: {=IFERROR(INDEX(Data!$J$2:$J$5000,$J8),"")} -> 54.0009 | G8: {=IFERROR(INDEX(Data!$N$2:$N$5000,$J8),"")} -> 0 | H8: {=IFERROR(INDEX(Data!$P$2:$P$5000,$J8),"")} -> 0 | J8: {=IFERROR(MATCH(_xlfn.AGGREGATE(14,6,(Data!$D$2:$D$5000-ROW(Data!$D$2:$D$5000)*0.0000001)/(--(Data!$AA$2:$AA$5000)),ROW()-1),(Data!$D$2:$D$5000-ROW(Data!$D$2:$D$5000)*0.0000001)/(--(Data!$AA$2:$AA$5000)),0),"")} -> 171
A9: {=IFERROR(INDEX(Data!$A$2:$A$5000,$J9),IF(ROW()=2,"No data",""))} -> CKP1S-187 | B9: {=IFERROR(INDEX(Data!$B$2:$B$5000,$J9),"")} -> Cap Tikus Coffee 700ml | C9: {=IFERROR(INDEX(Data!$C$2:$C$5000,$J9),"")} -> BTL | D9: {=IFERROR(INDEX(Data!$D$2:$D$5000,$J9),"")} -> 31 | E9: {=IFERROR(INDEX(Data!$H$2:$H$5000,$J9),"")} -> 9.5 | F9: {=IFERROR(INDEX(Data!$J$2:$J$5000,$J9),"")} -> 97.9153 | G9: {=IFERROR(INDEX(Data!$N$2:$N$5000,$J9),"")} -> 0 | H9: {=IFERROR(INDEX(Data!$P$2:$P$5000,$J9),"")} -> 0 | J9: {=IFERROR(MATCH(_xlfn.AGGREGATE(14,6,(Data!$D$2:$D$5000-ROW(Data!$D$2:$D$5000)*0.0000001)/(--(Data!$AA$2:$AA$5000)),ROW()-1),(Data!$D$2:$D$5000-ROW(Data!$D$2:$D$5000)*0.0000001)/(--(Data!$AA$2:$AA$5000)),0),"")} -> 202
A10: {=IFERROR(INDEX(Data!$A$2:$A$5000,$J10),IF(ROW()=2,"No data",""))} -> CKP1S-164 | B10: {=IFERROR(INDEX(Data!$B$2:$B$5000,$J10),"")} -> Daebak Soju Lychee @360ml/btl | C10: {=IFERROR(INDEX(Data!$C$2:$C$5000,$J10),"")} -> BTL | D10: {=IFERROR(INDEX(Data!$D$2:$D$5000,$J10),"")} -> 25 | E10: {=IFERROR(INDEX(Data!$H$2:$H$5000,$J10),"")} -> 1547.6666 | F10: {=IFERROR(INDEX(Data!$J$2:$J$5000,$J10),"")} -> 0.4846 | G10: {=IFERROR(INDEX(Data!$N$2:$N$5000,$J10),"")} -> 0 | H10: {=IFERROR(INDEX(Data!$P$2:$P$5000,$J10),"")} -> 0 | J10: {=IFERROR(MATCH(_xlfn.AGGREGATE(14,6,(Data!$D$2:$D$5000-ROW(Data!$D$2:$D$5000)*0.0000001)/(--(Data!$AA$2:$AA$5000)),ROW()-1),(Data!$D$2:$D$5000-ROW(Data!$D$2:$D$5000)*0.0000001)/(--(Data!$AA$2:$AA$5000)),0),"")} -> 179
A11: {=IFERROR(INDEX(Data!$A$2:$A$5000,$J11),IF(ROW()=2,"No data",""))} -> CKP1S-186 | B11: {=IFERROR(INDEX(Data!$B$2:$B$5000,$J11),"")} -> Cap Tikus Original 700ml | C11: {=IFERROR(INDEX(Data!$C$2:$C$5000,$J11),"")} -> BTL | D11: {=IFERROR(INDEX(Data!$D$2:$D$5000,$J11),"")} -> 25 | E11: {=IFERROR(INDEX(Data!$H$2:$H$5000,$J11),"")} -> 10.5 | F11: {=IFERROR(INDEX(Data!$J$2:$J$5000,$J11),"")} -> 71.4285 | G11: {=IFERROR(INDEX(Data!$N$2:$N$5000,$J11),"")} -> 0 | H11: {=IFERROR(INDEX(Data!$P$2:$P$5000,$J11),"")} -> 0 | J11: {=IFERROR(MATCH(_xlfn.AGGREGATE(14,6,(Data!$D$2:$D$5000-ROW(Data!$D$2:$D$5000)*0.0000001)/(--(Data!$AA$2:$AA$5000)),ROW()-1),(Data!$D$2:$D$5000-ROW(Data!$D$2:$D$5000)*0.0000001)/(--(Data!$AA$2:$AA$5000)),0),"")} -> 201
A12: {=IFERROR(INDEX(Data!$A$2:$A$5000,$J12),IF(ROW()=2,"No data",""))} -> CKP1S-167 | B12: {=IFERROR(INDEX(Data!$B$2:$B$5000,$J12),"")} -> Cap Tikus Coffee 320ml | C12: {=IFERROR(INDEX(Data!$C$2:$C$5000,$J12),"")} -> BTL | D12: {=IFERROR(INDEX(Data!$D$2:$D$5000,$J12),"")} -> 21 | E12: {=IFERROR(INDEX(Data!$H$2:$H$5000,$J12),"")} -> 21 | F12: {=IFERROR(INDEX(Data!$J$2:$J$5000,$J12),"")} -> 30 | G12: {=IFERROR(INDEX(Data!$N$2:$N$5000,$J12),"")} -> 0 | H12: {=IFERROR(INDEX(Data!$P$2:$P$5000,$J12),"")} -> 0 | J12: {=IFERROR(MATCH(_xlfn.AGGREGATE(14,6,(Data!$D$2:$D$5000-ROW(Data!$D$2:$D$5000)*0.0000001)/(--(Data!$AA$2:$AA$5000)),ROW()-1),(Data!$D$2:$D$5000-ROW(Data!$D$2:$D$5000)*0.0000001)/(--(Data!$AA$2:$AA$5000)),0),"")} -> 182
A13: {=IFERROR(INDEX(Data!$A$2:$A$5000,$J13),IF(ROW()=2,"No data",""))} -> CKP1S-154 | B13: {=IFERROR(INDEX(Data!$B$2:$B$5000,$J13),"")} -> Jinro Chamisul Soju Plum 360ml | C13: {=IFERROR(INDEX(Data!$C$2:$C$5000,$J13),"")} -> BTL | D13: {=IFERROR(INDEX(Data!$D$2:$D$5000,$J13),"")} -> 20 | E13: {=IFERROR(INDEX(Data!$H$2:$H$5000,$J13),"")} -> 15 | F13: {=IFERROR(INDEX(Data!$J$2:$J$5000,$J13),"")} -> 40 | G13: {=IFERROR(INDEX(Data!$N$2:$N$5000,$J13),"")} -> 0 | H13: {=IFERROR(INDEX(Data!$P$2:$P$5000,$J13),"")} -> 0 | J13: {=IFERROR(MATCH(_xlfn.AGGREGATE(14,6,(Data!$D$2:$D$5000-ROW(Data!$D$2:$D$5000)*0.0000001)/(--(Data!$AA$2:$AA$5000)),ROW()-1),(Data!$D$2:$D$5000-ROW(Data!$D$2:$D$5000)*0.0000001)/(--(Data!$AA$2:$AA$5000)),0),"")} -> 173
... A128: {=IFERROR(INDEX(Data!$A$2:$A$5000,$J128),IF(ROW()=2,"No data",""))} | B128: {=IFERROR(INDEX(Data!$B$2:$B$5000,$J128),"")} | C128: {=IFERROR(INDEX(Data!$C$2:$C$5000,$J128),"")} | D128: {=IFERROR(INDEX(Data!$D$2:$D$5000,$J128),"")} | E128: {=IFERROR(INDEX(Data!$H$2:$H$5000,$J128),"")} | F128: {=IFERROR(INDEX(Data!$J$2:$J$5000,$J128),"")} | G128: {=IFERROR(INDEX(Data!$N$2:$N$5000,$J128),"")} | H128: {=IFERROR(INDEX(Data!$P$2:$P$5000,$J128),"")} | J128: {=IFERROR(MATCH(_xlfn.AGGREGATE(14,6,(Data!$D$2:$D$5000-ROW(Data!$D$2:$D$5000)*0.0000001)/(--(Data!$AA$2:$AA$5000)),ROW()-1),(Data!$D$2:$D$5000-ROW(Data!$D$2:$D$5000)*0.0000001)/(--(Data!$AA$2:$AA$5000)),0),"")}

Sheet Savis
A1: =Data!A1 -> Kode_Brg | B1: =Data!B1 -> Nama_Brg | C1: =Data!C1 -> Kode_sat_Std | D1: =Data!D1 -> Saldo Akhir (Std) | E1: =Data!H1 -> Rata - Rata 3 Bulan | F1: =Data!J1 -> Buffer Day (3 Bulan) | G1: =Data!N1 -> Penjualan Tgl 1 sd 02 Sep 2026 | H1: =Data!P1 -> Buffer Day (Tgl 1 sd 02 Sep 2026) | J1: Helper: Data row# (auto)
A2: {=IFERROR(INDEX(Data!$A$2:$A$5000,$J2),IF(ROW()=2,"No data",""))} -> PAS0069 | B2: {=IFERROR(INDEX(Data!$B$2:$B$5000,$J2),"")} -> Arass English Breakfast Tea 100 Tb | C2: {=IFERROR(INDEX(Data!$C$2:$C$5000,$J2),"")} -> BOX | D2: {=IFERROR(INDEX(Data!$D$2:$D$5000,$J2),"")} -> 47 | E2: {=IFERROR(INDEX(Data!$H$2:$H$5000,$J2),"")} -> 48.6666 | F2: {=IFERROR(INDEX(Data!$J$2:$J$5000,$J2),"")} -> 28.9729 | G2: {=IFERROR(INDEX(Data!$N$2:$N$5000,$J2),"")} -> 7 | H2: {=IFERROR(INDEX(Data!$P$2:$P$5000,$J2),"")} -> 13.4285 | J2: {=IFERROR(MATCH(_xlfn.AGGREGATE(14,6,(Data!$D$2:$D$5000-ROW(Data!$D$2:$D$5000)*0.0000001)/(--(Data!$AB$2:$AB$5000)),ROW()-1),(Data!$D$2:$D$5000-ROW(Data!$D$2:$D$5000)*0.0000001)/(--(Data!$AB$2:$AB$5000)),0),"")} -> 320
A3: {=IFERROR(INDEX(Data!$A$2:$A$5000,$J3),IF(ROW()=2,"No data",""))} -> PAS0068 | B3: {=IFERROR(INDEX(Data!$B$2:$B$5000,$J3),"")} -> Arass Green Tea 100 Tb | C3: {=IFERROR(INDEX(Data!$C$2:$C$5000,$J3),"")} -> BOX | D3: {=IFERROR(INDEX(Data!$D$2:$D$5000,$J3),"")} -> 46 | E3: {=IFERROR(INDEX(Data!$H$2:$H$5000,$J3),"")} -> 38.3333 | F3: {=IFERROR(INDEX(Data!$J$2:$J$5000,$J3),"")} -> 36.0021 | G3: {=IFERROR(INDEX(Data!$N$2:$N$5000,$J3),"")} -> 3 | H3: {=IFERROR(INDEX(Data!$P$2:$P$5000,$J3),"")} -> 30.6666 | J3: {=IFERROR(MATCH(_xlfn.AGGREGATE(14,6,(Data!$D$2:$D$5000-ROW(Data!$D$2:$D$5000)*0.0000001)/(--(Data!$AB$2:$AB$5000)),ROW()-1),(Data!$D$2:$D$5000-ROW(Data!$D$2:$D$5000)*0.0000001)/(--(Data!$AB$2:$AB$5000)),0),"")} -> 319
A4: {=IFERROR(INDEX(Data!$A$2:$A$5000,$J4),IF(ROW()=2,"No data",""))} -> PAS0047 | B4: {=IFERROR(INDEX(Data!$B$2:$B$5000,$J4),"")} -> Savis Pure Bunga Telang 200 Gr | C4: {=IFERROR(INDEX(Data!$C$2:$C$5000,$J4),"")} -> POU | D4: {=IFERROR(INDEX(Data!$D$2:$D$5000,$J4),"")} -> 21 | E4: {=IFERROR(INDEX(Data!$H$2:$H$5000,$J4),"")} -> 17.6666 | F4: {=IFERROR(INDEX(Data!$J$2:$J$5000,$J4),"")} -> 35.6657 | G4: {=IFERROR(INDEX(Data!$N$2:$N$5000,$J4),"")} -> 0 | H4: {=IFERROR(INDEX(Data!$P$2:$P$5000,$J4),"")} -> 0 | J4: {=IFERROR(MATCH(_xlfn.AGGREGATE(14,6,(Data!$D$2:$D$5000-ROW(Data!$D$2:$D$5000)*0.0000001)/(--(Data!$AB$2:$AB$5000)),ROW()-1),(Data!$D$2:$D$5000-ROW(Data!$D$2:$D$5000)*0.0000001)/(--(Data!$AB$2:$AB$5000)),0),"")} -> 299
A5: {=IFERROR(INDEX(Data!$A$2:$A$5000,$J5),IF(ROW()=2,"No data",""))} -> PAS0007 | B5: {=IFERROR(INDEX(Data!$B$2:$B$5000,$J5),"")} -> Savis Green Tea 250Gr/Pack | C5: {=IFERROR(INDEX(Data!$C$2:$C$5000,$J5),"")} -> PACK | D5: {=IFERROR(INDEX(Data!$D$2:$D$5000,$J5),"")} -> 17 | E5: {=IFERROR(INDEX(Data!$H$2:$H$5000,$J5),"")} -> 22.3333 | F5: {=IFERROR(INDEX(Data!$J$2:$J$5000,$J5),"")} -> 22.8371 | G5: {=IFERROR(INDEX(Data!$N$2:$N$5000,$J5),"")} -> 2 | H5: {=IFERROR(INDEX(Data!$P$2:$P$5000,$J5),"")} -> 17 | J5: {=IFERROR(MATCH(_xlfn.AGGREGATE(14,6,(Data!$D$2:$D$5000-ROW(Data!$D$2:$D$5000)*0.0000001)/(--(Data!$AB$2:$AB$5000)),ROW()-1),(Data!$D$2:$D$5000-ROW(Data!$D$2:$D$5000)*0.0000001)/(--(Data!$AB$2:$AB$5000)),0),"")} -> 264
A6: {=IFERROR(INDEX(Data!$A$2:$A$5000,$J6),IF(ROW()=2,"No data",""))} -> PAS0067 | B6: {=IFERROR(INDEX(Data!$B$2:$B$5000,$J6),"")} -> Savis Bunaken Blue Tea 50 Gr | C6: {=IFERROR(INDEX(Data!$C$2:$C$5000,$J6),"")} -> CAN | D6: {=IFERROR(INDEX(Data!$D$2:$D$5000,$J6),"")} -> 12 | E6: {=IFERROR(INDEX(Data!$H$2:$H$5000,$J6),"")} -> 0 | F6: {=IFERROR(INDEX(Data!$J$2:$J$5000,$J6),"")} -> 0 | G6: {=IFERROR(INDEX(Data!$N$2:$N$5000,$J6),"")} -> 0 | H6: {=IFERROR(INDEX(Data!$P$2:$P$5000,$J6),"")} -> 0 | J6: {=IFERROR(MATCH(_xlfn.AGGREGATE(14,6,(Data!$D$2:$D$5000-ROW(Data!$D$2:$D$5000)*0.0000001)/(--(Data!$AB$2:$AB$5000)),ROW()-1),(Data!$D$2:$D$5000-ROW(Data!$D$2:$D$5000)*0.0000001)/(--(Data!$AB$2:$AB$5000)),0),"")} -> 318
A7: {=IFERROR(INDEX(Data!$A$2:$A$5000,$J7),IF(ROW()=2,"No data",""))} -> PAS0070 | B7: {=IFERROR(INDEX(Data!$B$2:$B$5000,$J7),"")} -> Arass Jasmine Tea 100 Tb | C7: {=IFERROR(INDEX(Data!$C$2:$C$5000,$J7),"")} -> BOX | D7: {=IFERROR(INDEX(Data!$D$2:$D$5000,$J7),"")} -> 11 | E7: {=IFERROR(INDEX(Data!$H$2:$H$5000,$J7),"")} -> 5.3333 | F7: {=IFERROR(INDEX(Data!$J$2:$J$5000,$J7),"")} -> 61.902 | G7: {=IFERROR(INDEX(Data!$N$2:$N$5000,$J7),"")} -> 0 | H7: {=IFERROR(INDEX(Data!$P$2:$P$5000,$J7),"")} -> 0 | J7: {=IFERROR(MATCH(_xlfn.AGGREGATE(14,6,(Data!$D$2:$D$5000-ROW(Data!$D$2:$D$5000)*0.0000001)/(--(Data!$AB$2:$AB$5000)),ROW()-1),(Data!$D$2:$D$5000-ROW(Data!$D$2:$D$5000)*0.0000001)/(--(Data!$AB$2:$AB$5000)),0),"")} -> 321
A8: {=IFERROR(INDEX(Data!$A$2:$A$5000,$J8),IF(ROW()=2,"No data",""))} -> PAS0052 | B8: {=IFERROR(INDEX(Data!$B$2:$B$5000,$J8),"")} -> Savis English Breakfast Jumbo Bag (25x18Gr) | C8: {=IFERROR(INDEX(Data!$C$2:$C$5000,$J8),"")} -> PACK | D8: {=IFERROR(INDEX(Data!$D$2:$D$5000,$J8),"")} -> 9 | E8: {=IFERROR(INDEX(Data!$H$2:$H$5000,$J8),"")} -> 0 | F8: {=IFERROR(INDEX(Data!$J$2:$J$5000,$J8),"")} -> 0 | G8: {=IFERROR(INDEX(Data!$N$2:$N$5000,$J8),"")} -> 0 | H8: {=IFERROR(INDEX(Data!$P$2:$P$5000,$J8),"")} -> 0 | J8: {=IFERROR(MATCH(_xlfn.AGGREGATE(14,6,(Data!$D$2:$D$5000-ROW(Data!$D$2:$D$5000)*0.0000001)/(--(Data!$AB$2:$AB$5000)),ROW()-1),(Data!$D$2:$D$5000-ROW(Data!$D$2:$D$5000)*0.0000001)/(--(Data!$AB$2:$AB$5000)),0),"")} -> 304
A9: {=IFERROR(INDEX(Data!$A$2:$A$5000,$J9),IF(ROW()=2,"No data",""))} -> PAS0005 | B9: {=IFERROR(INDEX(Data!$B$2:$B$5000,$J9),"")} -> Savis Sekar Kedathon @15PB/Can | C9: {=IFERROR(INDEX(Data!$C$2:$C$5000,$J9),"")} -> CAN | D9: {=IFERROR(INDEX(Data!$D$2:$D$5000,$J9),"")} -> 8 | E9: {=IFERROR(INDEX(Data!$H$2:$H$5000,$J9),"")} -> 0 | F9: {=IFERROR(INDEX(Data!$J$2:$J$5000,$J9),"")} -> 0 | G9: {=IFERROR(INDEX(Data!$N$2:$N$5000,$J9),"")} -> 0 | H9: {=IFERROR(INDEX(Data!$P$2:$P$5000,$J9),"")} -> 0 | J9: {=IFERROR(MATCH(_xlfn.AGGREGATE(14,6,(Data!$D$2:$D$5000-ROW(Data!$D$2:$D$5000)*0.0000001)/(--(Data!$AB$2:$AB$5000)),ROW()-1),(Data!$D$2:$D$5000-ROW(Data!$D$2:$D$5000)*0.0000001)/(--(Data!$AB$2:$AB$5000)),0),"")} -> 262
A10: {=IFERROR(INDEX(Data!$A$2:$A$5000,$J10),IF(ROW()=2,"No data",""))} -> PAS0006 | B10: {=IFERROR(INDEX(Data!$B$2:$B$5000,$J10),"")} -> Savis Lemongrass Green Tea @15PB/Can | C10: {=IFERROR(INDEX(Data!$C$2:$C$5000,$J10),"")} -> CAN | D10: {=IFERROR(INDEX(Data!$D$2:$D$5000,$J10),"")} -> 6 | E10: {=IFERROR(INDEX(Data!$H$2:$H$5000,$J10),"")} -> 0 | F10: {=IFERROR(INDEX(Data!$J$2:$J$5000,$J10),"")} -> 0 | G10: {=IFERROR(INDEX(Data!$N$2:$N$5000,$J10),"")} -> 0 | H10: {=IFERROR(INDEX(Data!$P$2:$P$5000,$J10),"")} -> 0 | J10: {=IFERROR(MATCH(_xlfn.AGGREGATE(14,6,(Data!$D$2:$D$5000-ROW(Data!$D$2:$D$5000)*0.0000001)/(--(Data!$AB$2:$AB$5000)),ROW()-1),(Data!$D$2:$D$5000-ROW(Data!$D$2:$D$5000)*0.0000001)/(--(Data!$AB$2:$AB$5000)),0),"")} -> 263
A11: {=IFERROR(INDEX(Data!$A$2:$A$5000,$J11),IF(ROW()=2,"No data",""))} -> PAS0008 | B11: {=IFERROR(INDEX(Data!$B$2:$B$5000,$J11),"")} -> LEMONGRASS GINGER @250 GR | C11: {=IFERROR(INDEX(Data!$C$2:$C$5000,$J11),"")} -> POU | D11: {=IFERROR(INDEX(Data!$D$2:$D$5000,$J11),"")} -> 6 | E11: {=IFERROR(INDEX(Data!$H$2:$H$5000,$J11),"")} -> 14.6666 | F11: {=IFERROR(INDEX(Data!$J$2:$J$5000,$J11),"")} -> 12.2749 | G11: {=IFERROR(INDEX(Data!$N$2:$N$5000,$J11),"")} -> 0 | H11: {=IFERROR(INDEX(Data!$P$2:$P$5000,$J11),"")} -> 0 | J11: {=IFERROR(MATCH(_xlfn.AGGREGATE(14,6,(Data!$D$2:$D$5000-ROW(Data!$D$2:$D$5000)*0.0000001)/(--(Data!$AB$2:$AB$5000)),ROW()-1),(Data!$D$2:$D$5000-ROW(Data!$D$2:$D$5000)*0.0000001)/(--(Data!$AB$2:$AB$5000)),0),"")} -> 265
A12: {=IFERROR(INDEX(Data!$A$2:$A$5000,$J12),IF(ROW()=2,"No data",""))} -> PAS0062 | B12: {=IFERROR(INDEX(Data!$B$2:$B$5000,$J12),"")} -> Savis Cold Infusions Energizing 50Pbx4g | C12: {=IFERROR(INDEX(Data!$C$2:$C$5000,$J12),"")} -> BOX | D12: {=IFERROR(INDEX(Data!$D$2:$D$5000,$J12),"")} -> 3 | E12: {=IFERROR(INDEX(Data!$H$2:$H$5000,$J12),"")} -> 1.5 | F12: {=IFERROR(INDEX(Data!$J$2:$J$5000,$J12),"")} -> 60 | G12: {=IFERROR(INDEX(Data!$N$2:$N$5000,$J12),"")} -> 0 | H12: {=IFERROR(INDEX(Data!$P$2:$P$5000,$J12),"")} -> 0 | J12: {=IFERROR(MATCH(_xlfn.AGGREGATE(14,6,(Data!$D$2:$D$5000-ROW(Data!$D$2:$D$5000)*0.0000001)/(--(Data!$AB$2:$AB$5000)),ROW()-1),(Data!$D$2:$D$5000-ROW(Data!$D$2:$D$5000)*0.0000001)/(--(Data!$AB$2:$AB$5000)),0),"")} -> 313
A13: {=IFERROR(INDEX(Data!$A$2:$A$5000,$J13),IF(ROW()=2,"No data",""))} -> PAS0012 | B13: {=IFERROR(INDEX(Data!$B$2:$B$5000,$J13),"")} -> Savis Organic Olong @250 GR | C13: {=IFERROR(INDEX(Data!$C$2:$C$5000,$J13),"")} -> PACK | D13: {=IFERROR(INDEX(Data!$D$2:$D$5000,$J13),"")} -> 2 | E13: {=IFERROR(INDEX(Data!$H$2:$H$5000,$J13),"")} -> 1.6666 | F13: {=IFERROR(INDEX(Data!$J$2:$J$5000,$J13),"")} -> 36.036 | G13: {=IFERROR(INDEX(Data!$N$2:$N$5000,$J13),"")} -> 1 | H13: {=IFERROR(INDEX(Data!$P$2:$P$5000,$J13),"")} -> 4 | J13: {=IFERROR(MATCH(_xlfn.AGGREGATE(14,6,(Data!$D$2:$D$5000-ROW(Data!$D$2:$D$5000)*0.0000001)/(--(Data!$AB$2:$AB$5000)),ROW()-1),(Data!$D$2:$D$5000-ROW(Data!$D$2:$D$5000)*0.0000001)/(--(Data!$AB$2:$AB$5000)),0),"")} -> 269
... A35: {=IFERROR(INDEX(Data!$A$2:$A$5000,$J35),IF(ROW()=2,"No data",""))} | B35: {=IFERROR(INDEX(Data!$B$2:$B$5000,$J35),"")} | C35: {=IFERROR(INDEX(Data!$C$2:$C$5000,$J35),"")} | D35: {=IFERROR(INDEX(Data!$D$2:$D$5000,$J35),"")} | E35: {=IFERROR(INDEX(Data!$H$2:$H$5000,$J35),"")} | F35: {=IFERROR(INDEX(Data!$J$2:$J$5000,$J35),"")} | G35: {=IFERROR(INDEX(Data!$N$2:$N$5000,$J35),"")} | H35: {=IFERROR(INDEX(Data!$P$2:$P$5000,$J35),"")} | J35: {=IFERROR(MATCH(_xlfn.AGGREGATE(14,6,(Data!$D$2:$D$5000-ROW(Data!$D$2:$D$5000)*0.0000001)/(--(Data!$AB$2:$AB$5000)),ROW()-1),(Data!$D$2:$D$5000-ROW(Data!$D$2:$D$5000)*0.0000001)/(--(Data!$AB$2:$AB$5000)),0),"")}

Sheet Stok Kosong
A1: =Data!A1 -> Kode_Brg | B1: =Data!B1 -> Nama_Brg | C1: =Data!C1 -> Kode_sat_Std | D1: =Data!D1 -> Saldo Akhir (Std) | E1: =Data!E1 -> Penjualan 3 Bulan (June 2026) | F1: =Data!F1 -> Penjualan 3 Bulan (July 2026) | G1: =Data!G1 -> Penjualan 3 Bulan (August 2026) | H1: =Data!H1 -> Rata - Rata 3 Bulan | I1: =Data!J1 -> Buffer Day (3 Bulan) | J1: =Data!N1 -> Penjualan Tgl 1 sd 02 Sep 2026 | K1: =Data!P1 -> Buffer Day (Tgl 1 sd 02 Sep 2026) | M1: Helper: Data row# (auto)
A2: {=IFERROR(INDEX(Data!$A$2:$A$5000,$M2),IF(ROW()=2,"No data",""))} -> ASS-PE-TC30 | B2: {=IFERROR(INDEX(Data!$B$2:$B$5000,$M2),"")} -> Pappermint@30g/Tincan | C2: {=IFERROR(INDEX(Data!$C$2:$C$5000,$M2),"")} -> TIN | D2: {=IFERROR(INDEX(Data!$D$2:$D$5000,$M2),"")} -> 0 | E2: {=IFERROR(INDEX(Data!$E$2:$E$5000,$M2),"")} -> 0 | F2: {=IFERROR(INDEX(Data!$F$2:$F$5000,$M2),"")} -> 0 | G2: {=IFERROR(INDEX(Data!$G$2:$G$5000,$M2),"")} -> 0 | H2: {=IFERROR(INDEX(Data!$H$2:$H$5000,$M2),"")} -> 0 | I2: {=IFERROR(INDEX(Data!$J$2:$J$5000,$M2),"")} -> 0 | J2: {=IFERROR(INDEX(Data!$N$2:$N$5000,$M2),"")} -> 0 | K2: {=IFERROR(INDEX(Data!$P$2:$P$5000,$M2),"")} -> 0 | M2: {=IFERROR(MATCH(_xlfn.AGGREGATE(14,6,(Data!$D$2:$D$5000-ROW(Data!$D$2:$D$5000)*0.0000001)/(--(Data!$AC$2:$AC$5000)),ROW()-1),(Data!$D$2:$D$5000-ROW(Data!$D$2:$D$5000)*0.0000001)/(--(Data!$AC$2:$AC$5000)),0),"")} -> 1
A3: {=IFERROR(INDEX(Data!$A$2:$A$5000,$M3),IF(ROW()=2,"No data",""))} -> 010244 | B3: {=IFERROR(INDEX(Data!$B$2:$B$5000,$M3),"")} -> Beer Hoegaarden White 330ML | C3: {=IFERROR(INDEX(Data!$C$2:$C$5000,$M3),"")} -> BTL | D3: {=IFERROR(INDEX(Data!$D$2:$D$5000,$M3),"")} -> 0 | E3: {=IFERROR(INDEX(Data!$E$2:$E$5000,$M3),"")} -> 0 | F3: {=IFERROR(INDEX(Data!$F$2:$F$5000,$M3),"")} -> 0 | G3: {=IFERROR(INDEX(Data!$G$2:$G$5000,$M3),"")} -> 0 | H3: {=IFERROR(INDEX(Data!$H$2:$H$5000,$M3),"")} -> 0 | I3: {=IFERROR(INDEX(Data!$J$2:$J$5000,$M3),"")} -> 0 | J3: {=IFERROR(INDEX(Data!$N$2:$N$5000,$M3),"")} -> 0 | K3: {=IFERROR(INDEX(Data!$P$2:$P$5000,$M3),"")} -> 0 | M3: {=IFERROR(MATCH(_xlfn.AGGREGATE(14,6,(Data!$D$2:$D$5000-ROW(Data!$D$2:$D$5000)*0.0000001)/(--(Data!$AC$2:$AC$5000)),ROW()-1),(Data!$D$2:$D$5000-ROW(Data!$D$2:$D$5000)*0.0000001)/(--(Data!$AC$2:$AC$5000)),0),"")} -> 2
A4: {=IFERROR(INDEX(Data!$A$2:$A$5000,$M4),IF(ROW()=2,"No data",""))} -> 010245 | B4: {=IFERROR(INDEX(Data!$B$2:$B$5000,$M4),"")} -> Beer Hoegaarden Rosee 248ML | C4: {=IFERROR(INDEX(Data!$C$2:$C$5000,$M4),"")} -> BTL | D4: {=IFERROR(INDEX(Data!$D$2:$D$5000,$M4),"")} -> 0 | E4: {=IFERROR(INDEX(Data!$E$2:$E$5000,$M4),"")} -> 0 | F4: {=IFERROR(INDEX(Data!$F$2:$F$5000,$M4),"")} -> 0 | G4: {=IFERROR(INDEX(Data!$G$2:$G$5000,$M4),"")} -> 0 | H4: {=IFERROR(INDEX(Data!$H$2:$H$5000,$M4),"")} -> 0 | I4: {=IFERROR(INDEX(Data!$J$2:$J$5000,$M4),"")} -> 0 | J4: {=IFERROR(INDEX(Data!$N$2:$N$5000,$M4),"")} -> 0 | K4: {=IFERROR(INDEX(Data!$P$2:$P$5000,$M4),"")} -> 0 | M4: {=IFERROR(MATCH(_xlfn.AGGREGATE(14,6,(Data!$D$2:$D$5000-ROW(Data!$D$2:$D$5000)*0.0000001)/(--(Data!$AC$2:$AC$5000)),ROW()-1),(Data!$D$2:$D$5000-ROW(Data!$D$2:$D$5000)*0.0000001)/(--(Data!$AC$2:$AC$5000)),0),"")} -> 3
A5: {=IFERROR(INDEX(Data!$A$2:$A$5000,$M5),IF(ROW()=2,"No data",""))} -> 10071179043386 | B5: {=IFERROR(INDEX(Data!$B$2:$B$5000,$M5),"")} -> Simplot Conquest Delivery+ 3/8 Straight Cut (13.61/Box) | C5: {=IFERROR(INDEX(Data!$C$2:$C$5000,$M5),"")} -> KTN | D5: {=IFERROR(INDEX(Data!$D$2:$D$5000,$M5),"")} -> 0 | E5: {=IFERROR(INDEX(Data!$E$2:$E$5000,$M5),"")} -> 0 | F5: {=IFERROR(INDEX(Data!$F$2:$F$5000,$M5),"")} -> 0 | G5: {=IFERROR(INDEX(Data!$G$2:$G$5000,$M5),"")} -> 0 | H5: {=IFERROR(INDEX(Data!$H$2:$H$5000,$M5),"")} -> 0 | I5: {=IFERROR(INDEX(Data!$J$2:$J$5000,$M5),"")} -> 0 | J5: {=IFERROR(INDEX(Data!$N$2:$N$5000,$M5),"")} -> 0 | K5: {=IFERROR(INDEX(Data!$P$2:$P$5000,$M5),"")} -> 0 | M5: {=IFERROR(MATCH(_xlfn.AGGREGATE(14,6,(Data!$D$2:$D$5000-ROW(Data!$D$2:$D$5000)*0.0000001)/(--(Data!$AC$2:$AC$5000)),ROW()-1),(Data!$D$2:$D$5000-ROW(Data!$D$2:$D$5000)*0.0000001)/(--(Data!$AC$2:$AC$5000)),0),"")} -> 4
A6: {=IFERROR(INDEX(Data!$A$2:$A$5000,$M6),IF(ROW()=2,"No data",""))} -> 230107 | B6: {=IFERROR(INDEX(Data!$B$2:$B$5000,$M6),"")} -> Davinci Caramel Sauce 2L | C6: {=IFERROR(INDEX(Data!$C$2:$C$5000,$M6),"")} -> BTL | D6: {=IFERROR(INDEX(Data!$D$2:$D$5000,$M6),"")} -> 0 | E6: {=IFERROR(INDEX(Data!$E$2:$E$5000,$M6),"")} -> 0 | F6: {=IFERROR(INDEX(Data!$F$2:$F$5000,$M6),"")} -> 0 | G6: {=IFERROR(INDEX(Data!$G$2:$G$5000,$M6),"")} -> 0 | H6: {=IFERROR(INDEX(Data!$H$2:$H$5000,$M6),"")} -> 0 | I6: {=IFERROR(INDEX(Data!$J$2:$J$5000,$M6),"")} -> 0 | J6: {=IFERROR(INDEX(Data!$N$2:$N$5000,$M6),"")} -> 0 | K6: {=IFERROR(INDEX(Data!$P$2:$P$5000,$M6),"")} -> 0 | M6: {=IFERROR(MATCH(_xlfn.AGGREGATE(14,6,(Data!$D$2:$D$5000-ROW(Data!$D$2:$D$5000)*0.0000001)/(--(Data!$AC$2:$AC$5000)),ROW()-1),(Data!$D$2:$D$5000-ROW(Data!$D$2:$D$5000)*0.0000001)/(--(Data!$AC$2:$AC$5000)),0),"")} -> 8
A7: {=IFERROR(INDEX(Data!$A$2:$A$5000,$M7),IF(ROW()=2,"No data",""))} -> 300271 | B7: {=IFERROR(INDEX(Data!$B$2:$B$5000,$M7),"")} -> Hengstenberg Raspberry Vinegar 500ml/Btl | C7: {=IFERROR(INDEX(Data!$C$2:$C$5000,$M7),"")} -> BTL | D7: {=IFERROR(INDEX(Data!$D$2:$D$5000,$M7),"")} -> 0 | E7: {=IFERROR(INDEX(Data!$E$2:$E$5000,$M7),"")} -> 0 | F7: {=IFERROR(INDEX(Data!$F$2:$F$5000,$M7),"")} -> 0 | G7: {=IFERROR(INDEX(Data!$G$2:$G$5000,$M7),"")} -> 0 | H7: {=IFERROR(INDEX(Data!$H$2:$H$5000,$M7),"")} -> 0 | I7: {=IFERROR(INDEX(Data!$J$2:$J$5000,$M7),"")} -> 0 | J7: {=IFERROR(INDEX(Data!$N$2:$N$5000,$M7),"")} -> 0 | K7: {=IFERROR(INDEX(Data!$P$2:$P$5000,$M7),"")} -> 0 | M7: {=IFERROR(MATCH(_xlfn.AGGREGATE(14,6,(Data!$D$2:$D$5000-ROW(Data!$D$2:$D$5000)*0.0000001)/(--(Data!$AC$2:$AC$5000)),ROW()-1),(Data!$D$2:$D$5000-ROW(Data!$D$2:$D$5000)*0.0000001)/(--(Data!$AC$2:$AC$5000)),0),"")} -> 9
A8: {=IFERROR(INDEX(Data!$A$2:$A$5000,$M8),IF(ROW()=2,"No data",""))} -> AS-CH-TB50-G | B8: {=IFERROR(INDEX(Data!$B$2:$B$5000,$M8),"")} -> Chamomile Dream @50Tb/Box - Grand Hyatt | C8: {=IFERROR(INDEX(Data!$C$2:$C$5000,$M8),"")} -> BOX | D8: {=IFERROR(INDEX(Data!$D$2:$D$5000,$M8),"")} -> 0 | E8: {=IFERROR(INDEX(Data!$E$2:$E$5000,$M8),"")} -> 0 | F8: {=IFERROR(INDEX(Data!$F$2:$F$5000,$M8),"")} -> 0 | G8: {=IFERROR(INDEX(Data!$G$2:$G$5000,$M8),"")} -> 0 | H8: {=IFERROR(INDEX(Data!$H$2:$H$5000,$M8),"")} -> 0 | I8: {=IFERROR(INDEX(Data!$J$2:$J$5000,$M8),"")} -> 0 | J8: {=IFERROR(INDEX(Data!$N$2:$N$5000,$M8),"")} -> 0 | K8: {=IFERROR(INDEX(Data!$P$2:$P$5000,$M8),"")} -> 0 | M8: {=IFERROR(MATCH(_xlfn.AGGREGATE(14,6,(Data!$D$2:$D$5000-ROW(Data!$D$2:$D$5000)*0.0000001)/(--(Data!$AC$2:$AC$5000)),ROW()-1),(Data!$D$2:$D$5000-ROW(Data!$D$2:$D$5000)*0.0000001)/(--(Data!$AC$2:$AC$5000)),0),"")} -> 10
A9: {=IFERROR(INDEX(Data!$A$2:$A$5000,$M9),IF(ROW()=2,"No data",""))} -> ASS-001 | B9: {=IFERROR(INDEX(Data!$B$2:$B$5000,$M9),"")} -> SAVIS TEA BREWER | C9: {=IFERROR(INDEX(Data!$C$2:$C$5000,$M9),"")} -> PCS | D9: {=IFERROR(INDEX(Data!$D$2:$D$5000,$M9),"")} -> 0 | E9: {=IFERROR(INDEX(Data!$E$2:$E$5000,$M9),"")} -> 0 | F9: {=IFERROR(INDEX(Data!$F$2:$F$5000,$M9),"")} -> 0 | G9: {=IFERROR(INDEX(Data!$G$2:$G$5000,$M9),"")} -> 0 | H9: {=IFERROR(INDEX(Data!$H$2:$H$5000,$M9),"")} -> 0 | I9: {=IFERROR(INDEX(Data!$J$2:$J$5000,$M9),"")} -> 0 | J9: {=IFERROR(INDEX(Data!$N$2:$N$5000,$M9),"")} -> 0 | K9: {=IFERROR(INDEX(Data!$P$2:$P$5000,$M9),"")} -> 0 | M9: {=IFERROR(MATCH(_xlfn.AGGREGATE(14,6,(Data!$D$2:$D$5000-ROW(Data!$D$2:$D$5000)*0.0000001)/(--(Data!$AC$2:$AC$5000)),ROW()-1),(Data!$D$2:$D$5000-ROW(Data!$D$2:$D$5000)*0.0000001)/(--(Data!$AC$2:$AC$5000)),0),"")} -> 11
A10: {=IFERROR(INDEX(Data!$A$2:$A$5000,$M10),IF(ROW()=2,"No data",""))} -> ASS-B-ORTC40 | B10: {=IFERROR(INDEX(Data!$B$2:$B$5000,$M10),"")} -> Halimun Red (Organic)@50g/Tincan | C10: {=IFERROR(INDEX(Data!$C$2:$C$5000,$M10),"")} -> TIN | D10: {=IFERROR(INDEX(Data!$D$2:$D$5000,$M10),"")} -> 0 | E10: {=IFERROR(INDEX(Data!$E$2:$E$5000,$M10),"")} -> 0 | F10: {=IFERROR(INDEX(Data!$F$2:$F$5000,$M10),"")} -> 0 | G10: {=IFERROR(INDEX(Data!$G$2:$G$5000,$M10),"")} -> 0 | H10: {=IFERROR(INDEX(Data!$H$2:$H$5000,$M10),"")} -> 0 | I10: {=IFERROR(INDEX(Data!$J$2:$J$5000,$M10),"")} -> 0 | J10: {=IFERROR(INDEX(Data!$N$2:$N$5000,$M10),"")} -> 0 | K10: {=IFERROR(INDEX(Data!$P$2:$P$5000,$M10),"")} -> 0 | M10: {=IFERROR(MATCH(_xlfn.AGGREGATE(14,6,(Data!$D$2:$D$5000-ROW(Data!$D$2:$D$5000)*0.0000001)/(--(Data!$AC$2:$AC$5000)),ROW()-1),(Data!$D$2:$D$5000-ROW(Data!$D$2:$D$5000)*0.0000001)/(--(Data!$AC$2:$AC$5000)),0),"")} -> 12
A11: {=IFERROR(INDEX(Data!$A$2:$A$5000,$M11),IF(ROW()=2,"No data",""))} -> ASS-BC-B10 | B11: {=IFERROR(INDEX(Data!$B$2:$B$5000,$M11),"")} -> Blackcurrant Tea @10TB/Box | C11: {=IFERROR(INDEX(Data!$C$2:$C$5000,$M11),"")} -> BOX | D11: {=IFERROR(INDEX(Data!$D$2:$D$5000,$M11),"")} -> 0 | E11: {=IFERROR(INDEX(Data!$E$2:$E$5000,$M11),"")} -> 0 | F11: {=IFERROR(INDEX(Data!$F$2:$F$5000,$M11),"")} -> 0 | G11: {=IFERROR(INDEX(Data!$G$2:$G$5000,$M11),"")} -> 0 | H11: {=IFERROR(INDEX(Data!$H$2:$H$5000,$M11),"")} -> 0 | I11: {=IFERROR(INDEX(Data!$J$2:$J$5000,$M11),"")} -> 0 | J11: {=IFERROR(INDEX(Data!$N$2:$N$5000,$M11),"")} -> 0 | K11: {=IFERROR(INDEX(Data!$P$2:$P$5000,$M11),"")} -> 0 | M11: {=IFERROR(MATCH(_xlfn.AGGREGATE(14,6,(Data!$D$2:$D$5000-ROW(Data!$D$2:$D$5000)*0.0000001)/(--(Data!$AC$2:$AC$5000)),ROW()-1),(Data!$D$2:$D$5000-ROW(Data!$D$2:$D$5000)*0.0000001)/(--(Data!$AC$2:$AC$5000)),0),"")} -> 13
A12: {=IFERROR(INDEX(Data!$A$2:$A$5000,$M12),IF(ROW()=2,"No data",""))} -> ASS-BG-LP250 | B12: {=IFERROR(INDEX(Data!$B$2:$B$5000,$M12),"")} -> Ginger Blue Telang Tea @250gr/Pouch | C12: {=IFERROR(INDEX(Data!$C$2:$C$5000,$M12),"")} -> POU | D12: {=IFERROR(INDEX(Data!$D$2:$D$5000,$M12),"")} -> 0 | E12: {=IFERROR(INDEX(Data!$E$2:$E$5000,$M12),"")} -> 0 | F12: {=IFERROR(INDEX(Data!$F$2:$F$5000,$M12),"")} -> 0 | G12: {=IFERROR(INDEX(Data!$G$2:$G$5000,$M12),"")} -> 0 | H12: {=IFERROR(INDEX(Data!$H$2:$H$5000,$M12),"")} -> 0 | I12: {=IFERROR(INDEX(Data!$J$2:$J$5000,$M12),"")} -> 0 | J12: {=IFERROR(INDEX(Data!$N$2:$N$5000,$M12),"")} -> 0 | K12: {=IFERROR(INDEX(Data!$P$2:$P$5000,$M12),"")} -> 0 | M12: {=IFERROR(MATCH(_xlfn.AGGREGATE(14,6,(Data!$D$2:$D$5000-ROW(Data!$D$2:$D$5000)*0.0000001)/(--(Data!$AC$2:$AC$5000)),ROW()-1),(Data!$D$2:$D$5000-ROW(Data!$D$2:$D$5000)*0.0000001)/(--(Data!$AC$2:$AC$5000)),0),"")} -> 15
A13: {=IFERROR(INDEX(Data!$A$2:$A$5000,$M13),IF(ROW()=2,"No data",""))} -> ASS-BO-LP250 | B13: {=IFERROR(INDEX(Data!$B$2:$B$5000,$M13),"")} -> Halimun Red (Organic)@250gr | C13: {=IFERROR(INDEX(Data!$C$2:$C$5000,$M13),"")} -> PACK | D13: {=IFERROR(INDEX(Data!$D$2:$D$5000,$M13),"")} -> 0 | E13: {=IFERROR(INDEX(Data!$E$2:$E$5000,$M13),"")} -> 0 | F13: {=IFERROR(INDEX(Data!$F$2:$F$5000,$M13),"")} -> 0 | G13: {=IFERROR(INDEX(Data!$G$2:$G$5000,$M13),"")} -> 0 | H13: {=IFERROR(INDEX(Data!$H$2:$H$5000,$M13),"")} -> 0 | I13: {=IFERROR(INDEX(Data!$J$2:$J$5000,$M13),"")} -> 0 | J13: {=IFERROR(INDEX(Data!$N$2:$N$5000,$M13),"")} -> 0 | K13: {=IFERROR(INDEX(Data!$P$2:$P$5000,$M13),"")} -> 0 | M13: {=IFERROR(MATCH(_xlfn.AGGREGATE(14,6,(Data!$D$2:$D$5000-ROW(Data!$D$2:$D$5000)*0.0000001)/(--(Data!$AC$2:$AC$5000)),ROW()-1),(Data!$D$2:$D$5000-ROW(Data!$D$2:$D$5000)*0.0000001)/(--(Data!$AC$2:$AC$5000)),0),"")} -> 16
... A683: {=IFERROR(INDEX(Data!$A$2:$A$5000,$M683),IF(ROW()=2,"No data",""))} | B683: {=IFERROR(INDEX(Data!$B$2:$B$5000,$M683),"")} | C683: {=IFERROR(INDEX(Data!$C$2:$C$5000,$M683),"")} | D683: {=IFERROR(INDEX(Data!$D$2:$D$5000,$M683),"")} | E683: {=IFERROR(INDEX(Data!$E$2:$E$5000,$M683),"")} | F683: {=IFERROR(INDEX(Data!$F$2:$F$5000,$M683),"")} | G683: {=IFERROR(INDEX(Data!$G$2:$G$5000,$M683),"")} | H683: {=IFERROR(INDEX(Data!$H$2:$H$5000,$M683),"")} | I683: {=IFERROR(INDEX(Data!$J$2:$J$5000,$M683),"")} | J683: {=IFERROR(INDEX(Data!$N$2:$N$5000,$M683),"")} | K683: {=IFERROR(INDEX(Data!$P$2:$P$5000,$M683),"")} | M683: {=IFERROR(MATCH(_xlfn.AGGREGATE(14,6,(Data!$D$2:$D$5000-ROW(Data!$D$2:$D$5000)*0.0000001)/(--(Data!$AC$2:$AC$5000)),ROW()-1),(Data!$D$2:$D$5000-ROW(Data!$D$2:$D$5000)*0.0000001)/(--(Data!$AC$2:$AC$5000)),0),"")}
